카테고리,단어,뜻,예문,해석,학습 상태
토익 950+ 목표,redundant,"[형용사] 불필요한, 중복의",The new automation system rendered the older machines redundant.,새로운 자동화 시스템으로 인해 이전 기계들은 불필요해졌다.,미학습
토익 950+ 목표,unprecedented,"[형용사] 전례 없는, 파격적인",The technology company enjoyed an unprecedented rise in its stock values.,그 기술 회사는 주식 가치에서 전례 없는 상승을 누렸다.,암기 완료
토익 950+ 목표,scrutinize,[동사] 정밀 조사하다,Auditors will scrutinize the quarterly financial reports for discrepancies.,감사관들은 불일치 사항이 있는지 분기별 재무 보고서를 정밀 조사할 것이다.,학습 중
토익 950+ 목표,inadvertently,"[부사] 무심코, 우연히",The confidential documents were inadvertently sent to the competitor.,기밀 문서들이 실수로 경쟁사에 전송되었다.,미학습
토익 950+ 목표,prerequisite,"[명사] 전제 조건, 필수 기초",Having five years of leadership experience is a prerequisite for this role.,5년의 리더십 경력을 갖추는 것이 이 직책의 필수 전제 조건이다.,미학습
토익 950+ 목표,discrepancy,"[명사] 불일치, 어긋남",We must resolve the discrepancy between the ledger and the bank record.,우리는 장부와 은행 기록 간의 불일치를 해결해야 한다.,학습 중
토익 950+ 목표,meticulously,"[부사] 꼼꼼하게, 세심하게",The laboratory equipment was meticulously sterilized before the experiment.,실험을 시작하기 전에 실험실 장비가 꼼꼼하게 소독되었다.,미학습
토익 950+ 목표,compromise,"[동사] 타협하다, 가치를 손상시키다",We cannot compromise the quality of our product for quick profits.,우리는 빠른 이익을 위해 제품의 품질을 타협(손상)시킬 수 없다.,미학습
토익 950+ 목표,stringent,"[형용사] 엄격한, 긴박한",The pharmaceutical firm must comply with stringent quality control guidelines.,제약 회사는 엄격한 품질 관리 지침을 준수해야 한다.,미학습
토익 950+ 목표,curtail,"[동사] 축소하다, 삭감하다",The university had to curtail its research budget due to the deficit.,대학은 적자로 인해 연구 예산을 축소해야만 했다.,암기 완료
초등 영어,umbrella,[명사] 우산,Don't forget to take your umbrella.,우산 가져가는 것을 잊지 마라.,미학습
초등 영어,curious,[형용사] 호기심이 많은,The little boy is curious about everything.,그 어린 소년은 모든 것에 호기심이 많다.,미학습
초등 영어,balloon,[명사] 풍선,He blew up a red balloon for the party.,그는 파티를 위해 빨간 풍선을 불었다.,미학습
초등 영어,classroom,[명사] 교실,The classroom was bright and clean.,교실은 밝고 깨끗했다.,미학습
초등 영어,library,[명사] 도서관,I borrowed some books from the library.,나는 도서관에서 책을 몇 권 빌렸다.,미학습
초등 영어,delicious,[형용사] 맛있는,This apple pie is absolutely delicious.,이 애플파이는 정말 맛있다.,미학습
초등 영어,neighbor,[명사] 이웃,Our neighbor is very friendly and kind.,우리 이웃은 매우 친절하고 상냥하다.,미학습
초등 영어,stomach,"[명사] 위, 배",I have a slight pain in my stomach.,배가 약간 아픕니다.,미학습
초등 영어,holiday,"[명사] 휴일, 명절",We are going on holiday next week.,우리는 다음 주에 휴가를 떠난다.,미학습
초등 영어,weather,[명사] 날씨,The weather is perfect for a picnic.,날씨가 소풍 가기에 완벽하다.,미학습
초등 영어,calendar,[명사] 달력,Write the appointment on your calendar.,달력에 약속을 기록해 두세요.,미학습
초등 영어,blanket,[명사] 담요,"It was cold, so I put another blanket on the bed.",날씨가 추워서 침대에 담요를 하나 더 깔았다.,미학습
초등 영어,journey,"[명사] 여정, 여행",They wished him a safe and pleasant journey.,그들은 그가 안전하고 즐거운 여행을 하기를 바랐다.,미학습
초등 영어,present,[명사] 선물,He gave his daughter a beautiful present.,그는 그의 딸에게 아름다운 선물을 주었다.,미학습
초등 영어,shadow,[명사] 그림자,"The sun was low, and our shadows were very long.",해가 낮게 떠서 우리의 그림자가 매우 길었다.,미학습
중고등 영어,improve,"[동사] 향상시키다, 개선하다",You need to practice constantly to improve your English.,영어를 향상시키려면 끊임없이 연습해야 한다.,미학습
중고등 영어,essential,"[형용사] 필수적인, 아주 중요한",Water is essential for all living things.,물은 모든 생명체에게 필수적이다.,미학습
중고등 영어,concentrate,[동사] 집중하다,Noise makes it difficult to concentrate on reading.,소음은 독서에 집중하는 것을 어렵게 만든다.,미학습
중고등 영어,influence,"[명사] 영향, [동사] 영향을 미치다",Peer pressure can influence teenagers greatly.,또래 압력은 10대들에게 큰 영향을 미칠 수 있다.,미학습
중고등 영어,opportunity,[명사] 기회,Studying abroad is a great opportunity to learn.,유학은 배울 수 있는 좋은 기회이다.,미학습
중고등 영어,challenge,"[명사] 도전, [동사] 도전하다",Learning a new language is a great challenge.,새로운 언어를 배우는 것은 큰 도전이다.,미학습
중고등 영어,encourage,"[동사] 격려하다, 권장하다",Teachers should encourage students to ask questions.,교사들은 학생들이 질문하도록 격려해야 한다.,미학습
중고등 영어,responsible,[형용사] 책임이 있는,Parents are responsible for their children's safety.,부모는 자녀의 안전에 대해 책임이 있다.,미학습
중고등 영어,analyze,[동사] 분석하다,We need to analyze the results of the test.,우리는 시험 결과를 분석해야 한다.,미학습
중고등 영어,independent,[형용사] 독립적인,She wants to be financially independent of her parents.,그녀는 부모로부터 재정적으로 독립하기를 원한다.,미학습
중고등 영어,attribute,"[동사] ~의 결과로 보다, [명사] 자질",She attributes her success to hard work and dedication.,그녀는 자신의 성공을 성실과 헌신의 덕으로 돌린다.,미학습
중고등 영어,consequence,"[명사] 결과, 대가",You must accept the consequences of your decisions.,당신은 당신이 내린 결정의 결과를 받아들여야 합니다.,미학습
중고등 영어,significant,"[형용사] 중대한, 상당한",There has been a significant increase in sales this year.,올해 매출에 상당한 증가가 있었습니다.,미학습
중고등 영어,vulnerable,"[형용사] 취약한, 상처받기 쉬운",Young children are vulnerable to influenza.,어린 아이들은 독감에 취약하다.,미학습
중고등 영어,terminate,"[동사] 종료하다, 종결되다",The contract will terminate automatically next month.,그 계약은 다음 달에 자동 종료될 것입니다.,미학습
대학 영어,hypothesis,[명사] 가설,The scientific hypothesis must be tested through experiments.,과학적 가설은 실험을 통해 검증되어야 한다.,미학습
대학 영어,empirical,"[형용사] 경험적인, 실증적인",The researcher gathered empirical evidence to support the claim.,연구원은 그 주장을 뒷받침하기 위해 실증적인 증거를 수집했다.,미학습
대학 영어,paradigm,"[명사] 패러다임, 전형적인 양식",This discovery caused a major paradigm shift in physics.,이 발견은 물리학에 중대한 패러다임 변화를 일으켰다.,미학습
대학 영어,substantiate,"[동사] 입증하다, 구체화하다",There is no evidence to substantiate these allegations.,그 주장을 입증할 만한 증거가 없다.,미학습
대학 영어,comprehensive,"[형용사] 종합적인, 포괄적인",The study provides a comprehensive overview of the issue.,그 연구는 문제에 대한 종합적인 개요를 제공한다.,미학습
대학 영어,methodology,[명사] 방법론,The researchers explained their scientific methodology clearly.,연구원들은 그들의 과학적 방법론을 명확히 설명했다.,미학습
대학 영어,phenomenon,[명사] 현상,Gravity is a natural phenomenon that we observe daily.,중력은 우리가 매일 관찰하는 자연 현상이다.,미학습
대학 영어,synthesize,"[동사] 합성하다, 통합하다",The brain synthesizes information from different senses.,뇌는 서로 다른 감각에서 오는 정보를 종합한다.,미학습
대학 영어,abstract,"[형용사] 추상적인, [명사] 개요",Truth and beauty are abstract concepts.,진리와 미는 추상적인 개념이다.,미학습
대학 영어,ambiguous,"[형용사] 모호한, 애매한",His ambiguous answer left us confused about the next step.,그의 모호한 답변은 우리를 다음 단계에 대해 혼란스럽게 만들었다.,미학습
대학 영어,cognitive,"[형용사] 인지적인, 인식의",Studies show how cognitive abilities change with age.,연구는 인지 능력이 나이에 따라 어떻게 변하는지 보여준다.,미학습
대학 영어,fluctuate,"[동사] 변동하다, 오르내리다",The experimental temperature fluctuated during the trial.,실험 온도는 시험 기간 동안 오르내렸다.,미학습
대학 영어,pragmatic,"[형용사] 실용적인, 실제적인",We must take a pragmatic approach to solve this conflict.,우리는 이 갈등을 해결하기 위해 실용적인 접근법을 취해야 한다.,미학습
대학 영어,ubiquitous,"[형용사] 어디에나 있는, 아주 흔한",Mobile phones have become ubiquitous in modern society.,휴대전화는 현대 사회에서 어디에나 있는 존재가 되었다.,미학습
기초 필수 영단어,agree,[동사] 동의하다,I agree with your opinion on this matter.,나는 이 문제에 대한 당신의 의견에 동의한다.,미학습
기초 필수 영단어,believe,[동사] 믿다,You must believe in your own abilities.,당신은 자신의 능력을 믿어야 한다.,미학습
기초 필수 영단어,forget,[동사] 잊어버리다,Don't forget to lock the door when you leave.,나갈 때 문 잠그는 것을 잊지 마라.,미학습
기초 필수 영단어,remember,[동사] 기억하다,I remember meeting him at the conference last year.,나는 작년 학회에서 그를 만난 것을 기억한다.,미학습
기초 필수 영단어,healthy,[형용사] 건강한,A balanced diet keeps you healthy and strong.,균형 잡힌 식단은 당신을 건강하고 튼튼하게 유지해 준다.,미학습
기초 필수 영단어,prepare,[동사] 준비하다,They are preparing for the upcoming exam.,그들은 다가오는 시험을 준비하고 있다.,미학습
기초 필수 영단어,receive,[동사] 받다,She received a beautiful bouquet of flowers.,그녀는 아름다운 꽃다발을 받았다.,미학습
기초 필수 영단어,success,[명사] 성공,Hard work is the key to business success.,성실한 노력은 사업 성공의 열쇠이다.,미학습
기초 필수 영단어,problem,[명사] 문제,We need to find a solution to this problem.,우리는 이 문제에 대한 해결책을 찾아야 한다.,미학습
기초 필수 영단어,simple,"[형용사] 단순한, 간단한",The rules of the game are very simple.,그 게임의 규칙은 매우 간단하다.,미학습
기초 필수 영단어,bright,"[형용사] 밝은, 영리한",The sun is shining bright today.,오늘 태양이 밝게 빛나고 있다.,미학습
기초 필수 영단어,danger,[명사] 위험,The sign warned drivers of the danger ahead.,표지판은 운전자들에게 앞의 위험에 대해 경고했다.,미학습
기초 필수 영단어,exercise,"[명사] 운동, [동사] 운동하다",Regular exercise is good for your physical health.,규칙적인 운동은 신체 건강에 좋다.,미학습
기초 필수 영단어,nature,"[명사] 자연, 본성",It is peaceful to spend time in nature.,자연 속에서 시간을 보내는 것은 평화롭다.,미학습
중급 필수 영단어,accurate,[형용사] 정확한,The weather forecast was surprisingly accurate.,일기예보는 놀라울 정도로 정확했다.,미학습
중급 필수 영단어,benefit,"[명사] 혜택, 이익",Regular exercise offers many health benefits.,규칙적인 운동은 많은 건강상 혜택을 제공한다.,미학습
중급 필수 영단어,complain,[동사] 불평하다,Customers have the right to complain about bad service.,고객은 불량한 서비스에 대해 불평할 권리가 있다.,미학습
중급 필수 영단어,delay,"[동사] 미루다, 지연시키다",The flight was delayed due to heavy snow.,폭설로 인해 비행기가 지연되었다.,미학습
중급 필수 영단어,express,[동사] 표현하다,Art is a powerful way to express your feelings.,예술은 감정을 표현하는 강력한 방법이다.,미학습
중급 필수 영단어,frequent,"[형용사] 빈번한, 자주 일어나는",He made frequent trips to the headquarters.,그는 본사로 빈번한 출장을 다녔다.,미학습
중급 필수 영단어,ignore,[동사] 무시하다,It is not wise to ignore safety warnings.,안전 경고를 무시하는 것은 현명하지 못하다.,미학습
중급 필수 영단어,predict,[동사] 예측하다,It is difficult to predict the future accurately.,미래를 정확하게 예측하는 것은 어렵다.,미학습
중급 필수 영단어,reduce,"[동사] 줄이다, 감소시키다",We need to reduce our daily energy consumption.,우리는 일일 에너지 소비량을 줄여야 한다.,미학습
중급 필수 영단어,support,"[동사] 지지하다, 후원하다",My family always supports my dreams.,가족들은 항상 나의 꿈을 지지해 준다.,미학습
중급 필수 영단어,acquire,"[동사] 습득하다, 획득하다",He managed to acquire a reputation for honesty.,그는 정직하다는 명성을 얻을 수 있었다.,미학습
중급 필수 영단어,convert,"[동사] 전환하다, 바꾸다",The solar panels convert sunlight into electricity.,태양광 패널은 햇빛을 전기로 전환한다.,미학습
중급 필수 영단어,diverse,[형용사] 다양한,New York is a culturally diverse city.,뉴욕은 문화적으로 다양한 도시이다.,미학습
중급 필수 영단어,guarantee,"[동사] 보장하다, [명사] 보증",The new computer comes with a two-year guarantee.,새 컴퓨터는 2년 보증과 함께 제공된다.,미학습
고급 필수 영단어,advocate,"[동사] 지지하다, [명사] 옹호자",She advocates for equal rights in the workplace.,그녀는 직장 내 평등한 권리를 옹호한다.,미학습
고급 필수 영단어,collaborate,[동사] 협력하다,Researchers from different fields collaborated on this project.,서로 다른 분야의 연구원들이 이 프로젝트를 위해 협력했다.,미학습
고급 필수 영단어,deviate,"[동사] 벗어나다, 일탈하다",The aircraft did not deviate from its planned flight path.,그 항공기는 계획된 비행 경로를 벗어나지 않았다.,미학습
고급 필수 영단어,eloquent,"[형용사] 유창한, 설득력 있는",The president delivered an eloquent speech on unity.,대통령은 화합에 대해 설득력 있는 연설을 했다.,미학습
고급 필수 영단어,innovative,[형용사] 혁신적인,The company is famous for its innovative product designs.,그 회사는 혁신적인 제품 디자인으로 유명하다.,미학습
고급 필수 영단어,perpetual,"[형용사] 영속하는, 끊임없는",They lived in a state of perpetual fear during the war.,그들은 전쟁 중에 끊임없는 공포 속에서 살았다.,미학습
고급 필수 영단어,vulnerable,[형용사] 취약한,The elderly are particularly vulnerable to extreme cold.,고령자들은 특히 극심한 추위에 취약하다.,미학습
고급 필수 영단어,unprecedented,[형용사] 전례 없는,The project was executed with unprecedented speed.,그 프로젝트는 전례 없는 속도로 실행되었다.,미학습
고급 필수 영단어,aesthetic,"[형용사] 미적인, 심미적인",The building design focuses on both utility and aesthetic appeal.,건물 디자인은 실용성과 미적 매력 모두에 초점을 맞추고 있다.,미학습
고급 필수 영단어,benevolent,"[형용사] 자비로운, 자선적인",A benevolent donor gifted a large sum of money to the school.,한 자비로운 기부자가 학교에 거액의 돈을 기부했다.,미학습
고급 필수 영단어,capricious,[형용사] 변덕스러운,The administration is struggling with capricious regulatory changes.,행정부는 변덕스러운 규제 변화에 어려움을 겪고 있다.,미학습
고급 필수 영단어,scrutinize,[동사] 정밀 조사하다,Tax auditors plan to scrutinize the corporate ledger closely.,세무 감사관들은 기업 장부를 자세히 조사할 계획이다.,미학습
여행 영어,boarding pass,[명사] 탑승권,Please show your boarding pass at the gate.,게이트에서 탑승권을 보여주세요.,미학습
여행 영어,itinerary,[명사] 여행 일정표,Could you send me the detailed travel itinerary?,상세한 여행 일정표를 저에게 보내주실 수 있나요?,미학습
여행 영어,reservation,[명사] 예약,I have a reservation under the name of Smith.,스미스라는 이름으로 예약이 되어 있습니다.,미학습
여행 영어,baggage claim,[명사] 수하물 수취소,Follow the signs to the baggage claim area.,표지판을 따라 수하물 수취 구역으로 가십시오.,미학습
여행 영어,customs,[명사] 세관,You must declare luxury goods at customs.,세관에서 사치품을 신고해야 합니다.,미학습
여행 영어,destination,[명사] 목적지,Paris is our final destination on this trip.,파리는 이번 여행에서 우리의 최종 목적지이다.,미학습
여행 영어,delayed,[형용사] 지연된,Our flight was delayed by two hours.,우리 비행기가 2시간 지연되었다.,미학습
여행 영어,accommodation,[명사] 숙박 시설,We need to book accommodation for our summer vacation.,우리는 여름 휴가를 위해 숙소를 예약해야 한다.,미학습
여행 영어,souvenir,[명사] 기념품,I bought a small model Eiffel Tower as a souvenir.,나는 기념품으로 작은 에펠탑 모형을 샀다.,미학습
여행 영어,currency exchange,[명사] 환전소,Where is the nearest currency exchange office?,가장 가까운 환전소가 어디인가요?,미학습
여행 영어,shuttle bus,[명사] 셔틀버스,The hotel offers a free shuttle bus service to the airport.,호텔은 공항까지 무료 셔틀버스 서비스를 제공한다.,미학습
여행 영어,travel insurance,[명사] 여행자 보험,It is highly recommended to buy travel insurance before leaving.,출발하기 전에 여행자 보험에 가입하는 것이 적극 권장된다.,미학습
토익 950+ 목표,expedite,[동사] 신속히 처리하다,We must streamline the logistics workflow to expedite the delivery.,배송을 신속히 처리하기 위해 물류 업무 흐름을 간소화해야 한다.,미학습
토익 950+ 목표,alleviate,"[동사] 경감하다, 완화하다",The company designed a new support program to alleviate work stress.,회사는 업무 스트레스를 완화하기 위해 새로운 지원 프로그램을 기획했다.,미학습
토익 950+ 목표,relinquish,"[동사] 포기하다, 넘겨주다",He chose to relinquish his voting rights as a major shareholder.,그는 대주주로서의 의결권을 포기하기로 선택했다.,미학습
기타,note,"[명사] 메모, [동사] 주의하다",Please note that the library will close early today.,오늘 도서관이 일찍 닫는다는 점을 유의해 주세요.,미학습
기타,test,"[명사] 시험, [동사] 테스트하다",The scientists will test the new drug on volunteers.,과학자들은 자원봉사자들을 대상으로 신약을 테스트할 것이다.,미학습
기타,record,"[명사] 기록, [동사] 녹음하다",Please keep a record of all your business expenses.,모든 사업 지출 내역을 기록해 두십시오.,미학습
기타,update,"[명사] 업데이트, [동사] 최신화하다",You need to update your software to the latest version.,소프트웨어를 최신 버전으로 업데이트해야 합니다.,미학습
기타,verify,"[동사] 확인하다, 입증하다",We must verify the customer's identity before processing.,우리는 처리 전에 고객의 신원을 확인해야 합니다.,미학습
기타,collect,"[동사] 수집하다, 모으다",The charity collects donations for the homeless.,그 자선단체는 노숙자들을 위해 기부금을 모은다.,미학습
기타,organize,"[동사] 조직하다, 정돈하다",She helped organize the annual charity event.,그녀는 연례 자선 행사를 조직하는 것을 도왔다.,미학습
기타,search,"[명사] 검색, [동사] 찾다",You can search for information on the internet.,인터넷에서 상세 정보를 검색할 수 있습니다.,미학습
초등 영어,apple,[명사] 사과,I ate a red apple after lunch.,나는 점심 후에 빨간 사과를 먹었다.,미학습
초등 영어,chair,[명사] 의자,Please sit on the chair.,의자에 앉아 주세요.,미학습
초등 영어,pencil,[명사] 연필,She writes her name with a pencil.,그녀는 연필로 자기 이름을 쓴다.,미학습
초등 영어,window,[명사] 창문,"Open the window, please.",창문을 열어 주세요.,미학습
초등 영어,garden,[명사] 정원,My grandmother grows flowers in the garden.,우리 할머니는 정원에서 꽃을 기르신다.,미학습
초등 영어,animal,[명사] 동물,A rabbit is a small animal.,토끼는 작은 동물이다.,미학습
초등 영어,breakfast,[명사] 아침 식사,We have breakfast at seven.,우리는 7시에 아침을 먹는다.,미학습
초등 영어,river,[명사] 강,The river is very long.,그 강은 매우 길다.,미학습
초등 영어,family,[명사] 가족,My family likes to eat together.,우리 가족은 함께 식사하는 것을 좋아한다.,미학습
초등 영어,picture,"[명사] 그림, 사진",Draw a picture of your house.,네 집 그림을 그려라.,미학습
초등 영어,playground,"[명사] 운동장, 놀이터",The children run in the playground.,아이들이 놀이터에서 뛰어논다.,암기 완료
초등 영어,hungry,[형용사] 배고픈,I am hungry after school.,나는 방과 후에 배가 고프다.,미학습
초등 영어,happy,"[형용사] 행복한, 기쁜",He looks happy today.,그는 오늘 행복해 보인다.,미학습
초등 영어,rainy,[형용사] 비가 오는,It is a rainy day.,비 오는 날이다.,미학습
초등 영어,clean,[형용사/동사] 깨끗한; 청소하다,Keep your desk clean.,네 책상을 깨끗하게 유지해라.,암기 완료
초등 영어,small,[형용사] 작은,This box is small.,이 상자는 작다.,미학습
초등 영어,jump,[동사] 뛰다,Can you jump high?,너는 높이 뛸 수 있니?,미학습
초등 영어,listen,[동사] 듣다,Listen to the teacher carefully.,선생님 말씀을 주의 깊게 들어라.,미학습
초등 영어,share,"[동사] 나누다, 공유하다",Share your snacks with your friend.,친구와 간식을 나누어라.,암기 완료
초등 영어,tomorrow,[부사/명사] 내일,We will meet tomorrow.,우리는 내일 만날 것이다.,미학습
중고등 영어,confidence,[명사] 자신감,Practice gave her confidence before the exam.,연습은 시험 전에 그녀에게 자신감을 주었다.,미학습
중고등 영어,environment,[명사] 환경,We should protect the environment.,우리는 환경을 보호해야 한다.,미학습
중고등 영어,responsibility,[명사] 책임,Taking care of the pet is your responsibility.,애완동물을 돌보는 것은 네 책임이다.,미학습
중고등 영어,communicate,[동사] 의사소통하다,Good friends communicate honestly.,좋은 친구들은 솔직하게 의사소통한다.,미학습
중고등 영어,develop,"[동사] 발달하다, 개발하다",Scientists develop new medicines.,과학자들은 새로운 약을 개발한다.,미학습
중고등 영어,discover,[동사] 발견하다,They discovered a cave near the beach.,그들은 해변 근처에서 동굴을 발견했다.,미학습
중고등 영어,imagine,[동사] 상상하다,Imagine a world without electricity.,전기가 없는 세상을 상상해 보라.,미학습
중고등 영어,compare,[동사] 비교하다,Compare the two answers carefully.,두 답을 주의 깊게 비교해라.,미학습
중고등 영어,describe,"[동사] 묘사하다, 설명하다",Can you describe the person you saw?,네가 본 사람을 묘사할 수 있니?,미학습
중고등 영어,prepare,[동사] 준비하다,We need to prepare for the presentation.,우리는 발표를 준비해야 한다.,미학습
중고등 영어,consider,[동사] 고려하다,Consider your choices before you decide.,결정하기 전에 선택지를 고려해라.,미학습
중고등 영어,achieve,[동사] 성취하다,She worked hard to achieve her goal.,그녀는 목표를 이루기 위해 열심히 노력했다.,미학습
중고등 영어,support,[동사/명사] 지지하다; 지원,His parents support his dream.,그의 부모님은 그의 꿈을 지지한다.,미학습
중고등 영어,knowledge,[명사] 지식,Books help us gain knowledge.,책은 우리가 지식을 얻도록 돕는다.,미학습
중고등 영어,culture,[명사] 문화,Food is an important part of culture.,음식은 문화의 중요한 부분이다.,미학습
중고등 영어,benefit,[명사/동사] 이익; 이롭게 하다,Exercise has many health benefits.,운동은 건강상 이점이 많다.,학습 중
중고등 영어,decision,[명사] 결정,It was a difficult decision for the team.,그것은 팀에게 어려운 결정이었다.,미학습
대학 영어,framework,"[명사] 틀, 체계",The theory provides a useful framework for analysis.,그 이론은 분석을 위한 유용한 틀을 제공한다.,미학습
대학 영어,perspective,[명사] 관점,This issue can be viewed from a historical perspective.,이 문제는 역사적 관점에서 볼 수 있다.,미학습
대학 영어,implication,"[명사] 함의, 영향",The findings have important implications for education.,그 결과는 교육에 중요한 함의를 가진다.,미학습
대학 영어,synthesis,[명사] 종합,The final essay requires a synthesis of several sources.,최종 에세이는 여러 자료의 종합을 요구한다.,미학습
대학 영어,conceptual,[형용사] 개념적인,The course begins with a conceptual overview.,그 강의는 개념적 개요로 시작한다.,미학습
대학 영어,qualitative,[형용사] 질적인,The researchers conducted qualitative interviews.,연구자들은 질적 인터뷰를 진행했다.,미학습
대학 영어,quantitative,"[형용사] 양적인, 정량적인",Quantitative data were collected through surveys.,정량적 자료는 설문을 통해 수집되었다.,미학습
대학 영어,discourse,"[명사] 담론, 논의",The article analyzes public discourse on climate policy.,그 글은 기후 정책에 관한 공적 담론을 분석한다.,미학습
대학 영어,validity,[명사] 타당성,The validity of the experiment was questioned.,실험의 타당성이 의문시되었다.,미학습
대학 영어,criterion,[명사] 기준,Accuracy is the main criterion for evaluation.,정확성은 평가의 주요 기준이다.,미학습
대학 영어,interpret,[동사] 해석하다,Students learn to interpret statistical results.,학생들은 통계 결과를 해석하는 법을 배운다.,미학습
대학 영어,assess,[동사] 평가하다,The professor will assess each project.,교수는 각 프로젝트를 평가할 것이다.,미학습
대학 영어,derive,"[동사] 얻다, 도출하다",The formula can be derived from basic principles.,그 공식은 기본 원리에서 도출될 수 있다.,미학습
대학 영어,correlate,[동사] 상관관계가 있다,Sleep quality may correlate with academic performance.,수면의 질은 학업 성과와 상관관계가 있을 수 있다.,미학습
기초 필수 영단어,accept,[동사] 받아들이다,Please accept my apology.,제 사과를 받아 주세요.,미학습
기초 필수 영단어,borrow,[동사] 빌리다,May I borrow your notebook?,네 공책을 빌려도 될까?,미학습
기초 필수 영단어,choose,[동사] 선택하다,Choose the answer that fits best.,가장 잘 맞는 답을 선택해라.,미학습
기초 필수 영단어,close,[동사/형용사] 닫다; 가까운,Close the door quietly.,문을 조용히 닫아라.,미학습
기초 필수 영단어,count,[동사] 세다,Count the coins on the table.,탁자 위의 동전을 세어라.,미학습
기초 필수 영단어,create,"[동사] 만들다, 창조하다",The students create a short video.,학생들은 짧은 영상을 만든다.,미학습
기초 필수 영단어,decide,[동사] 결정하다,We must decide by Friday.,우리는 금요일까지 결정해야 한다.,미학습
기초 필수 영단어,explain,[동사] 설명하다,Can you explain the rule again?,규칙을 다시 설명해 줄 수 있니?,미학습
기초 필수 영단어,invite,[동사] 초대하다,I will invite Amy to the party.,나는 에이미를 파티에 초대할 것이다.,미학습
기초 필수 영단어,learn,[동사] 배우다,Children learn quickly through play.,아이들은 놀이를 통해 빠르게 배운다.,미학습
기초 필수 영단어,mean,[동사] 의미하다,What does this word mean?,이 단어는 무슨 뜻이니?,미학습
기초 필수 영단어,need,[동사/명사] 필요하다; 필요,You need a ticket to enter.,입장하려면 표가 필요하다.,미학습
기초 필수 영단어,promise,[동사/명사] 약속하다; 약속,He promised to call me later.,그는 나중에 전화하겠다고 약속했다.,미학습
기초 필수 영단어,save,"[동사] 저장하다, 절약하다, 구하다",Save your work before you leave.,나가기 전에 작업을 저장해라.,미학습
기초 필수 영단어,spend,"[동사] 쓰다, 보내다",They spend time with their grandparents.,그들은 조부모님과 시간을 보낸다.,미학습
기초 필수 영단어,wait,[동사] 기다리다,Wait here for five minutes.,여기서 5분 기다려라.,미학습
기초 필수 영단어,worry,[동사/명사] 걱정하다; 걱정,Do not worry about the mistake.,그 실수에 대해 걱정하지 마라.,미학습
중급 필수 영단어,adapt,"[동사] 적응하다, 맞추다",New employees must adapt to the company culture.,신입 직원들은 회사 문화에 적응해야 한다.,미학습
중급 필수 영단어,balance,[명사/동사] 균형; 균형을 맞추다,It is hard to balance work and study.,일과 공부의 균형을 맞추기는 어렵다.,미학습
중급 필수 영단어,clarify,[동사] 명확히 하다,The teacher clarified the assignment.,선생님은 과제를 명확히 설명했다.,미학습
중급 필수 영단어,concentrate,[동사] 집중하다,Turn off your phone and concentrate on the task.,휴대전화를 끄고 과제에 집중해라.,미학습
중급 필수 영단어,contribute,[동사] 기여하다,Everyone can contribute to the project.,모두가 프로젝트에 기여할 수 있다.,미학습
중급 필수 영단어,convince,"[동사] 확신시키다, 설득하다",The evidence convinced the audience.,그 증거는 청중을 설득했다.,미학습
중급 필수 영단어,efficient,[형용사] 효율적인,This is a more efficient way to solve the problem.,이것은 문제를 해결하는 더 효율적인 방법이다.,미학습
중급 필수 영단어,establish,"[동사] 설립하다, 확립하다",The company was established in 1998.,그 회사는 1998년에 설립되었다.,미학습
중급 필수 영단어,flexible,[형용사] 유연한,A flexible schedule helps working parents.,유연한 일정은 일하는 부모에게 도움이 된다.,미학습
중급 필수 영단어,generate,"[동사] 발생시키다, 만들어 내다",The campaign generated a lot of interest.,그 캠페인은 많은 관심을 불러일으켰다.,미학습
중급 필수 영단어,influence,[명사/동사] 영향; 영향을 미치다,Social media can influence public opinion.,소셜 미디어는 여론에 영향을 미칠 수 있다.,미학습
중급 필수 영단어,maintain,[동사] 유지하다,Regular exercise helps maintain good health.,규칙적인 운동은 건강 유지에 도움이 된다.,미학습
중급 필수 영단어,negotiate,[동사] 협상하다,The two sides agreed to negotiate.,양측은 협상하기로 동의했다.,미학습
중급 필수 영단어,organize,"[동사] 정리하다, 조직하다",Please organize the files by date.,파일을 날짜별로 정리해 주세요.,미학습
중급 필수 영단어,recognize,"[동사] 알아보다, 인정하다",I recognized her voice immediately.,나는 즉시 그녀의 목소리를 알아차렸다.,미학습
중급 필수 영단어,reflect,"[동사] 반영하다, 숙고하다",The results reflect recent changes in society.,그 결과는 사회의 최근 변화를 반영한다.,미학습
중급 필수 영단어,require,"[동사] 요구하다, 필요로 하다",The job requires strong communication skills.,그 일은 뛰어난 의사소통 능력을 요구한다.,미학습
중급 필수 영단어,solution,[명사] 해결책,We need a practical solution.,우리는 실용적인 해결책이 필요하다.,미학습
고급 필수 영단어,altruism,[명사] 이타주의,Altruism often motivates volunteer work.,이타주의는 종종 봉사 활동의 동기가 된다.,미학습
고급 필수 영단어,anomaly,"[명사] 이례적인 것, 변칙",The data showed an unexpected anomaly.,그 데이터는 예상치 못한 변칙을 보였다.,미학습
고급 필수 영단어,articulate,[동사/형용사] 분명히 표현하다; 명료한,She can articulate complex ideas clearly.,그녀는 복잡한 생각을 명확히 표현할 수 있다.,미학습
고급 필수 영단어,autonomous,[형용사] 자율적인,Autonomous vehicles require advanced sensors.,자율주행 차량은 첨단 센서를 필요로 한다.,미학습
고급 필수 영단어,coherent,[형용사] 일관성 있는,Write a coherent argument with clear evidence.,명확한 근거로 일관성 있는 주장을 써라.,미학습
고급 필수 영단어,contemplate,[동사] 심사숙고하다,He contemplated changing his career.,그는 진로를 바꾸는 것을 심사숙고했다.,미학습
고급 필수 영단어,deteriorate,[동사] 악화되다,The patient’s condition began to deteriorate.,환자의 상태가 악화되기 시작했다.,미학습
고급 필수 영단어,discrepancy,"[명사] 차이, 불일치",There was a discrepancy between the two reports.,두 보고서 사이에 불일치가 있었다.,미학습
고급 필수 영단어,elusive,"[형용사] 찾기 어려운, 이해하기 힘든",A simple answer remained elusive.,간단한 답은 여전히 찾기 어려웠다.,미학습
고급 필수 영단어,facilitate,"[동사] 촉진하다, 용이하게 하다",Digital tools facilitate remote collaboration.,디지털 도구는 원격 협업을 촉진한다.,미학습
고급 필수 영단어,formidable,"[형용사] 만만치 않은, 강력한",The team faced a formidable opponent.,그 팀은 강력한 상대를 만났다.,미학습
고급 필수 영단어,inherent,"[형용사] 내재된, 고유의",Risk is inherent in every investment.,위험은 모든 투자에 내재되어 있다.,미학습
고급 필수 영단어,meticulous,[형용사] 세심한,The editor made meticulous corrections.,편집자는 세심하게 수정했다.,미학습
고급 필수 영단어,obsolete,"[형용사] 구식의, 쓸모없어진",Many devices become obsolete quickly.,많은 기기는 빠르게 구식이 된다.,미학습
고급 필수 영단어,pervasive,[형용사] 널리 퍼진,Smartphones have become pervasive in daily life.,스마트폰은 일상생활에 널리 퍼졌다.,미학습
고급 필수 영단어,pragmatic,[형용사] 실용적인,We need a pragmatic approach to the problem.,우리는 그 문제에 실용적인 접근이 필요하다.,미학습
고급 필수 영단어,resilient,[형용사] 회복력 있는,Resilient communities recover faster after disasters.,회복력 있는 공동체는 재난 후 더 빨리 회복한다.,미학습
고급 필수 영단어,scrutiny,[명사] 면밀한 조사,The proposal came under intense scrutiny.,그 제안은 강도 높은 검토를 받았다.,미학습
고급 필수 영단어,substantive,"[형용사] 실질적인, 중요한",The meeting produced substantive changes.,그 회의는 실질적인 변화를 만들어 냈다.,미학습
고급 필수 영단어,transparent,[형용사] 투명한,Transparent rules increase public trust.,투명한 규칙은 대중의 신뢰를 높인다.,미학습
여행 영어,arrival,[명사] 도착,Check the arrival time on the screen.,화면에서 도착 시간을 확인하세요.,미학습
여행 영어,baggage,[명사] 수하물,Where can I pick up my baggage?,제 수하물은 어디에서 찾을 수 있나요?,미학습
여행 영어,boarding,[명사] 탑승,Boarding begins at Gate 12.,탑승은 12번 게이트에서 시작됩니다.,미학습
여행 영어,departure,[명사] 출발,The departure gate has changed.,출발 게이트가 변경되었습니다.,미학습
여행 영어,hostel,[명사] 호스텔,We stayed at a cheap hostel near the station.,우리는 역 근처의 저렴한 호스텔에 머물렀다.,미학습
여행 영어,passport,[명사] 여권,Please show your passport at the counter.,카운터에서 여권을 보여 주세요.,미학습
여행 영어,terminal,[명사] 터미널,The shuttle bus goes to Terminal 2.,셔틀버스는 제2터미널로 갑니다.,미학습
여행 영어,vacancy,"[명사] 빈방, 공석",Do you have any vacancies tonight?,오늘 밤 빈방이 있나요?,미학습
여행 영어,aisle,[명사] 통로,I prefer an aisle seat.,저는 통로 좌석을 선호합니다.,미학습
여행 영어,delay,[명사/동사] 지연; 지연시키다,The flight has a two-hour delay.,그 항공편은 두 시간 지연되었습니다.,미학습
여행 영어,excursion,"[명사] 짧은 여행, 소풍",We booked a day excursion to the island.,우리는 그 섬으로 가는 당일 여행을 예약했다.,미학습
여행 영어,fare,[명사] 요금,How much is the bus fare?,버스 요금이 얼마인가요?,미학습
여행 영어,landmark,"[명사] 명소, 랜드마크",The tower is the city’s most famous landmark.,그 탑은 그 도시에서 가장 유명한 명소이다.,미학습
여행 영어,embassy,[명사] 대사관,Contact your embassy if you lose your passport.,여권을 잃어버리면 대사관에 연락하세요.,미학습
여행 영어,luggage,"[명사] 짐, 수하물",My luggage is too heavy.,내 짐은 너무 무겁다.,미학습
토익 950+ 목표,acquisition,"[명사] 인수, 취득",The acquisition expanded the firm’s market share.,그 인수는 회사의 시장 점유율을 확대했다.,미학습
토익 950+ 목표,amendment,"[명사] 수정, 개정",The contract includes a recent amendment.,그 계약서에는 최근 개정 사항이 포함되어 있다.,미학습
토익 950+ 목표,arbitration,[명사] 중재,The dispute was settled through arbitration.,그 분쟁은 중재를 통해 해결되었다.,미학습
토익 950+ 목표,compliance,[명사] 준수,All employees must complete compliance training.,모든 직원은 준법 교육을 이수해야 한다.,미학습
토익 950+ 목표,contingency,"[명사] 비상 사태, 우발성",The plan includes a contingency budget.,그 계획에는 예비 예산이 포함되어 있다.,미학습
토익 950+ 목표,depreciation,"[명사] 감가상각, 가치 하락",Depreciation reduced the asset’s book value.,감가상각은 자산의 장부가치를 낮추었다.,미학습
토익 950+ 목표,disclosure,"[명사] 공개, 공시",The disclosure must be submitted by Monday.,그 공시는 월요일까지 제출되어야 한다.,미학습
토익 950+ 목표,exemption,[명사] 면제,Small businesses may qualify for a tax exemption.,소기업은 세금 면제 자격을 얻을 수 있다.,미학습
토익 950+ 목표,fiduciary,[형용사/명사] 신탁의; 수탁자,Board members have fiduciary duties to shareholders.,이사회 구성원은 주주에 대한 신인의무가 있다.,미학습
토익 950+ 목표,litigation,[명사] 소송,The company wants to avoid costly litigation.,그 회사는 비용이 많이 드는 소송을 피하고 싶어 한다.,미학습
토익 950+ 목표,procurement,"[명사] 조달, 구매",Procurement procedures were updated last quarter.,조달 절차는 지난 분기에 갱신되었다.,미학습
토익 950+ 목표,reimbursement,"[명사] 상환, 변제",Submit receipts for travel reimbursement.,출장비 상환을 위해 영수증을 제출하세요.,미학습
토익 950+ 목표,subsidiary,[명사/형용사] 자회사; 보조의,The subsidiary operates in Southeast Asia.,그 자회사는 동남아시아에서 운영된다.,미학습
토익 950+ 목표,underwriting,"[명사] 인수 심사, 보험 인수",Underwriting standards became stricter after the audit.,감사 이후 인수 심사 기준이 더 엄격해졌다.,미학습
토익 950+ 목표,viability,"[명사] 실행 가능성, 생존 가능성",The report evaluates the project’s financial viability.,그 보고서는 프로젝트의 재무적 실행 가능성을 평가한다.,미학습
토익 950+ 목표,consolidation,"[명사] 통합, 합병",Consolidation helped reduce operating costs.,통합은 운영 비용을 줄이는 데 도움이 되었다.,미학습
토익 950+ 목표,remuneration,"[명사] 보수, 급여",The committee reviewed executive remuneration.,위원회는 임원 보수를 검토했다.,미학습
토익 950+ 목표,restructuring,[명사] 구조조정,Restructuring improved the company’s efficiency.,구조조정은 회사의 효율성을 높였다.,미학습
토익 950+ 목표,shareholder,[명사] 주주,Shareholders approved the merger plan.,주주들은 합병 계획을 승인했다.,미학습
토익 950+ 목표,tariff,[명사] 관세,The new tariff affected import prices.,새 관세는 수입 가격에 영향을 미쳤다.,미학습
기타,cyberspace,[명사] 사이버 공간,Personal data can spread quickly in cyberspace.,개인정보는 사이버 공간에서 빠르게 퍼질 수 있다.,미학습
기타,sustainability,[명사] 지속 가능성,Sustainability is central to the new design.,지속 가능성은 새 설계의 핵심이다.,미학습
기타,mindfulness,[명사] 마음챙김,Mindfulness can help reduce stress.,마음챙김은 스트레스를 줄이는 데 도움이 될 수 있다.,미학습
기타,algorithm,[명사] 알고리즘,The algorithm recommends videos based on your choices.,그 알고리즘은 사용자의 선택을 바탕으로 영상을 추천한다.,미학습
기타,biodiversity,[명사] 생물 다양성,Forests protect biodiversity.,숲은 생물 다양성을 보호한다.,미학습
기타,craftsmanship,"[명사] 장인정신, 솜씨",The table shows excellent craftsmanship.,그 탁자는 뛰어난 장인정신을 보여 준다.,미학습
기타,entrepreneurship,[명사] 기업가 정신,Entrepreneurship requires creativity and persistence.,기업가 정신에는 창의성과 끈기가 필요하다.,미학습
기타,gastronomy,"[명사] 미식, 요리법",The city is famous for its gastronomy.,그 도시는 미식으로 유명하다.,미학습
기타,hologram,[명사] 홀로그램,The exhibition used a realistic hologram.,그 전시는 사실적인 홀로그램을 사용했다.,미학습
기타,innovation,[명사] 혁신,Innovation drives growth in technology industries.,혁신은 기술 산업의 성장을 이끈다.,미학습
기타,journalism,"[명사] 저널리즘, 언론 활동",Ethical journalism is important for democracy.,윤리적 저널리즘은 민주주의에 중요하다.,미학습
기타,logistics,[명사] 물류,Efficient logistics reduced delivery times.,효율적인 물류는 배송 시간을 줄였다.,미학습
기타,nostalgia,"[명사] 향수, 그리움",The old song filled her with nostalgia.,그 오래된 노래는 그녀에게 향수를 느끼게 했다.,미학습
기타,podcast,[명사] 팟캐스트,I listen to a science podcast on the bus.,나는 버스에서 과학 팟캐스트를 듣는다.,미학습
기타,robotics,[명사] 로봇공학,Robotics is changing modern factories.,로봇공학은 현대 공장을 변화시키고 있다.,미학습
기타,satellite,[명사] 위성,The satellite sends images of the Earth.,그 위성은 지구의 이미지를 보낸다.,미학습
기타,typography,"[명사] 타이포그래피, 활자 디자인",Good typography makes text easier to read.,좋은 타이포그래피는 글을 더 읽기 쉽게 만든다.,미학습
기타,urbanization,[명사] 도시화,Urbanization has increased the demand for housing.,도시화는 주택 수요를 증가시켰다.,미학습
기타,wellness,"[명사] 웰빙, 건강한 상태",The company offers a wellness program.,그 회사는 웰니스 프로그램을 제공한다.,미학습
기타,ecosystem,[명사] 생태계,A healthy ecosystem supports many species.,건강한 생태계는 많은 종을 지탱한다.,미학습
초등 영어,banana,[명사] 바나나,I learned the word 'banana' at school.,나는 학교에서 'banana'라는 단어를 배웠다.,미학습
초등 영어,orange,[명사] 오렌지,I learned the word 'orange' at school.,나는 학교에서 'orange'라는 단어를 배웠다.,미학습
초등 영어,grape,[명사] 포도,I learned the word 'grape' at school.,나는 학교에서 'grape'라는 단어를 배웠다.,암기 완료
초등 영어,water,[명사] 물,I learned the word 'water' at school.,나는 학교에서 'water'라는 단어를 배웠다.,암기 완료
초등 영어,milk,[명사] 우유,I learned the word 'milk' at school.,나는 학교에서 'milk'라는 단어를 배웠다.,미학습
초등 영어,bread,[명사] 빵,I learned the word 'bread' at school.,나는 학교에서 'bread'라는 단어를 배웠다.,미학습
초등 영어,rice,"[명사] 쌀, 밥",I learned the word 'rice' at school.,나는 학교에서 'rice'라는 단어를 배웠다.,미학습
초등 영어,egg,[명사] 달걀,I learned the word 'egg' at school.,나는 학교에서 'egg'라는 단어를 배웠다.,미학습
초등 영어,fish,[명사] 물고기,I learned the word 'fish' at school.,나는 학교에서 'fish'라는 단어를 배웠다.,미학습
초등 영어,bird,[명사] 새,I learned the word 'bird' at school.,나는 학교에서 'bird'라는 단어를 배웠다.,미학습
초등 영어,dog,[명사] 개,I learned the word 'dog' at school.,나는 학교에서 'dog'라는 단어를 배웠다.,미학습
초등 영어,cat,[명사] 고양이,I learned the word 'cat' at school.,나는 학교에서 'cat'라는 단어를 배웠다.,미학습
초등 영어,horse,[명사] 말,I learned the word 'horse' at school.,나는 학교에서 'horse'라는 단어를 배웠다.,미학습
초등 영어,cow,[명사] 소,I learned the word 'cow' at school.,나는 학교에서 'cow'라는 단어를 배웠다.,미학습
초등 영어,rabbit,[명사] 토끼,I learned the word 'rabbit' at school.,나는 학교에서 'rabbit'라는 단어를 배웠다.,미학습
초등 영어,bear,[명사] 곰,I learned the word 'bear' at school.,나는 학교에서 'bear'라는 단어를 배웠다.,암기 완료
초등 영어,lion,[명사] 사자,I learned the word 'lion' at school.,나는 학교에서 'lion'라는 단어를 배웠다.,미학습
초등 영어,tiger,[명사] 호랑이,I learned the word 'tiger' at school.,나는 학교에서 'tiger'라는 단어를 배웠다.,미학습
초등 영어,monkey,[명사] 원숭이,I learned the word 'monkey' at school.,나는 학교에서 'monkey'라는 단어를 배웠다.,미학습
초등 영어,school,[명사] 학교,I learned the word 'school' at school.,나는 학교에서 'school'라는 단어를 배웠다.,미학습
초등 영어,teacher,[명사] 선생님,I learned the word 'teacher' at school.,나는 학교에서 'teacher'라는 단어를 배웠다.,미학습
초등 영어,student,[명사] 학생,I learned the word 'student' at school.,나는 학교에서 'student'라는 단어를 배웠다.,미학습
초등 영어,book,[명사] 책,I learned the word 'book' at school.,나는 학교에서 'book'라는 단어를 배웠다.,암기 완료
초등 영어,desk,[명사] 책상,I learned the word 'desk' at school.,나는 학교에서 'desk'라는 단어를 배웠다.,미학습
초등 영어,door,[명사] 문,I learned the word 'door' at school.,나는 학교에서 'door'라는 단어를 배웠다.,미학습
초등 영어,clock,[명사] 시계,I learned the word 'clock' at school.,나는 학교에서 'clock'라는 단어를 배웠다.,암기 완료
초등 영어,mother,[명사] 어머니,I learned the word 'mother' at school.,나는 학교에서 'mother'라는 단어를 배웠다.,미학습
초등 영어,father,[명사] 아버지,I learned the word 'father' at school.,나는 학교에서 'father'라는 단어를 배웠다.,미학습
초등 영어,sister,[명사] 자매,I learned the word 'sister' at school.,나는 학교에서 'sister'라는 단어를 배웠다.,미학습
초등 영어,brother,[명사] 형제,I learned the word 'brother' at school.,나는 학교에서 'brother'라는 단어를 배웠다.,미학습
초등 영어,friend,[명사] 친구,I learned the word 'friend' at school.,나는 학교에서 'friend'라는 단어를 배웠다.,미학습
초등 영어,home,[명사] 집,I learned the word 'home' at school.,나는 학교에서 'home'라는 단어를 배웠다.,미학습
초등 영어,room,[명사] 방,I learned the word 'room' at school.,나는 학교에서 'room'라는 단어를 배웠다.,미학습
초등 영어,bed,[명사] 침대,I learned the word 'bed' at school.,나는 학교에서 'bed'라는 단어를 배웠다.,미학습
초등 영어,kitchen,[명사] 부엌,I learned the word 'kitchen' at school.,나는 학교에서 'kitchen'라는 단어를 배웠다.,암기 완료
초등 영어,sun,[명사] 태양,I learned the word 'sun' at school.,나는 학교에서 'sun'라는 단어를 배웠다.,미학습
초등 영어,moon,[명사] 달,I learned the word 'moon' at school.,나는 학교에서 'moon'라는 단어를 배웠다.,미학습
초등 영어,star,[명사] 별,I learned the word 'star' at school.,나는 학교에서 'star'라는 단어를 배웠다.,미학습
초등 영어,sky,[명사] 하늘,I learned the word 'sky' at school.,나는 학교에서 'sky'라는 단어를 배웠다.,미학습
초등 영어,cloud,[명사] 구름,I learned the word 'cloud' at school.,나는 학교에서 'cloud'라는 단어를 배웠다.,미학습
초등 영어,rain,[명사] 비,I learned the word 'rain' at school.,나는 학교에서 'rain'라는 단어를 배웠다.,미학습
초등 영어,snow,[명사] 눈,I learned the word 'snow' at school.,나는 학교에서 'snow'라는 단어를 배웠다.,미학습
초등 영어,wind,[명사] 바람,I learned the word 'wind' at school.,나는 학교에서 'wind'라는 단어를 배웠다.,미학습
초등 영어,tree,[명사] 나무,I learned the word 'tree' at school.,나는 학교에서 'tree'라는 단어를 배웠다.,미학습
초등 영어,flower,[명사] 꽃,I learned the word 'flower' at school.,나는 학교에서 'flower'라는 단어를 배웠다.,미학습
초등 영어,red,[형용사] 빨간,I learned the word 'red' at school.,나는 학교에서 'red'라는 단어를 배웠다.,미학습
초등 영어,blue,[형용사] 파란,I learned the word 'blue' at school.,나는 학교에서 'blue'라는 단어를 배웠다.,미학습
초등 영어,green,[형용사] 초록색의,I learned the word 'green' at school.,나는 학교에서 'green'라는 단어를 배웠다.,미학습
초등 영어,yellow,[형용사] 노란,I learned the word 'yellow' at school.,나는 학교에서 'yellow'라는 단어를 배웠다.,미학습
초등 영어,black,[형용사] 검은,I learned the word 'black' at school.,나는 학교에서 'black'라는 단어를 배웠다.,미학습
초등 영어,white,[형용사] 하얀,I learned the word 'white' at school.,나는 학교에서 'white'라는 단어를 배웠다.,미학습
초등 영어,big,[형용사] 큰,I learned the word 'big' at school.,나는 학교에서 'big'라는 단어를 배웠다.,미학습
초등 영어,long,[형용사] 긴,I learned the word 'long' at school.,나는 학교에서 'long'라는 단어를 배웠다.,미학습
초등 영어,short,[형용사] 짧은,I learned the word 'short' at school.,나는 학교에서 'short'라는 단어를 배웠다.,암기 완료
초등 영어,sad,[형용사] 슬픈,I learned the word 'sad' at school.,나는 학교에서 'sad'라는 단어를 배웠다.,미학습
초등 영어,angry,[형용사] 화난,I learned the word 'angry' at school.,나는 학교에서 'angry'라는 단어를 배웠다.,미학습
초등 영어,tired,[형용사] 피곤한,I learned the word 'tired' at school.,나는 학교에서 'tired'라는 단어를 배웠다.,미학습
초등 영어,thirsty,[형용사] 목마른,I learned the word 'thirsty' at school.,나는 학교에서 'thirsty'라는 단어를 배웠다.,미학습
초등 영어,hot,"[형용사] 더운, 뜨거운",I learned the word 'hot' at school.,나는 학교에서 'hot'라는 단어를 배웠다.,미학습
초등 영어,cold,"[형용사] 추운, 차가운",I learned the word 'cold' at school.,나는 학교에서 'cold'라는 단어를 배웠다.,미학습
초등 영어,fast,[형용사] 빠른,I learned the word 'fast' at school.,나는 학교에서 'fast'라는 단어를 배웠다.,암기 완료
초등 영어,slow,[형용사] 느린,I learned the word 'slow' at school.,나는 학교에서 'slow'라는 단어를 배웠다.,미학습
초등 영어,run,[동사] 달리다,I learned the word 'run' at school.,나는 학교에서 'run'라는 단어를 배웠다.,미학습
초등 영어,walk,[동사] 걷다,I learned the word 'walk' at school.,나는 학교에서 'walk'라는 단어를 배웠다.,미학습
초등 영어,sit,[동사] 앉다,I learned the word 'sit' at school.,나는 학교에서 'sit'라는 단어를 배웠다.,미학습
초등 영어,stand,[동사] 서다,I learned the word 'stand' at school.,나는 학교에서 'stand'라는 단어를 배웠다.,미학습
초등 영어,eat,[동사] 먹다,I learned the word 'eat' at school.,나는 학교에서 'eat'라는 단어를 배웠다.,암기 완료
초등 영어,drink,[동사] 마시다,I learned the word 'drink' at school.,나는 학교에서 'drink'라는 단어를 배웠다.,미학습
초등 영어,sleep,[동사] 자다,I learned the word 'sleep' at school.,나는 학교에서 'sleep'라는 단어를 배웠다.,미학습
초등 영어,read,[동사] 읽다,I learned the word 'read' at school.,나는 학교에서 'read'라는 단어를 배웠다.,미학습
초등 영어,write,[동사] 쓰다,I learned the word 'write' at school.,나는 학교에서 'write'라는 단어를 배웠다.,미학습
초등 영어,draw,[동사] 그리다,I learned the word 'draw' at school.,나는 학교에서 'draw'라는 단어를 배웠다.,미학습
초등 영어,sing,[동사] 노래하다,I learned the word 'sing' at school.,나는 학교에서 'sing'라는 단어를 배웠다.,미학습
초등 영어,dance,[동사] 춤추다,I learned the word 'dance' at school.,나는 학교에서 'dance'라는 단어를 배웠다.,미학습
초등 영어,play,"[동사] 놀다, 연주하다",I learned the word 'play' at school.,나는 학교에서 'play'라는 단어를 배웠다.,미학습
초등 영어,look,[동사] 보다,I learned the word 'look' at school.,나는 학교에서 'look'라는 단어를 배웠다.,미학습
초등 영어,speak,[동사] 말하다,I learned the word 'speak' at school.,나는 학교에서 'speak'라는 단어를 배웠다.,미학습
초등 영어,open,[동사] 열다,I learned the word 'open' at school.,나는 학교에서 'open'라는 단어를 배웠다.,미학습
초등 영어,close,[동사] 닫다,I learned the word 'close' at school.,나는 학교에서 'close'라는 단어를 배웠다.,미학습
초등 영어,help,[동사] 돕다,I learned the word 'help' at school.,나는 학교에서 'help'라는 단어를 배웠다.,미학습
초등 영어,morning,[명사] 아침,I learned the word 'morning' at school.,나는 학교에서 'morning'라는 단어를 배웠다.,미학습
초등 영어,afternoon,[명사] 오후,I learned the word 'afternoon' at school.,나는 학교에서 'afternoon'라는 단어를 배웠다.,미학습
초등 영어,evening,[명사] 저녁,I learned the word 'evening' at school.,나는 학교에서 'evening'라는 단어를 배웠다.,미학습
초등 영어,night,[명사] 밤,I learned the word 'night' at school.,나는 학교에서 'night'라는 단어를 배웠다.,암기 완료
초등 영어,today,[명사/부사] 오늘,I learned the word 'today' at school.,나는 학교에서 'today'라는 단어를 배웠다.,미학습
초등 영어,yesterday,[명사/부사] 어제,I learned the word 'yesterday' at school.,나는 학교에서 'yesterday'라는 단어를 배웠다.,미학습
초등 영어,week,[명사] 주,I learned the word 'week' at school.,나는 학교에서 'week'라는 단어를 배웠다.,미학습
초등 영어,month,"[명사] 달, 월",I learned the word 'month' at school.,나는 학교에서 'month'라는 단어를 배웠다.,미학습
초등 영어,year,"[명사] 해, 년",I learned the word 'year' at school.,나는 학교에서 'year'라는 단어를 배웠다.,미학습
중고등 영어,ability,[명사] 능력,The lesson explains the word 'ability' clearly.,그 수업은 'ability'라는 단어를 명확히 설명한다.,미학습
중고등 영어,absence,"[명사] 부재, 결석",The lesson explains the word 'absence' clearly.,그 수업은 'absence'라는 단어를 명확히 설명한다.,미학습
중고등 영어,accept,[동사] 받아들이다,The lesson explains the word 'accept' clearly.,그 수업은 'accept'라는 단어를 명확히 설명한다.,미학습
중고등 영어,active,[형용사] 활동적인,The lesson explains the word 'active' clearly.,그 수업은 'active'라는 단어를 명확히 설명한다.,미학습
중고등 영어,advice,[명사] 조언,The lesson explains the word 'advice' clearly.,그 수업은 'advice'라는 단어를 명확히 설명한다.,미학습
중고등 영어,affect,[동사] 영향을 미치다,The lesson explains the word 'affect' clearly.,그 수업은 'affect'라는 단어를 명확히 설명한다.,미학습
중고등 영어,allow,[동사] 허락하다,The lesson explains the word 'allow' clearly.,그 수업은 'allow'라는 단어를 명확히 설명한다.,미학습
중고등 영어,amount,"[명사] 양, 총액",The lesson explains the word 'amount' clearly.,그 수업은 'amount'라는 단어를 명확히 설명한다.,미학습
중고등 영어,ancient,[형용사] 고대의,The lesson explains the word 'ancient' clearly.,그 수업은 'ancient'라는 단어를 명확히 설명한다.,미학습
중고등 영어,appear,[동사] 나타나다,The lesson explains the word 'appear' clearly.,그 수업은 'appear'라는 단어를 명확히 설명한다.,미학습
중고등 영어,area,"[명사] 지역, 영역",The lesson explains the word 'area' clearly.,그 수업은 'area'라는 단어를 명확히 설명한다.,미학습
중고등 영어,argue,"[동사] 주장하다, 논쟁하다",The lesson explains the word 'argue' clearly.,그 수업은 'argue'라는 단어를 명확히 설명한다.,미학습
중고등 영어,arrive,[동사] 도착하다,The lesson explains the word 'arrive' clearly.,그 수업은 'arrive'라는 단어를 명확히 설명한다.,미학습
중고등 영어,article,"[명사] 기사, 물품",The lesson explains the word 'article' clearly.,그 수업은 'article'라는 단어를 명확히 설명한다.,미학습
중고등 영어,attention,"[명사] 주의, 관심",The lesson explains the word 'attention' clearly.,그 수업은 'attention'라는 단어를 명확히 설명한다.,미학습
중고등 영어,available,[형용사] 이용 가능한,The lesson explains the word 'available' clearly.,그 수업은 'available'라는 단어를 명확히 설명한다.,미학습
중고등 영어,avoid,[동사] 피하다,The lesson explains the word 'avoid' clearly.,그 수업은 'avoid'라는 단어를 명확히 설명한다.,미학습
중고등 영어,balance,[명사] 균형,The lesson explains the word 'balance' clearly.,그 수업은 'balance'라는 단어를 명확히 설명한다.,미학습
중고등 영어,behavior,[명사] 행동,The lesson explains the word 'behavior' clearly.,그 수업은 'behavior'라는 단어를 명확히 설명한다.,미학습
중고등 영어,beyond,[전치사] ~너머에,The lesson explains the word 'beyond' clearly.,그 수업은 'beyond'라는 단어를 명확히 설명한다.,미학습
중고등 영어,career,"[명사] 직업, 경력",The lesson explains the word 'career' clearly.,그 수업은 'career'라는 단어를 명확히 설명한다.,미학습
중고등 영어,cause,"[명사/동사] 원인, 야기하다",The lesson explains the word 'cause' clearly.,그 수업은 'cause'라는 단어를 명확히 설명한다.,미학습
중고등 영어,character,"[명사] 성격, 등장인물",The lesson explains the word 'character' clearly.,그 수업은 'character'라는 단어를 명확히 설명한다.,미학습
중고등 영어,choice,[명사] 선택,The lesson explains the word 'choice' clearly.,그 수업은 'choice'라는 단어를 명확히 설명한다.,미학습
중고등 영어,common,"[형용사] 흔한, 공통의",The lesson explains the word 'common' clearly.,그 수업은 'common'라는 단어를 명확히 설명한다.,미학습
중고등 영어,complete,"[동사/형용사] 완료하다, 완전한",The lesson explains the word 'complete' clearly.,그 수업은 'complete'라는 단어를 명확히 설명한다.,미학습
중고등 영어,condition,"[명사] 상태, 조건",The lesson explains the word 'condition' clearly.,그 수업은 'condition'라는 단어를 명확히 설명한다.,미학습
중고등 영어,continue,[동사] 계속하다,The lesson explains the word 'continue' clearly.,그 수업은 'continue'라는 단어를 명확히 설명한다.,미학습
중고등 영어,control,"[명사/동사] 통제, 통제하다",The lesson explains the word 'control' clearly.,그 수업은 'control'라는 단어를 명확히 설명한다.,미학습
중고등 영어,decide,[동사] 결정하다,The lesson explains the word 'decide' clearly.,그 수업은 'decide'라는 단어를 명확히 설명한다.,미학습
중고등 영어,degree,"[명사] 정도, 학위",The lesson explains the word 'degree' clearly.,그 수업은 'degree'라는 단어를 명확히 설명한다.,미학습
중고등 영어,depend,[동사] 의존하다,The lesson explains the word 'depend' clearly.,그 수업은 'depend'라는 단어를 명확히 설명한다.,미학습
중고등 영어,difference,[명사] 차이,The lesson explains the word 'difference' clearly.,그 수업은 'difference'라는 단어를 명확히 설명한다.,미학습
중고등 영어,direct,"[형용사/동사] 직접적인, 지시하다",The lesson explains the word 'direct' clearly.,그 수업은 'direct'라는 단어를 명확히 설명한다.,미학습
중고등 영어,discuss,[동사] 토론하다,The lesson explains the word 'discuss' clearly.,그 수업은 'discuss'라는 단어를 명확히 설명한다.,암기 완료
중고등 영어,effect,"[명사] 영향, 효과",The lesson explains the word 'effect' clearly.,그 수업은 'effect'라는 단어를 명확히 설명한다.,미학습
중고등 영어,effort,[명사] 노력,The lesson explains the word 'effort' clearly.,그 수업은 'effort'라는 단어를 명확히 설명한다.,미학습
중고등 영어,especially,[부사] 특히,The lesson explains the word 'especially' clearly.,그 수업은 'especially'라는 단어를 명확히 설명한다.,미학습
중고등 영어,event,"[명사] 사건, 행사",The lesson explains the word 'event' clearly.,그 수업은 'event'라는 단어를 명확히 설명한다.,미학습
중고등 영어,evidence,[명사] 증거,The lesson explains the word 'evidence' clearly.,그 수업은 'evidence'라는 단어를 명확히 설명한다.,미학습
중고등 영어,experience,[명사] 경험,The lesson explains the word 'experience' clearly.,그 수업은 'experience'라는 단어를 명확히 설명한다.,미학습
중고등 영어,explain,[동사] 설명하다,The lesson explains the word 'explain' clearly.,그 수업은 'explain'라는 단어를 명확히 설명한다.,미학습
중고등 영어,express,[동사] 표현하다,The lesson explains the word 'express' clearly.,그 수업은 'express'라는 단어를 명확히 설명한다.,미학습
중고등 영어,factor,[명사] 요소,The lesson explains the word 'factor' clearly.,그 수업은 'factor'라는 단어를 명확히 설명한다.,미학습
중고등 영어,feature,[명사] 특징,The lesson explains the word 'feature' clearly.,그 수업은 'feature'라는 단어를 명확히 설명한다.,미학습
중고등 영어,foreign,[형용사] 외국의,The lesson explains the word 'foreign' clearly.,그 수업은 'foreign'라는 단어를 명확히 설명한다.,미학습
중고등 영어,generally,[부사] 일반적으로,The lesson explains the word 'generally' clearly.,그 수업은 'generally'라는 단어를 명확히 설명한다.,미학습
중고등 영어,government,[명사] 정부,The lesson explains the word 'government' clearly.,그 수업은 'government'라는 단어를 명확히 설명한다.,미학습
중고등 영어,important,[형용사] 중요한,The lesson explains the word 'important' clearly.,그 수업은 'important'라는 단어를 명확히 설명한다.,미학습
중고등 영어,include,[동사] 포함하다,The lesson explains the word 'include' clearly.,그 수업은 'include'라는 단어를 명확히 설명한다.,미학습
중고등 영어,increase,"[동사/명사] 증가하다, 증가",The lesson explains the word 'increase' clearly.,그 수업은 'increase'라는 단어를 명확히 설명한다.,미학습
중고등 영어,individual,"[형용사/명사] 개인의, 개인",The lesson explains the word 'individual' clearly.,그 수업은 'individual'라는 단어를 명확히 설명한다.,미학습
중고등 영어,industry,[명사] 산업,The lesson explains the word 'industry' clearly.,그 수업은 'industry'라는 단어를 명확히 설명한다.,미학습
중고등 영어,instead,[부사] 대신에,The lesson explains the word 'instead' clearly.,그 수업은 'instead'라는 단어를 명확히 설명한다.,미학습
중고등 영어,language,[명사] 언어,The lesson explains the word 'language' clearly.,그 수업은 'language'라는 단어를 명확히 설명한다.,미학습
중고등 영어,local,[형용사] 지역의,The lesson explains the word 'local' clearly.,그 수업은 'local'라는 단어를 명확히 설명한다.,미학습
중고등 영어,major,[형용사] 주요한,The lesson explains the word 'major' clearly.,그 수업은 'major'라는 단어를 명확히 설명한다.,미학습
중고등 영어,method,[명사] 방법,The lesson explains the word 'method' clearly.,그 수업은 'method'라는 단어를 명확히 설명한다.,미학습
중고등 영어,natural,[형용사] 자연의,The lesson explains the word 'natural' clearly.,그 수업은 'natural'라는 단어를 명확히 설명한다.,미학습
중고등 영어,necessary,[형용사] 필요한,The lesson explains the word 'necessary' clearly.,그 수업은 'necessary'라는 단어를 명확히 설명한다.,미학습
중고등 영어,notice,"[동사/명사] 알아차리다, 공지",The lesson explains the word 'notice' clearly.,그 수업은 'notice'라는 단어를 명확히 설명한다.,미학습
중고등 영어,opinion,[명사] 의견,The lesson explains the word 'opinion' clearly.,그 수업은 'opinion'라는 단어를 명확히 설명한다.,미학습
중고등 영어,particular,[형용사] 특정한,The lesson explains the word 'particular' clearly.,그 수업은 'particular'라는 단어를 명확히 설명한다.,미학습
중고등 영어,patient,"[명사/형용사] 환자, 참을성 있는",The lesson explains the word 'patient' clearly.,그 수업은 'patient'라는 단어를 명확히 설명한다.,미학습
중고등 영어,period,[명사] 기간,The lesson explains the word 'period' clearly.,그 수업은 'period'라는 단어를 명확히 설명한다.,미학습
중고등 영어,possible,[형용사] 가능한,The lesson explains the word 'possible' clearly.,그 수업은 'possible'라는 단어를 명확히 설명한다.,미학습
중고등 영어,prefer,[동사] 선호하다,The lesson explains the word 'prefer' clearly.,그 수업은 'prefer'라는 단어를 명확히 설명한다.,미학습
중고등 영어,probably,[부사] 아마도,The lesson explains the word 'probably' clearly.,그 수업은 'probably'라는 단어를 명확히 설명한다.,미학습
중고등 영어,produce,[동사] 생산하다,The lesson explains the word 'produce' clearly.,그 수업은 'produce'라는 단어를 명확히 설명한다.,미학습
중고등 영어,protect,[동사] 보호하다,The lesson explains the word 'protect' clearly.,그 수업은 'protect'라는 단어를 명확히 설명한다.,미학습
중고등 영어,purpose,[명사] 목적,The lesson explains the word 'purpose' clearly.,그 수업은 'purpose'라는 단어를 명확히 설명한다.,미학습
중고등 영어,quality,[명사] 질,The lesson explains the word 'quality' clearly.,그 수업은 'quality'라는 단어를 명확히 설명한다.,미학습
중고등 영어,reason,[명사] 이유,The lesson explains the word 'reason' clearly.,그 수업은 'reason'라는 단어를 명확히 설명한다.,미학습
중고등 영어,reduce,[동사] 줄이다,The lesson explains the word 'reduce' clearly.,그 수업은 'reduce'라는 단어를 명확히 설명한다.,미학습
중고등 영어,relationship,[명사] 관계,The lesson explains the word 'relationship' clearly.,그 수업은 'relationship'라는 단어를 명확히 설명한다.,미학습
중고등 영어,require,[동사] 요구하다,The lesson explains the word 'require' clearly.,그 수업은 'require'라는 단어를 명확히 설명한다.,미학습
중고등 영어,research,"[명사/동사] 연구, 조사하다",The lesson explains the word 'research' clearly.,그 수업은 'research'라는 단어를 명확히 설명한다.,미학습
중고등 영어,result,[명사] 결과,The lesson explains the word 'result' clearly.,그 수업은 'result'라는 단어를 명확히 설명한다.,미학습
중고등 영어,serious,[형용사] 심각한,The lesson explains the word 'serious' clearly.,그 수업은 'serious'라는 단어를 명확히 설명한다.,미학습
중고등 영어,society,[명사] 사회,The lesson explains the word 'society' clearly.,그 수업은 'society'라는 단어를 명확히 설명한다.,미학습
중고등 영어,solution,[명사] 해결책,The lesson explains the word 'solution' clearly.,그 수업은 'solution'라는 단어를 명확히 설명한다.,미학습
중고등 영어,suggest,[동사] 제안하다,The lesson explains the word 'suggest' clearly.,그 수업은 'suggest'라는 단어를 명확히 설명한다.,미학습
중고등 영어,technology,[명사] 기술,The lesson explains the word 'technology' clearly.,그 수업은 'technology'라는 단어를 명확히 설명한다.,미학습
중고등 영어,therefore,[부사] 그러므로,The lesson explains the word 'therefore' clearly.,그 수업은 'therefore'라는 단어를 명확히 설명한다.,미학습
대학 영어,academic,[형용사] 학문적인,The lesson explains the word 'academic' clearly.,그 수업은 'academic'라는 단어를 명확히 설명한다.,미학습
대학 영어,analysis,[명사] 분석,The lesson explains the word 'analysis' clearly.,그 수업은 'analysis'라는 단어를 명확히 설명한다.,미학습
대학 영어,approach,"[명사/동사] 접근법, 접근하다",The lesson explains the word 'approach' clearly.,그 수업은 'approach'라는 단어를 명확히 설명한다.,미학습
대학 영어,assumption,[명사] 가정,The lesson explains the word 'assumption' clearly.,그 수업은 'assumption'라는 단어를 명확히 설명한다.,미학습
대학 영어,authority,"[명사] 권위, 당국",The lesson explains the word 'authority' clearly.,그 수업은 'authority'라는 단어를 명확히 설명한다.,미학습
대학 영어,cite,[동사] 인용하다,The lesson explains the word 'cite' clearly.,그 수업은 'cite'라는 단어를 명확히 설명한다.,미학습
대학 영어,concept,[명사] 개념,The lesson explains the word 'concept' clearly.,그 수업은 'concept'라는 단어를 명확히 설명한다.,미학습
대학 영어,consistent,[형용사] 일관된,The lesson explains the word 'consistent' clearly.,그 수업은 'consistent'라는 단어를 명확히 설명한다.,미학습
대학 영어,constitute,[동사] 구성하다,The lesson explains the word 'constitute' clearly.,그 수업은 'constitute'라는 단어를 명확히 설명한다.,미학습
대학 영어,context,[명사] 맥락,The lesson explains the word 'context' clearly.,그 수업은 'context'라는 단어를 명확히 설명한다.,미학습
대학 영어,contrast,[명사/동사] 대조,The lesson explains the word 'contrast' clearly.,그 수업은 'contrast'라는 단어를 명확히 설명한다.,미학습
대학 영어,criteria,[명사] 기준,The lesson explains the word 'criteria' clearly.,그 수업은 'criteria'라는 단어를 명확히 설명한다.,미학습
대학 영어,debate,[명사/동사] 논쟁,The lesson explains the word 'debate' clearly.,그 수업은 'debate'라는 단어를 명확히 설명한다.,미학습
대학 영어,define,[동사] 정의하다,The lesson explains the word 'define' clearly.,그 수업은 'define'라는 단어를 명확히 설명한다.,미학습
대학 영어,dimension,[명사] 차원,The lesson explains the word 'dimension' clearly.,그 수업은 'dimension'라는 단어를 명확히 설명한다.,미학습
대학 영어,distinct,[형용사] 뚜렷한,The lesson explains the word 'distinct' clearly.,그 수업은 'distinct'라는 단어를 명확히 설명한다.,미학습
대학 영어,distribute,[동사] 분배하다,The lesson explains the word 'distribute' clearly.,그 수업은 'distribute'라는 단어를 명확히 설명한다.,미학습
대학 영어,dominant,[형용사] 지배적인,The lesson explains the word 'dominant' clearly.,그 수업은 'dominant'라는 단어를 명확히 설명한다.,미학습
대학 영어,emerge,[동사] 나타나다,The lesson explains the word 'emerge' clearly.,그 수업은 'emerge'라는 단어를 명확히 설명한다.,미학습
대학 영어,emphasis,[명사] 강조,The lesson explains the word 'emphasis' clearly.,그 수업은 'emphasis'라는 단어를 명확히 설명한다.,미학습
대학 영어,evaluate,[동사] 평가하다,The lesson explains the word 'evaluate' clearly.,그 수업은 'evaluate'라는 단어를 명확히 설명한다.,미학습
대학 영어,evolve,[동사] 진화하다,The lesson explains the word 'evolve' clearly.,그 수업은 'evolve'라는 단어를 명확히 설명한다.,미학습
대학 영어,identify,"[동사] 확인하다, 식별하다",The lesson explains the word 'identify' clearly.,그 수업은 'identify'라는 단어를 명확히 설명한다.,미학습
대학 영어,illustrate,"[동사] 설명하다, 예시하다",The lesson explains the word 'illustrate' clearly.,그 수업은 'illustrate'라는 단어를 명확히 설명한다.,미학습
대학 영어,impact,[명사] 영향,The lesson explains the word 'impact' clearly.,그 수업은 'impact'라는 단어를 명확히 설명한다.,미학습
대학 영어,imply,[동사] 암시하다,The lesson explains the word 'imply' clearly.,그 수업은 'imply'라는 단어를 명확히 설명한다.,미학습
대학 영어,investigate,[동사] 조사하다,The lesson explains the word 'investigate' clearly.,그 수업은 'investigate'라는 단어를 명확히 설명한다.,미학습
대학 영어,justify,[동사] 정당화하다,The lesson explains the word 'justify' clearly.,그 수업은 'justify'라는 단어를 명확히 설명한다.,미학습
대학 영어,logic,[명사] 논리,The lesson explains the word 'logic' clearly.,그 수업은 'logic'라는 단어를 명확히 설명한다.,미학습
대학 영어,maintain,"[동사] 유지하다, 주장하다",The lesson explains the word 'maintain' clearly.,그 수업은 'maintain'라는 단어를 명확히 설명한다.,미학습
대학 영어,objective,"[형용사/명사] 객관적인, 목표",The lesson explains the word 'objective' clearly.,그 수업은 'objective'라는 단어를 명확히 설명한다.,미학습
대학 영어,principle,[명사] 원칙,The lesson explains the word 'principle' clearly.,그 수업은 'principle'라는 단어를 명확히 설명한다.,미학습
대학 영어,proportion,[명사] 비율,The lesson explains the word 'proportion' clearly.,그 수업은 'proportion'라는 단어를 명확히 설명한다.,미학습
대학 영어,relevant,[형용사] 관련 있는,The lesson explains the word 'relevant' clearly.,그 수업은 'relevant'라는 단어를 명확히 설명한다.,미학습
대학 영어,reliability,[명사] 신뢰성,The lesson explains the word 'reliability' clearly.,그 수업은 'reliability'라는 단어를 명확히 설명한다.,미학습
대학 영어,scope,[명사] 범위,The lesson explains the word 'scope' clearly.,그 수업은 'scope'라는 단어를 명확히 설명한다.,미학습
대학 영어,significant,"[형용사] 중요한, 상당한",The lesson explains the word 'significant' clearly.,그 수업은 'significant'라는 단어를 명확히 설명한다.,미학습
대학 영어,source,[명사] 출처,The lesson explains the word 'source' clearly.,그 수업은 'source'라는 단어를 명확히 설명한다.,미학습
대학 영어,statistic,[명사] 통계,The lesson explains the word 'statistic' clearly.,그 수업은 'statistic'라는 단어를 명확히 설명한다.,미학습
대학 영어,structure,[명사] 구조,The lesson explains the word 'structure' clearly.,그 수업은 'structure'라는 단어를 명확히 설명한다.,미학습
대학 영어,theory,[명사] 이론,The lesson explains the word 'theory' clearly.,그 수업은 'theory'라는 단어를 명확히 설명한다.,미학습
대학 영어,valid,[형용사] 타당한,The lesson explains the word 'valid' clearly.,그 수업은 'valid'라는 단어를 명확히 설명한다.,미학습
대학 영어,variable,[명사] 변수,The lesson explains the word 'variable' clearly.,그 수업은 'variable'라는 단어를 명확히 설명한다.,미학습
대학 영어,welfare,[명사] 복지,The lesson explains the word 'welfare' clearly.,그 수업은 'welfare'라는 단어를 명확히 설명한다.,미학습
대학 영어,adaptation,[명사] 적응,The lesson explains the word 'adaptation' clearly.,그 수업은 'adaptation'라는 단어를 명확히 설명한다.,미학습
대학 영어,advocate,[동사] 옹호하다,The lesson explains the word 'advocate' clearly.,그 수업은 'advocate'라는 단어를 명확히 설명한다.,미학습
대학 영어,aggregate,"[동사/명사] 합산하다, 총계",The lesson explains the word 'aggregate' clearly.,그 수업은 'aggregate'라는 단어를 명확히 설명한다.,미학습
대학 영어,analogy,[명사] 유추,The lesson explains the word 'analogy' clearly.,그 수업은 'analogy'라는 단어를 명확히 설명한다.,미학습
대학 영어,anticipate,[동사] 예상하다,The lesson explains the word 'anticipate' clearly.,그 수업은 'anticipate'라는 단어를 명확히 설명한다.,미학습
대학 영어,arbitrary,[형용사] 임의적인,The lesson explains the word 'arbitrary' clearly.,그 수업은 'arbitrary'라는 단어를 명확히 설명한다.,미학습
대학 영어,coherent,[형용사] 일관성 있는,The lesson explains the word 'coherent' clearly.,그 수업은 'coherent'라는 단어를 명확히 설명한다.,미학습
대학 영어,commodity,[명사] 상품,The lesson explains the word 'commodity' clearly.,그 수업은 'commodity'라는 단어를 명확히 설명한다.,미학습
대학 영어,compatible,[형용사] 양립 가능한,The lesson explains the word 'compatible' clearly.,그 수업은 'compatible'라는 단어를 명확히 설명한다.,미학습
대학 영어,contemporary,[형용사] 현대의,The lesson explains the word 'contemporary' clearly.,그 수업은 'contemporary'라는 단어를 명확히 설명한다.,미학습
대학 영어,contradict,[동사] 모순되다,The lesson explains the word 'contradict' clearly.,그 수업은 'contradict'라는 단어를 명확히 설명한다.,미학습
대학 영어,deduce,[동사] 추론하다,The lesson explains the word 'deduce' clearly.,그 수업은 'deduce'라는 단어를 명확히 설명한다.,미학습
대학 영어,demonstrate,[동사] 입증하다,The lesson explains the word 'demonstrate' clearly.,그 수업은 'demonstrate'라는 단어를 명확히 설명한다.,미학습
대학 영어,denote,[동사] 나타내다,The lesson explains the word 'denote' clearly.,그 수업은 'denote'라는 단어를 명확히 설명한다.,미학습
대학 영어,deviate,[동사] 벗어나다,The lesson explains the word 'deviate' clearly.,그 수업은 'deviate'라는 단어를 명확히 설명한다.,미학습
대학 영어,differentiate,[동사] 구별하다,The lesson explains the word 'differentiate' clearly.,그 수업은 'differentiate'라는 단어를 명확히 설명한다.,미학습
대학 영어,duration,[명사] 지속 기간,The lesson explains the word 'duration' clearly.,그 수업은 'duration'라는 단어를 명확히 설명한다.,미학습
대학 영어,equivalent,[형용사] 동등한,The lesson explains the word 'equivalent' clearly.,그 수업은 'equivalent'라는 단어를 명확히 설명한다.,미학습
대학 영어,ethics,[명사] 윤리,The lesson explains the word 'ethics' clearly.,그 수업은 'ethics'라는 단어를 명확히 설명한다.,미학습
대학 영어,exclude,[동사] 제외하다,The lesson explains the word 'exclude' clearly.,그 수업은 'exclude'라는 단어를 명확히 설명한다.,미학습
대학 영어,facilitate,[동사] 촉진하다,The lesson explains the word 'facilitate' clearly.,그 수업은 'facilitate'라는 단어를 명확히 설명한다.,미학습
대학 영어,fundamental,[형용사] 근본적인,The lesson explains the word 'fundamental' clearly.,그 수업은 'fundamental'라는 단어를 명확히 설명한다.,미학습
대학 영어,hierarchy,[명사] 계층,The lesson explains the word 'hierarchy' clearly.,그 수업은 'hierarchy'라는 단어를 명확히 설명한다.,미학습
대학 영어,inherent,[형용사] 내재된,The lesson explains the word 'inherent' clearly.,그 수업은 'inherent'라는 단어를 명확히 설명한다.,미학습
대학 영어,integrate,[동사] 통합하다,The lesson explains the word 'integrate' clearly.,그 수업은 'integrate'라는 단어를 명확히 설명한다.,미학습
대학 영어,mediate,[동사] 중재하다,The lesson explains the word 'mediate' clearly.,그 수업은 'mediate'라는 단어를 명확히 설명한다.,미학습
대학 영어,modify,[동사] 수정하다,The lesson explains the word 'modify' clearly.,그 수업은 'modify'라는 단어를 명확히 설명한다.,미학습
대학 영어,notion,[명사] 개념,The lesson explains the word 'notion' clearly.,그 수업은 'notion'라는 단어를 명확히 설명한다.,미학습
대학 영어,preliminary,[형용사] 예비의,The lesson explains the word 'preliminary' clearly.,그 수업은 'preliminary'라는 단어를 명확히 설명한다.,미학습
대학 영어,presume,[동사] 추정하다,The lesson explains the word 'presume' clearly.,그 수업은 'presume'라는 단어를 명확히 설명한다.,미학습
대학 영어,ratio,[명사] 비율,The lesson explains the word 'ratio' clearly.,그 수업은 'ratio'라는 단어를 명확히 설명한다.,미학습
대학 영어,subsequent,[형용사] 이후의,The lesson explains the word 'subsequent' clearly.,그 수업은 'subsequent'라는 단어를 명확히 설명한다.,미학습
대학 영어,sufficient,[형용사] 충분한,The lesson explains the word 'sufficient' clearly.,그 수업은 'sufficient'라는 단어를 명확히 설명한다.,미학습
대학 영어,underlie,[동사] 기초가 되다,The lesson explains the word 'underlie' clearly.,그 수업은 'underlie'라는 단어를 명확히 설명한다.,미학습
기초 필수 영단어,about,[전치사] ~에 대하여,The lesson explains the word 'about' clearly.,그 수업은 'about'라는 단어를 명확히 설명한다.,미학습
기초 필수 영단어,above,[전치사] ~위에,The lesson explains the word 'above' clearly.,그 수업은 'above'라는 단어를 명확히 설명한다.,미학습
기초 필수 영단어,across,[전치사] ~을 가로질러,The lesson explains the word 'across' clearly.,그 수업은 'across'라는 단어를 명확히 설명한다.,미학습
기초 필수 영단어,after,[전치사] ~후에,The lesson explains the word 'after' clearly.,그 수업은 'after'라는 단어를 명확히 설명한다.,미학습
기초 필수 영단어,again,[부사] 다시,The lesson explains the word 'again' clearly.,그 수업은 'again'라는 단어를 명확히 설명한다.,미학습
기초 필수 영단어,always,[부사] 항상,The lesson explains the word 'always' clearly.,그 수업은 'always'라는 단어를 명확히 설명한다.,미학습
기초 필수 영단어,another,[형용사] 또 다른,The lesson explains the word 'another' clearly.,그 수업은 'another'라는 단어를 명확히 설명한다.,미학습
기초 필수 영단어,around,[전치사] 주변에,The lesson explains the word 'around' clearly.,그 수업은 'around'라는 단어를 명확히 설명한다.,미학습
기초 필수 영단어,because,[접속사] 왜냐하면,The lesson explains the word 'because' clearly.,그 수업은 'because'라는 단어를 명확히 설명한다.,미학습
기초 필수 영단어,before,[전치사] ~전에,The lesson explains the word 'before' clearly.,그 수업은 'before'라는 단어를 명확히 설명한다.,미학습
기초 필수 영단어,begin,[동사] 시작하다,The lesson explains the word 'begin' clearly.,그 수업은 'begin'라는 단어를 명확히 설명한다.,미학습
기초 필수 영단어,between,[전치사] ~사이에,The lesson explains the word 'between' clearly.,그 수업은 'between'라는 단어를 명확히 설명한다.,미학습
기초 필수 영단어,bring,[동사] 가져오다,The lesson explains the word 'bring' clearly.,그 수업은 'bring'라는 단어를 명확히 설명한다.,미학습
기초 필수 영단어,build,"[동사] 짓다, 만들다",The lesson explains the word 'build' clearly.,그 수업은 'build'라는 단어를 명확히 설명한다.,미학습
기초 필수 영단어,carry,[동사] 운반하다,The lesson explains the word 'carry' clearly.,그 수업은 'carry'라는 단어를 명확히 설명한다.,미학습
기초 필수 영단어,change,"[동사/명사] 변하다, 변화",The lesson explains the word 'change' clearly.,그 수업은 'change'라는 단어를 명확히 설명한다.,미학습
기초 필수 영단어,clean,"[형용사/동사] 깨끗한, 청소하다",The lesson explains the word 'clean' clearly.,그 수업은 'clean'라는 단어를 명확히 설명한다.,미학습
기초 필수 영단어,clear,"[형용사] 분명한, 맑은",The lesson explains the word 'clear' clearly.,그 수업은 'clear'라는 단어를 명확히 설명한다.,미학습
기초 필수 영단어,come,[동사] 오다,The lesson explains the word 'come' clearly.,그 수업은 'come'라는 단어를 명확히 설명한다.,미학습
기초 필수 영단어,cook,[동사] 요리하다,The lesson explains the word 'cook' clearly.,그 수업은 'cook'라는 단어를 명확히 설명한다.,미학습
기초 필수 영단어,cover,[동사] 덮다,The lesson explains the word 'cover' clearly.,그 수업은 'cover'라는 단어를 명확히 설명한다.,미학습
기초 필수 영단어,daily,[형용사] 매일의,The lesson explains the word 'daily' clearly.,그 수업은 'daily'라는 단어를 명확히 설명한다.,미학습
기초 필수 영단어,early,"[형용사/부사] 이른, 일찍",The lesson explains the word 'early' clearly.,그 수업은 'early'라는 단어를 명확히 설명한다.,미학습
기초 필수 영단어,easy,[형용사] 쉬운,The lesson explains the word 'easy' clearly.,그 수업은 'easy'라는 단어를 명확히 설명한다.,미학습
기초 필수 영단어,enjoy,[동사] 즐기다,The lesson explains the word 'enjoy' clearly.,그 수업은 'enjoy'라는 단어를 명확히 설명한다.,미학습
기초 필수 영단어,enough,"[형용사/부사] 충분한, 충분히",The lesson explains the word 'enough' clearly.,그 수업은 'enough'라는 단어를 명확히 설명한다.,미학습
기초 필수 영단어,every,[형용사] 모든,The lesson explains the word 'every' clearly.,그 수업은 'every'라는 단어를 명확히 설명한다.,미학습
기초 필수 영단어,find,[동사] 찾다,The lesson explains the word 'find' clearly.,그 수업은 'find'라는 단어를 명확히 설명한다.,미학습
기초 필수 영단어,finish,[동사] 끝내다,The lesson explains the word 'finish' clearly.,그 수업은 'finish'라는 단어를 명확히 설명한다.,미학습
기초 필수 영단어,follow,[동사] 따르다,The lesson explains the word 'follow' clearly.,그 수업은 'follow'라는 단어를 명확히 설명한다.,미학습
기초 필수 영단어,full,[형용사] 가득 찬,The lesson explains the word 'full' clearly.,그 수업은 'full'라는 단어를 명확히 설명한다.,미학습
기초 필수 영단어,game,"[명사] 게임, 경기",The lesson explains the word 'game' clearly.,그 수업은 'game'라는 단어를 명확히 설명한다.,미학습
기초 필수 영단어,give,[동사] 주다,The lesson explains the word 'give' clearly.,그 수업은 'give'라는 단어를 명확히 설명한다.,미학습
기초 필수 영단어,go,[동사] 가다,The lesson explains the word 'go' clearly.,그 수업은 'go'라는 단어를 명확히 설명한다.,미학습
기초 필수 영단어,good,[형용사] 좋은,The lesson explains the word 'good' clearly.,그 수업은 'good'라는 단어를 명확히 설명한다.,미학습
기초 필수 영단어,great,[형용사] 훌륭한,The lesson explains the word 'great' clearly.,그 수업은 'great'라는 단어를 명확히 설명한다.,미학습
기초 필수 영단어,grow,[동사] 자라다,The lesson explains the word 'grow' clearly.,그 수업은 'grow'라는 단어를 명확히 설명한다.,미학습
기초 필수 영단어,hard,"[형용사/부사] 어려운, 열심히",The lesson explains the word 'hard' clearly.,그 수업은 'hard'라는 단어를 명확히 설명한다.,미학습
기초 필수 영단어,hear,[동사] 듣다,The lesson explains the word 'hear' clearly.,그 수업은 'hear'라는 단어를 명확히 설명한다.,미학습
기초 필수 영단어,hope,"[동사/명사] 바라다, 희망",The lesson explains the word 'hope' clearly.,그 수업은 'hope'라는 단어를 명확히 설명한다.,미학습
기초 필수 영단어,keep,[동사] 유지하다,The lesson explains the word 'keep' clearly.,그 수업은 'keep'라는 단어를 명확히 설명한다.,미학습
기초 필수 영단어,kind,"[형용사/명사] 친절한, 종류",The lesson explains the word 'kind' clearly.,그 수업은 'kind'라는 단어를 명확히 설명한다.,미학습
기초 필수 영단어,know,[동사] 알다,The lesson explains the word 'know' clearly.,그 수업은 'know'라는 단어를 명확히 설명한다.,미학습
기초 필수 영단어,laugh,[동사] 웃다,The lesson explains the word 'laugh' clearly.,그 수업은 'laugh'라는 단어를 명확히 설명한다.,미학습
기초 필수 영단어,leave,"[동사] 떠나다, 남기다",The lesson explains the word 'leave' clearly.,그 수업은 'leave'라는 단어를 명확히 설명한다.,미학습
기초 필수 영단어,left,"[형용사/명사] 왼쪽의, 왼쪽",The lesson explains the word 'left' clearly.,그 수업은 'left'라는 단어를 명확히 설명한다.,미학습
기초 필수 영단어,life,[명사] 삶,The lesson explains the word 'life' clearly.,그 수업은 'life'라는 단어를 명확히 설명한다.,미학습
기초 필수 영단어,light,"[명사/형용사] 빛, 밝은",The lesson explains the word 'light' clearly.,그 수업은 'light'라는 단어를 명확히 설명한다.,미학습
기초 필수 영단어,live,[동사] 살다,The lesson explains the word 'live' clearly.,그 수업은 'live'라는 단어를 명확히 설명한다.,미학습
기초 필수 영단어,make,[동사] 만들다,The lesson explains the word 'make' clearly.,그 수업은 'make'라는 단어를 명확히 설명한다.,미학습
기초 필수 영단어,many,[형용사] 많은,The lesson explains the word 'many' clearly.,그 수업은 'many'라는 단어를 명확히 설명한다.,미학습
기초 필수 영단어,meet,[동사] 만나다,The lesson explains the word 'meet' clearly.,그 수업은 'meet'라는 단어를 명확히 설명한다.,미학습
기초 필수 영단어,move,[동사] 움직이다,The lesson explains the word 'move' clearly.,그 수업은 'move'라는 단어를 명확히 설명한다.,미학습
기초 필수 영단어,new,[형용사] 새로운,The lesson explains the word 'new' clearly.,그 수업은 'new'라는 단어를 명확히 설명한다.,미학습
기초 필수 영단어,next,[형용사] 다음의,The lesson explains the word 'next' clearly.,그 수업은 'next'라는 단어를 명확히 설명한다.,미학습
기초 필수 영단어,often,[부사] 자주,The lesson explains the word 'often' clearly.,그 수업은 'often'라는 단어를 명확히 설명한다.,미학습
기초 필수 영단어,only,[부사] 오직,The lesson explains the word 'only' clearly.,그 수업은 'only'라는 단어를 명확히 설명한다.,미학습
기초 필수 영단어,own,[형용사] 자신의,The lesson explains the word 'own' clearly.,그 수업은 'own'라는 단어를 명확히 설명한다.,미학습
기초 필수 영단어,place,[명사] 장소,The lesson explains the word 'place' clearly.,그 수업은 'place'라는 단어를 명확히 설명한다.,미학습
기초 필수 영단어,plan,"[명사/동사] 계획, 계획하다",The lesson explains the word 'plan' clearly.,그 수업은 'plan'라는 단어를 명확히 설명한다.,미학습
기초 필수 영단어,please,"[부사/동사] 제발, 기쁘게 하다",The lesson explains the word 'please' clearly.,그 수업은 'please'라는 단어를 명확히 설명한다.,미학습
기초 필수 영단어,point,"[명사] 점, 요점",The lesson explains the word 'point' clearly.,그 수업은 'point'라는 단어를 명확히 설명한다.,미학습
기초 필수 영단어,put,[동사] 놓다,The lesson explains the word 'put' clearly.,그 수업은 'put'라는 단어를 명확히 설명한다.,미학습
기초 필수 영단어,question,[명사] 질문,The lesson explains the word 'question' clearly.,그 수업은 'question'라는 단어를 명확히 설명한다.,미학습
기초 필수 영단어,ready,[형용사] 준비된,The lesson explains the word 'ready' clearly.,그 수업은 'ready'라는 단어를 명확히 설명한다.,미학습
기초 필수 영단어,right,"[형용사/명사] 옳은, 오른쪽",The lesson explains the word 'right' clearly.,그 수업은 'right'라는 단어를 명확히 설명한다.,미학습
기초 필수 영단어,same,[형용사] 같은,The lesson explains the word 'same' clearly.,그 수업은 'same'라는 단어를 명확히 설명한다.,미학습
기초 필수 영단어,say,[동사] 말하다,The lesson explains the word 'say' clearly.,그 수업은 'say'라는 단어를 명확히 설명한다.,미학습
기초 필수 영단어,share,"[동사] 나누다, 공유하다",The lesson explains the word 'share' clearly.,그 수업은 'share'라는 단어를 명확히 설명한다.,미학습
기초 필수 영단어,show,[동사] 보여주다,The lesson explains the word 'show' clearly.,그 수업은 'show'라는 단어를 명확히 설명한다.,미학습
기초 필수 영단어,start,[동사] 시작하다,The lesson explains the word 'start' clearly.,그 수업은 'start'라는 단어를 명확히 설명한다.,미학습
기초 필수 영단어,stay,[동사] 머무르다,The lesson explains the word 'stay' clearly.,그 수업은 'stay'라는 단어를 명확히 설명한다.,미학습
기초 필수 영단어,stop,[동사] 멈추다,The lesson explains the word 'stop' clearly.,그 수업은 'stop'라는 단어를 명확히 설명한다.,미학습
기초 필수 영단어,story,[명사] 이야기,The lesson explains the word 'story' clearly.,그 수업은 'story'라는 단어를 명확히 설명한다.,미학습
기초 필수 영단어,take,"[동사] 가져가다, 취하다",The lesson explains the word 'take' clearly.,그 수업은 'take'라는 단어를 명확히 설명한다.,미학습
기초 필수 영단어,tell,[동사] 말하다,The lesson explains the word 'tell' clearly.,그 수업은 'tell'라는 단어를 명확히 설명한다.,미학습
기초 필수 영단어,thing,"[명사] 것, 물건",The lesson explains the word 'thing' clearly.,그 수업은 'thing'라는 단어를 명확히 설명한다.,미학습
기초 필수 영단어,think,[동사] 생각하다,The lesson explains the word 'think' clearly.,그 수업은 'think'라는 단어를 명확히 설명한다.,미학습
기초 필수 영단어,time,[명사] 시간,The lesson explains the word 'time' clearly.,그 수업은 'time'라는 단어를 명확히 설명한다.,미학습
기초 필수 영단어,together,[부사] 함께,The lesson explains the word 'together' clearly.,그 수업은 'together'라는 단어를 명확히 설명한다.,미학습
기초 필수 영단어,try,[동사] 시도하다,The lesson explains the word 'try' clearly.,그 수업은 'try'라는 단어를 명확히 설명한다.,미학습
기초 필수 영단어,turn,"[동사/명사] 돌다, 차례",The lesson explains the word 'turn' clearly.,그 수업은 'turn'라는 단어를 명확히 설명한다.,미학습
기초 필수 영단어,under,[전치사] ~아래에,The lesson explains the word 'under' clearly.,그 수업은 'under'라는 단어를 명확히 설명한다.,미학습
기초 필수 영단어,use,"[동사/명사] 사용하다, 사용",The lesson explains the word 'use' clearly.,그 수업은 'use'라는 단어를 명확히 설명한다.,미학습
기초 필수 영단어,very,[부사] 매우,The lesson explains the word 'very' clearly.,그 수업은 'very'라는 단어를 명확히 설명한다.,미학습
기초 필수 영단어,visit,[동사] 방문하다,The lesson explains the word 'visit' clearly.,그 수업은 'visit'라는 단어를 명확히 설명한다.,미학습
기초 필수 영단어,want,[동사] 원하다,The lesson explains the word 'want' clearly.,그 수업은 'want'라는 단어를 명확히 설명한다.,미학습
기초 필수 영단어,wash,[동사] 씻다,The lesson explains the word 'wash' clearly.,그 수업은 'wash'라는 단어를 명확히 설명한다.,미학습
기초 필수 영단어,watch,[동사] 보다,The lesson explains the word 'watch' clearly.,그 수업은 'watch'라는 단어를 명확히 설명한다.,미학습
기초 필수 영단어,work,"[동사/명사] 일하다, 일",The lesson explains the word 'work' clearly.,그 수업은 'work'라는 단어를 명확히 설명한다.,미학습
기초 필수 영단어,world,[명사] 세계,The lesson explains the word 'world' clearly.,그 수업은 'world'라는 단어를 명확히 설명한다.,미학습
중급 필수 영단어,advantage,[명사] 이점,The lesson explains the word 'advantage' clearly.,그 수업은 'advantage'라는 단어를 명확히 설명한다.,미학습
중급 필수 영단어,analyze,[동사] 분석하다,The lesson explains the word 'analyze' clearly.,그 수업은 'analyze'라는 단어를 명확히 설명한다.,미학습
중급 필수 영단어,annual,[형용사] 연례의,The lesson explains the word 'annual' clearly.,그 수업은 'annual'라는 단어를 명확히 설명한다.,미학습
중급 필수 영단어,approach,"[동사/명사] 접근하다, 접근법",The lesson explains the word 'approach' clearly.,그 수업은 'approach'라는 단어를 명확히 설명한다.,미학습
중급 필수 영단어,appropriate,[형용사] 적절한,The lesson explains the word 'appropriate' clearly.,그 수업은 'appropriate'라는 단어를 명확히 설명한다.,미학습
중급 필수 영단어,arrangement,"[명사] 준비, 배열",The lesson explains the word 'arrangement' clearly.,그 수업은 'arrangement'라는 단어를 명확히 설명한다.,미학습
중급 필수 영단어,assistance,[명사] 도움,The lesson explains the word 'assistance' clearly.,그 수업은 'assistance'라는 단어를 명확히 설명한다.,미학습
중급 필수 영단어,average,[명사/형용사] 평균,The lesson explains the word 'average' clearly.,그 수업은 'average'라는 단어를 명확히 설명한다.,미학습
중급 필수 영단어,capable,[형용사] 할 수 있는,The lesson explains the word 'capable' clearly.,그 수업은 'capable'라는 단어를 명확히 설명한다.,미학습
중급 필수 영단어,community,[명사] 공동체,The lesson explains the word 'community' clearly.,그 수업은 'community'라는 단어를 명확히 설명한다.,미학습
중급 필수 영단어,compete,[동사] 경쟁하다,The lesson explains the word 'compete' clearly.,그 수업은 'compete'라는 단어를 명확히 설명한다.,미학습
중급 필수 영단어,complex,[형용사] 복잡한,The lesson explains the word 'complex' clearly.,그 수업은 'complex'라는 단어를 명확히 설명한다.,미학습
중급 필수 영단어,concern,"[명사/동사] 걱정, 관련되다",The lesson explains the word 'concern' clearly.,그 수업은 'concern'라는 단어를 명확히 설명한다.,미학습
중급 필수 영단어,confident,[형용사] 자신 있는,The lesson explains the word 'confident' clearly.,그 수업은 'confident'라는 단어를 명확히 설명한다.,미학습
중급 필수 영단어,confirm,[동사] 확인하다,The lesson explains the word 'confirm' clearly.,그 수업은 'confirm'라는 단어를 명확히 설명한다.,미학습
중급 필수 영단어,consequence,[명사] 결과,The lesson explains the word 'consequence' clearly.,그 수업은 'consequence'라는 단어를 명확히 설명한다.,미학습
중급 필수 영단어,constant,[형용사] 끊임없는,The lesson explains the word 'constant' clearly.,그 수업은 'constant'라는 단어를 명확히 설명한다.,미학습
중급 필수 영단어,construct,[동사] 건설하다,The lesson explains the word 'construct' clearly.,그 수업은 'construct'라는 단어를 명확히 설명한다.,미학습
중급 필수 영단어,consume,[동사] 소비하다,The lesson explains the word 'consume' clearly.,그 수업은 'consume'라는 단어를 명확히 설명한다.,미학습
중급 필수 영단어,convenient,[형용사] 편리한,The lesson explains the word 'convenient' clearly.,그 수업은 'convenient'라는 단어를 명확히 설명한다.,미학습
중급 필수 영단어,cooperate,[동사] 협력하다,The lesson explains the word 'cooperate' clearly.,그 수업은 'cooperate'라는 단어를 명확히 설명한다.,미학습
중급 필수 영단어,creative,[형용사] 창의적인,The lesson explains the word 'creative' clearly.,그 수업은 'creative'라는 단어를 명확히 설명한다.,미학습
중급 필수 영단어,critical,"[형용사] 비판적인, 중요한",The lesson explains the word 'critical' clearly.,그 수업은 'critical'라는 단어를 명확히 설명한다.,미학습
중급 필수 영단어,customer,[명사] 고객,The lesson explains the word 'customer' clearly.,그 수업은 'customer'라는 단어를 명확히 설명한다.,미학습
중급 필수 영단어,definitely,[부사] 분명히,The lesson explains the word 'definitely' clearly.,그 수업은 'definitely'라는 단어를 명확히 설명한다.,미학습
중급 필수 영단어,demand,"[명사/동사] 수요, 요구하다",The lesson explains the word 'demand' clearly.,그 수업은 'demand'라는 단어를 명확히 설명한다.,미학습
중급 필수 영단어,department,[명사] 부서,The lesson explains the word 'department' clearly.,그 수업은 'department'라는 단어를 명확히 설명한다.,미학습
중급 필수 영단어,design,"[명사/동사] 설계, 디자인하다",The lesson explains the word 'design' clearly.,그 수업은 'design'라는 단어를 명확히 설명한다.,미학습
중급 필수 영단어,determine,[동사] 결정하다,The lesson explains the word 'determine' clearly.,그 수업은 'determine'라는 단어를 명확히 설명한다.,미학습
중급 필수 영단어,device,[명사] 장치,The lesson explains the word 'device' clearly.,그 수업은 'device'라는 단어를 명확히 설명한다.,미학습
중급 필수 영단어,element,[명사] 요소,The lesson explains the word 'element' clearly.,그 수업은 'element'라는 단어를 명확히 설명한다.,미학습
중급 필수 영단어,essential,[형용사] 필수적인,The lesson explains the word 'essential' clearly.,그 수업은 'essential'라는 단어를 명확히 설명한다.,미학습
중급 필수 영단어,estimate,"[동사/명사] 추정하다, 추정",The lesson explains the word 'estimate' clearly.,그 수업은 'estimate'라는 단어를 명확히 설명한다.,미학습
중급 필수 영단어,expand,[동사] 확장하다,The lesson explains the word 'expand' clearly.,그 수업은 'expand'라는 단어를 명확히 설명한다.,미학습
중급 필수 영단어,expense,[명사] 비용,The lesson explains the word 'expense' clearly.,그 수업은 'expense'라는 단어를 명확히 설명한다.,미학습
중급 필수 영단어,expert,[명사] 전문가,The lesson explains the word 'expert' clearly.,그 수업은 'expert'라는 단어를 명확히 설명한다.,미학습
중급 필수 영단어,facility,[명사] 시설,The lesson explains the word 'facility' clearly.,그 수업은 'facility'라는 단어를 명확히 설명한다.,미학습
중급 필수 영단어,function,"[명사/동사] 기능, 작동하다",The lesson explains the word 'function' clearly.,그 수업은 'function'라는 단어를 명확히 설명한다.,미학습
중급 필수 영단어,handle,[동사] 처리하다,The lesson explains the word 'handle' clearly.,그 수업은 'handle'라는 단어를 명확히 설명한다.,미학습
중급 필수 영단어,indicate,[동사] 나타내다,The lesson explains the word 'indicate' clearly.,그 수업은 'indicate'라는 단어를 명확히 설명한다.,미학습
중급 필수 영단어,inform,[동사] 알리다,The lesson explains the word 'inform' clearly.,그 수업은 'inform'라는 단어를 명확히 설명한다.,미학습
중급 필수 영단어,initial,[형용사] 초기의,The lesson explains the word 'initial' clearly.,그 수업은 'initial'라는 단어를 명확히 설명한다.,미학습
중급 필수 영단어,involve,"[동사] 포함하다, 관련시키다",The lesson explains the word 'involve' clearly.,그 수업은 'involve'라는 단어를 명확히 설명한다.,미학습
중급 필수 영단어,issue,"[명사] 문제, 쟁점",The lesson explains the word 'issue' clearly.,그 수업은 'issue'라는 단어를 명확히 설명한다.,미학습
중급 필수 영단어,manage,[동사] 관리하다,The lesson explains the word 'manage' clearly.,그 수업은 'manage'라는 단어를 명확히 설명한다.,미학습
중급 필수 영단어,material,"[명사] 재료, 자료",The lesson explains the word 'material' clearly.,그 수업은 'material'라는 단어를 명확히 설명한다.,미학습
중급 필수 영단어,measure,"[동사/명사] 측정하다, 조치",The lesson explains the word 'measure' clearly.,그 수업은 'measure'라는 단어를 명확히 설명한다.,미학습
중급 필수 영단어,mention,[동사] 언급하다,The lesson explains the word 'mention' clearly.,그 수업은 'mention'라는 단어를 명확히 설명한다.,미학습
중급 필수 영단어,minor,[형용사] 사소한,The lesson explains the word 'minor' clearly.,그 수업은 'minor'라는 단어를 명확히 설명한다.,미학습
중급 필수 영단어,negative,[형용사] 부정적인,The lesson explains the word 'negative' clearly.,그 수업은 'negative'라는 단어를 명확히 설명한다.,미학습
중급 필수 영단어,obtain,[동사] 얻다,The lesson explains the word 'obtain' clearly.,그 수업은 'obtain'라는 단어를 명확히 설명한다.,미학습
중급 필수 영단어,operate,"[동사] 작동하다, 운영하다",The lesson explains the word 'operate' clearly.,그 수업은 'operate'라는 단어를 명확히 설명한다.,미학습
중급 필수 영단어,option,[명사] 선택권,The lesson explains the word 'option' clearly.,그 수업은 'option'라는 단어를 명확히 설명한다.,미학습
중급 필수 영단어,participate,[동사] 참여하다,The lesson explains the word 'participate' clearly.,그 수업은 'participate'라는 단어를 명확히 설명한다.,미학습
중급 필수 영단어,perform,[동사] 수행하다,The lesson explains the word 'perform' clearly.,그 수업은 'perform'라는 단어를 명확히 설명한다.,미학습
중급 필수 영단어,permit,"[동사/명사] 허락하다, 허가증",The lesson explains the word 'permit' clearly.,그 수업은 'permit'라는 단어를 명확히 설명한다.,미학습
중급 필수 영단어,persuade,[동사] 설득하다,The lesson explains the word 'persuade' clearly.,그 수업은 'persuade'라는 단어를 명확히 설명한다.,미학습
중급 필수 영단어,positive,[형용사] 긍정적인,The lesson explains the word 'positive' clearly.,그 수업은 'positive'라는 단어를 명확히 설명한다.,미학습
중급 필수 영단어,potential,"[형용사/명사] 잠재적인, 잠재력",The lesson explains the word 'potential' clearly.,그 수업은 'potential'라는 단어를 명확히 설명한다.,미학습
중급 필수 영단어,prevent,[동사] 막다,The lesson explains the word 'prevent' clearly.,그 수업은 'prevent'라는 단어를 명확히 설명한다.,미학습
중급 필수 영단어,process,"[명사/동사] 과정, 처리하다",The lesson explains the word 'process' clearly.,그 수업은 'process'라는 단어를 명확히 설명한다.,미학습
중급 필수 영단어,promote,[동사] 촉진하다,The lesson explains the word 'promote' clearly.,그 수업은 'promote'라는 단어를 명확히 설명한다.,미학습
중급 필수 영단어,proper,[형용사] 적절한,The lesson explains the word 'proper' clearly.,그 수업은 'proper'라는 단어를 명확히 설명한다.,미학습
중급 필수 영단어,provide,[동사] 제공하다,The lesson explains the word 'provide' clearly.,그 수업은 'provide'라는 단어를 명확히 설명한다.,미학습
중급 필수 영단어,purchase,"[동사/명사] 구매하다, 구매",The lesson explains the word 'purchase' clearly.,그 수업은 'purchase'라는 단어를 명확히 설명한다.,미학습
중급 필수 영단어,recommend,[동사] 추천하다,The lesson explains the word 'recommend' clearly.,그 수업은 'recommend'라는 단어를 명확히 설명한다.,미학습
중급 필수 영단어,regular,[형용사] 규칙적인,The lesson explains the word 'regular' clearly.,그 수업은 'regular'라는 단어를 명확히 설명한다.,미학습
중급 필수 영단어,replace,[동사] 대체하다,The lesson explains the word 'replace' clearly.,그 수업은 'replace'라는 단어를 명확히 설명한다.,미학습
중급 필수 영단어,represent,[동사] 대표하다,The lesson explains the word 'represent' clearly.,그 수업은 'represent'라는 단어를 명확히 설명한다.,미학습
중급 필수 영단어,respond,[동사] 응답하다,The lesson explains the word 'respond' clearly.,그 수업은 'respond'라는 단어를 명확히 설명한다.,미학습
중급 필수 영단어,responsible,[형용사] 책임 있는,The lesson explains the word 'responsible' clearly.,그 수업은 'responsible'라는 단어를 명확히 설명한다.,미학습
중급 필수 영단어,review,"[명사/동사] 검토, 검토하다",The lesson explains the word 'review' clearly.,그 수업은 'review'라는 단어를 명확히 설명한다.,미학습
중급 필수 영단어,select,[동사] 선택하다,The lesson explains the word 'select' clearly.,그 수업은 'select'라는 단어를 명확히 설명한다.,미학습
중급 필수 영단어,separate,"[형용사/동사] 분리된, 분리하다",The lesson explains the word 'separate' clearly.,그 수업은 'separate'라는 단어를 명확히 설명한다.,미학습
중급 필수 영단어,sign,"[명사/동사] 표지, 서명하다",The lesson explains the word 'sign' clearly.,그 수업은 'sign'라는 단어를 명확히 설명한다.,미학습
중급 필수 영단어,similar,[형용사] 비슷한,The lesson explains the word 'similar' clearly.,그 수업은 'similar'라는 단어를 명확히 설명한다.,미학습
중급 필수 영단어,specific,[형용사] 구체적인,The lesson explains the word 'specific' clearly.,그 수업은 'specific'라는 단어를 명확히 설명한다.,미학습
중급 필수 영단어,strategy,[명사] 전략,The lesson explains the word 'strategy' clearly.,그 수업은 'strategy'라는 단어를 명확히 설명한다.,미학습
중급 필수 영단어,suitable,[형용사] 적합한,The lesson explains the word 'suitable' clearly.,그 수업은 'suitable'라는 단어를 명확히 설명한다.,미학습
중급 필수 영단어,supply,"[명사/동사] 공급, 공급하다",The lesson explains the word 'supply' clearly.,그 수업은 'supply'라는 단어를 명확히 설명한다.,미학습
중급 필수 영단어,survive,[동사] 살아남다,The lesson explains the word 'survive' clearly.,그 수업은 'survive'라는 단어를 명확히 설명한다.,미학습
중급 필수 영단어,technical,[형용사] 기술적인,The lesson explains the word 'technical' clearly.,그 수업은 'technical'라는 단어를 명확히 설명한다.,미학습
중급 필수 영단어,transfer,"[동사/명사] 옮기다, 이동",The lesson explains the word 'transfer' clearly.,그 수업은 'transfer'라는 단어를 명확히 설명한다.,미학습
중급 필수 영단어,variety,[명사] 다양성,The lesson explains the word 'variety' clearly.,그 수업은 'variety'라는 단어를 명확히 설명한다.,미학습
고급 필수 영단어,abate,"[동사] 약해지다, 줄어들다",The lesson explains the word 'abate' clearly.,그 수업은 'abate'라는 단어를 명확히 설명한다.,미학습
고급 필수 영단어,aberration,"[명사] 일탈, 이상 현상",The lesson explains the word 'aberration' clearly.,그 수업은 'aberration'라는 단어를 명확히 설명한다.,미학습
고급 필수 영단어,abhor,[동사] 혐오하다,The lesson explains the word 'abhor' clearly.,그 수업은 'abhor'라는 단어를 명확히 설명한다.,미학습
고급 필수 영단어,abstain,[동사] 삼가다,The lesson explains the word 'abstain' clearly.,그 수업은 'abstain'라는 단어를 명확히 설명한다.,미학습
고급 필수 영단어,acquiesce,[동사] 묵인하다,The lesson explains the word 'acquiesce' clearly.,그 수업은 'acquiesce'라는 단어를 명확히 설명한다.,미학습
고급 필수 영단어,admonish,[동사] 훈계하다,The lesson explains the word 'admonish' clearly.,그 수업은 'admonish'라는 단어를 명확히 설명한다.,미학습
고급 필수 영단어,affinity,"[명사] 친밀감, 유사성",The lesson explains the word 'affinity' clearly.,그 수업은 'affinity'라는 단어를 명확히 설명한다.,미학습
고급 필수 영단어,alleviate,[동사] 완화하다,The lesson explains the word 'alleviate' clearly.,그 수업은 'alleviate'라는 단어를 명확히 설명한다.,미학습
고급 필수 영단어,ambivalent,[형용사] 양가적인,The lesson explains the word 'ambivalent' clearly.,그 수업은 'ambivalent'라는 단어를 명확히 설명한다.,미학습
고급 필수 영단어,antagonize,[동사] 적대하게 하다,The lesson explains the word 'antagonize' clearly.,그 수업은 'antagonize'라는 단어를 명확히 설명한다.,미학습
고급 필수 영단어,arbitrary,[형용사] 임의적인,The lesson explains the word 'arbitrary' clearly.,그 수업은 'arbitrary'라는 단어를 명확히 설명한다.,미학습
고급 필수 영단어,arduous,[형용사] 힘든,The lesson explains the word 'arduous' clearly.,그 수업은 'arduous'라는 단어를 명확히 설명한다.,미학습
고급 필수 영단어,ascertain,[동사] 확인하다,The lesson explains the word 'ascertain' clearly.,그 수업은 'ascertain'라는 단어를 명확히 설명한다.,미학습
고급 필수 영단어,austere,"[형용사] 엄격한, 검소한",The lesson explains the word 'austere' clearly.,그 수업은 'austere'라는 단어를 명확히 설명한다.,미학습
고급 필수 영단어,candid,[형용사] 솔직한,The lesson explains the word 'candid' clearly.,그 수업은 'candid'라는 단어를 명확히 설명한다.,미학습
고급 필수 영단어,censure,"[동사/명사] 비난하다, 비난",The lesson explains the word 'censure' clearly.,그 수업은 'censure'라는 단어를 명확히 설명한다.,미학습
고급 필수 영단어,circumvent,[동사] 우회하다,The lesson explains the word 'circumvent' clearly.,그 수업은 'circumvent'라는 단어를 명확히 설명한다.,미학습
고급 필수 영단어,coalesce,[동사] 합쳐지다,The lesson explains the word 'coalesce' clearly.,그 수업은 'coalesce'라는 단어를 명확히 설명한다.,미학습
고급 필수 영단어,cogent,[형용사] 설득력 있는,The lesson explains the word 'cogent' clearly.,그 수업은 'cogent'라는 단어를 명확히 설명한다.,미학습
고급 필수 영단어,commensurate,[형용사] 비례하는,The lesson explains the word 'commensurate' clearly.,그 수업은 'commensurate'라는 단어를 명확히 설명한다.,미학습
고급 필수 영단어,concede,"[동사] 인정하다, 양보하다",The lesson explains the word 'concede' clearly.,그 수업은 'concede'라는 단어를 명확히 설명한다.,미학습
고급 필수 영단어,convoluted,[형용사] 복잡한,The lesson explains the word 'convoluted' clearly.,그 수업은 'convoluted'라는 단어를 명확히 설명한다.,미학습
고급 필수 영단어,copious,[형용사] 풍부한,The lesson explains the word 'copious' clearly.,그 수업은 'copious'라는 단어를 명확히 설명한다.,미학습
고급 필수 영단어,corroborate,[동사] 확증하다,The lesson explains the word 'corroborate' clearly.,그 수업은 'corroborate'라는 단어를 명확히 설명한다.,미학습
고급 필수 영단어,culminate,[동사] 절정에 달하다,The lesson explains the word 'culminate' clearly.,그 수업은 'culminate'라는 단어를 명확히 설명한다.,미학습
고급 필수 영단어,dearth,[명사] 부족,The lesson explains the word 'dearth' clearly.,그 수업은 'dearth'라는 단어를 명확히 설명한다.,미학습
고급 필수 영단어,debilitate,[동사] 약화시키다,The lesson explains the word 'debilitate' clearly.,그 수업은 'debilitate'라는 단어를 명확히 설명한다.,미학습
고급 필수 영단어,defer,"[동사] 연기하다, 따르다",The lesson explains the word 'defer' clearly.,그 수업은 'defer'라는 단어를 명확히 설명한다.,미학습
고급 필수 영단어,delineate,[동사] 묘사하다,The lesson explains the word 'delineate' clearly.,그 수업은 'delineate'라는 단어를 명확히 설명한다.,미학습
고급 필수 영단어,denounce,[동사] 비난하다,The lesson explains the word 'denounce' clearly.,그 수업은 'denounce'라는 단어를 명확히 설명한다.,미학습
고급 필수 영단어,deride,[동사] 조롱하다,The lesson explains the word 'deride' clearly.,그 수업은 'deride'라는 단어를 명확히 설명한다.,미학습
고급 필수 영단어,despondent,[형용사] 낙담한,The lesson explains the word 'despondent' clearly.,그 수업은 'despondent'라는 단어를 명확히 설명한다.,미학습
고급 필수 영단어,detrimental,[형용사] 해로운,The lesson explains the word 'detrimental' clearly.,그 수업은 'detrimental'라는 단어를 명확히 설명한다.,미학습
고급 필수 영단어,dichotomy,[명사] 이분법,The lesson explains the word 'dichotomy' clearly.,그 수업은 'dichotomy'라는 단어를 명확히 설명한다.,미학습
고급 필수 영단어,diffident,[형용사] 자신 없는,The lesson explains the word 'diffident' clearly.,그 수업은 'diffident'라는 단어를 명확히 설명한다.,미학습
고급 필수 영단어,diligent,[형용사] 성실한,The lesson explains the word 'diligent' clearly.,그 수업은 'diligent'라는 단어를 명확히 설명한다.,미학습
고급 필수 영단어,disparate,[형용사] 이질적인,The lesson explains the word 'disparate' clearly.,그 수업은 'disparate'라는 단어를 명확히 설명한다.,미학습
고급 필수 영단어,disseminate,[동사] 퍼뜨리다,The lesson explains the word 'disseminate' clearly.,그 수업은 'disseminate'라는 단어를 명확히 설명한다.,미학습
고급 필수 영단어,dogmatic,[형용사] 독단적인,The lesson explains the word 'dogmatic' clearly.,그 수업은 'dogmatic'라는 단어를 명확히 설명한다.,미학습
고급 필수 영단어,elicit,[동사] 이끌어내다,The lesson explains the word 'elicit' clearly.,그 수업은 'elicit'라는 단어를 명확히 설명한다.,미학습
고급 필수 영단어,emulate,[동사] 모방하다,The lesson explains the word 'emulate' clearly.,그 수업은 'emulate'라는 단어를 명확히 설명한다.,미학습
고급 필수 영단어,enervate,[동사] 기운을 빼앗다,The lesson explains the word 'enervate' clearly.,그 수업은 'enervate'라는 단어를 명확히 설명한다.,미학습
고급 필수 영단어,ephemeral,[형용사] 덧없는,The lesson explains the word 'ephemeral' clearly.,그 수업은 'ephemeral'라는 단어를 명확히 설명한다.,미학습
고급 필수 영단어,equivocal,[형용사] 모호한,The lesson explains the word 'equivocal' clearly.,그 수업은 'equivocal'라는 단어를 명확히 설명한다.,미학습
고급 필수 영단어,erudite,[형용사] 박식한,The lesson explains the word 'erudite' clearly.,그 수업은 'erudite'라는 단어를 명확히 설명한다.,미학습
고급 필수 영단어,esoteric,[형용사] 난해한,The lesson explains the word 'esoteric' clearly.,그 수업은 'esoteric'라는 단어를 명확히 설명한다.,미학습
고급 필수 영단어,exacerbate,[동사] 악화시키다,The lesson explains the word 'exacerbate' clearly.,그 수업은 'exacerbate'라는 단어를 명확히 설명한다.,미학습
고급 필수 영단어,exonerate,[동사] 무죄로 하다,The lesson explains the word 'exonerate' clearly.,그 수업은 'exonerate'라는 단어를 명확히 설명한다.,미학습
고급 필수 영단어,expedite,[동사] 신속히 처리하다,The lesson explains the word 'expedite' clearly.,그 수업은 'expedite'라는 단어를 명확히 설명한다.,미학습
고급 필수 영단어,fallacious,[형용사] 그릇된,The lesson explains the word 'fallacious' clearly.,그 수업은 'fallacious'라는 단어를 명확히 설명한다.,미학습
고급 필수 영단어,fastidious,[형용사] 까다로운,The lesson explains the word 'fastidious' clearly.,그 수업은 'fastidious'라는 단어를 명확히 설명한다.,미학습
고급 필수 영단어,fortuitous,[형용사] 우연한,The lesson explains the word 'fortuitous' clearly.,그 수업은 'fortuitous'라는 단어를 명확히 설명한다.,미학습
고급 필수 영단어,frugal,[형용사] 절약하는,The lesson explains the word 'frugal' clearly.,그 수업은 'frugal'라는 단어를 명확히 설명한다.,미학습
고급 필수 영단어,garrulous,[형용사] 수다스러운,The lesson explains the word 'garrulous' clearly.,그 수업은 'garrulous'라는 단어를 명확히 설명한다.,미학습
고급 필수 영단어,gregarious,[형용사] 사교적인,The lesson explains the word 'gregarious' clearly.,그 수업은 'gregarious'라는 단어를 명확히 설명한다.,미학습
고급 필수 영단어,hackneyed,[형용사] 진부한,The lesson explains the word 'hackneyed' clearly.,그 수업은 'hackneyed'라는 단어를 명확히 설명한다.,미학습
고급 필수 영단어,iconoclast,[명사] 인습 타파자,The lesson explains the word 'iconoclast' clearly.,그 수업은 'iconoclast'라는 단어를 명확히 설명한다.,미학습
고급 필수 영단어,immutable,[형용사] 변하지 않는,The lesson explains the word 'immutable' clearly.,그 수업은 'immutable'라는 단어를 명확히 설명한다.,미학습
고급 필수 영단어,impede,[동사] 방해하다,The lesson explains the word 'impede' clearly.,그 수업은 'impede'라는 단어를 명확히 설명한다.,미학습
고급 필수 영단어,implacable,[형용사] 달랠 수 없는,The lesson explains the word 'implacable' clearly.,그 수업은 'implacable'라는 단어를 명확히 설명한다.,미학습
고급 필수 영단어,inadvertent,[형용사] 부주의한,The lesson explains the word 'inadvertent' clearly.,그 수업은 'inadvertent'라는 단어를 명확히 설명한다.,미학습
고급 필수 영단어,incontrovertible,[형용사] 논박할 수 없는,The lesson explains the word 'incontrovertible' clearly.,그 수업은 'incontrovertible'라는 단어를 명확히 설명한다.,미학습
고급 필수 영단어,indolent,[형용사] 게으른,The lesson explains the word 'indolent' clearly.,그 수업은 'indolent'라는 단어를 명확히 설명한다.,미학습
고급 필수 영단어,ineffable,[형용사] 말로 표현할 수 없는,The lesson explains the word 'ineffable' clearly.,그 수업은 'ineffable'라는 단어를 명확히 설명한다.,미학습
고급 필수 영단어,inexorable,[형용사] 냉혹한,The lesson explains the word 'inexorable' clearly.,그 수업은 'inexorable'라는 단어를 명확히 설명한다.,미학습
고급 필수 영단어,ingenuous,[형용사] 순진한,The lesson explains the word 'ingenuous' clearly.,그 수업은 'ingenuous'라는 단어를 명확히 설명한다.,미학습
고급 필수 영단어,insidious,[형용사] 교활한,The lesson explains the word 'insidious' clearly.,그 수업은 'insidious'라는 단어를 명확히 설명한다.,미학습
고급 필수 영단어,intrepid,[형용사] 용감한,The lesson explains the word 'intrepid' clearly.,그 수업은 'intrepid'라는 단어를 명확히 설명한다.,미학습
고급 필수 영단어,laconic,[형용사] 간결한,The lesson explains the word 'laconic' clearly.,그 수업은 'laconic'라는 단어를 명확히 설명한다.,미학습
고급 필수 영단어,laudable,[형용사] 칭찬할 만한,The lesson explains the word 'laudable' clearly.,그 수업은 'laudable'라는 단어를 명확히 설명한다.,미학습
고급 필수 영단어,lucid,[형용사] 명료한,The lesson explains the word 'lucid' clearly.,그 수업은 'lucid'라는 단어를 명확히 설명한다.,미학습
고급 필수 영단어,magnanimous,[형용사] 관대한,The lesson explains the word 'magnanimous' clearly.,그 수업은 'magnanimous'라는 단어를 명확히 설명한다.,미학습
고급 필수 영단어,malleable,"[형용사] 잘 변하는, 순응적인",The lesson explains the word 'malleable' clearly.,그 수업은 'malleable'라는 단어를 명확히 설명한다.,미학습
고급 필수 영단어,mendacious,[형용사] 거짓말하는,The lesson explains the word 'mendacious' clearly.,그 수업은 'mendacious'라는 단어를 명확히 설명한다.,미학습
고급 필수 영단어,mitigate,[동사] 완화하다,The lesson explains the word 'mitigate' clearly.,그 수업은 'mitigate'라는 단어를 명확히 설명한다.,미학습
고급 필수 영단어,nefarious,[형용사] 사악한,The lesson explains the word 'nefarious' clearly.,그 수업은 'nefarious'라는 단어를 명확히 설명한다.,미학습
고급 필수 영단어,obdurate,[형용사] 완고한,The lesson explains the word 'obdurate' clearly.,그 수업은 'obdurate'라는 단어를 명확히 설명한다.,미학습
고급 필수 영단어,obfuscate,[동사] 혼란스럽게 하다,The lesson explains the word 'obfuscate' clearly.,그 수업은 'obfuscate'라는 단어를 명확히 설명한다.,미학습
고급 필수 영단어,ostensible,[형용사] 표면상의,The lesson explains the word 'ostensible' clearly.,그 수업은 'ostensible'라는 단어를 명확히 설명한다.,미학습
고급 필수 영단어,paragon,[명사] 모범,The lesson explains the word 'paragon' clearly.,그 수업은 'paragon'라는 단어를 명확히 설명한다.,미학습
고급 필수 영단어,perfunctory,[형용사] 형식적인,The lesson explains the word 'perfunctory' clearly.,그 수업은 'perfunctory'라는 단어를 명확히 설명한다.,미학습
고급 필수 영단어,perspicacious,[형용사] 통찰력 있는,The lesson explains the word 'perspicacious' clearly.,그 수업은 'perspicacious'라는 단어를 명확히 설명한다.,미학습
고급 필수 영단어,prolific,[형용사] 다작의,The lesson explains the word 'prolific' clearly.,그 수업은 'prolific'라는 단어를 명확히 설명한다.,미학습
고급 필수 영단어,quintessential,[형용사] 전형적인,The lesson explains the word 'quintessential' clearly.,그 수업은 'quintessential'라는 단어를 명확히 설명한다.,미학습
고급 필수 영단어,reticent,[형용사] 말이 없는,The lesson explains the word 'reticent' clearly.,그 수업은 'reticent'라는 단어를 명확히 설명한다.,미학습
고급 필수 영단어,scrupulous,[형용사] 양심적인,The lesson explains the word 'scrupulous' clearly.,그 수업은 'scrupulous'라는 단어를 명확히 설명한다.,미학습
고급 필수 영단어,tenacious,[형용사] 끈질긴,The lesson explains the word 'tenacious' clearly.,그 수업은 'tenacious'라는 단어를 명확히 설명한다.,미학습
고급 필수 영단어,ubiquitous,[형용사] 어디에나 있는,The lesson explains the word 'ubiquitous' clearly.,그 수업은 'ubiquitous'라는 단어를 명확히 설명한다.,미학습
여행 영어,airport,[명사] 공항,I used the word 'airport' during my trip.,나는 여행 중에 'airport'라는 표현을 사용했다.,미학습
여행 영어,airline,[명사] 항공사,I used the word 'airline' during my trip.,나는 여행 중에 'airline'라는 표현을 사용했다.,미학습
여행 영어,visa,[명사] 비자,I used the word 'visa' during my trip.,나는 여행 중에 'visa'라는 표현을 사용했다.,미학습
여행 영어,ticket,[명사] 표,I used the word 'ticket' during my trip.,나는 여행 중에 'ticket'라는 표현을 사용했다.,암기 완료
여행 영어,gate,[명사] 탑승구,I used the word 'gate' during my trip.,나는 여행 중에 'gate'라는 표현을 사용했다.,미학습
여행 영어,flight,[명사] 항공편,I used the word 'flight' during my trip.,나는 여행 중에 'flight'라는 표현을 사용했다.,미학습
여행 영어,cancel,[동사] 취소하다,I used the word 'cancel' during my trip.,나는 여행 중에 'cancel'라는 표현을 사용했다.,미학습
여행 영어,suitcase,[명사] 여행가방,I used the word 'suitcase' during my trip.,나는 여행 중에 'suitcase'라는 표현을 사용했다.,미학습
여행 영어,immigration,[명사] 입국 심사,I used the word 'immigration' during my trip.,나는 여행 중에 'immigration'라는 표현을 사용했다.,미학습
여행 영어,confirmation,[명사] 확인,I used the word 'confirmation' during my trip.,나는 여행 중에 'confirmation'라는 표현을 사용했다.,미학습
여행 영어,hotel,[명사] 호텔,I used the word 'hotel' during my trip.,나는 여행 중에 'hotel'라는 표현을 사용했다.,미학습
여행 영어,check-in,[명사/동사] 체크인,I used the word 'check-in' during my trip.,나는 여행 중에 'check-in'라는 표현을 사용했다.,미학습
여행 영어,check-out,[명사/동사] 체크아웃,I used the word 'check-out' during my trip.,나는 여행 중에 'check-out'라는 표현을 사용했다.,미학습
여행 영어,reception,[명사] 접수처,I used the word 'reception' during my trip.,나는 여행 중에 'reception'라는 표현을 사용했다.,미학습
여행 영어,room key,[명사] 객실 열쇠,I used the word 'room key' during my trip.,나는 여행 중에 'room key'라는 표현을 사용했다.,미학습
여행 영어,single room,[명사] 1인실,I used the word 'single room' during my trip.,나는 여행 중에 'single room'라는 표현을 사용했다.,미학습
여행 영어,double room,[명사] 2인실,I used the word 'double room' during my trip.,나는 여행 중에 'double room'라는 표현을 사용했다.,미학습
여행 영어,breakfast,[명사] 아침 식사,I used the word 'breakfast' during my trip.,나는 여행 중에 'breakfast'라는 표현을 사용했다.,미학습
여행 영어,restaurant,[명사] 식당,I used the word 'restaurant' during my trip.,나는 여행 중에 'restaurant'라는 표현을 사용했다.,미학습
여행 영어,menu,[명사] 메뉴,I used the word 'menu' during my trip.,나는 여행 중에 'menu'라는 표현을 사용했다.,미학습
여행 영어,order,"[동사/명사] 주문하다, 주문",I used the word 'order' during my trip.,나는 여행 중에 'order'라는 표현을 사용했다.,미학습
여행 영어,bill,[명사] 계산서,I used the word 'bill' during my trip.,나는 여행 중에 'bill'라는 표현을 사용했다.,미학습
여행 영어,tip,[명사] 팁,I used the word 'tip' during my trip.,나는 여행 중에 'tip'라는 표현을 사용했다.,미학습
여행 영어,table,[명사] 테이블,I used the word 'table' during my trip.,나는 여행 중에 'table'라는 표현을 사용했다.,미학습
여행 영어,waiter,[명사] 웨이터,I used the word 'waiter' during my trip.,나는 여행 중에 'waiter'라는 표현을 사용했다.,미학습
여행 영어,waitress,[명사] 웨이트리스,I used the word 'waitress' during my trip.,나는 여행 중에 'waitress'라는 표현을 사용했다.,미학습
여행 영어,vegetarian,"[명사/형용사] 채식주의자, 채식의",I used the word 'vegetarian' during my trip.,나는 여행 중에 'vegetarian'라는 표현을 사용했다.,미학습
여행 영어,allergy,[명사] 알레르기,I used the word 'allergy' during my trip.,나는 여행 중에 'allergy'라는 표현을 사용했다.,미학습
여행 영어,spicy,[형용사] 매운,I used the word 'spicy' during my trip.,나는 여행 중에 'spicy'라는 표현을 사용했다.,미학습
여행 영어,delicious,[형용사] 맛있는,I used the word 'delicious' during my trip.,나는 여행 중에 'delicious'라는 표현을 사용했다.,미학습
여행 영어,water bottle,[명사] 물병,I used the word 'water bottle' during my trip.,나는 여행 중에 'water bottle'라는 표현을 사용했다.,미학습
여행 영어,coffee shop,[명사] 커피숍,I used the word 'coffee shop' during my trip.,나는 여행 중에 'coffee shop'라는 표현을 사용했다.,미학습
여행 영어,taxi,[명사] 택시,I used the word 'taxi' during my trip.,나는 여행 중에 'taxi'라는 표현을 사용했다.,미학습
여행 영어,bus,[명사] 버스,I used the word 'bus' during my trip.,나는 여행 중에 'bus'라는 표현을 사용했다.,미학습
여행 영어,train,[명사] 기차,I used the word 'train' during my trip.,나는 여행 중에 'train'라는 표현을 사용했다.,미학습
여행 영어,subway,[명사] 지하철,I used the word 'subway' during my trip.,나는 여행 중에 'subway'라는 표현을 사용했다.,미학습
여행 영어,station,[명사] 역,I used the word 'station' during my trip.,나는 여행 중에 'station'라는 표현을 사용했다.,미학습
여행 영어,platform,[명사] 승강장,I used the word 'platform' during my trip.,나는 여행 중에 'platform'라는 표현을 사용했다.,미학습
여행 영어,map,[명사] 지도,I used the word 'map' during my trip.,나는 여행 중에 'map'라는 표현을 사용했다.,미학습
여행 영어,address,[명사] 주소,I used the word 'address' during my trip.,나는 여행 중에 'address'라는 표현을 사용했다.,미학습
여행 영어,direction,[명사] 방향,I used the word 'direction' during my trip.,나는 여행 중에 'direction'라는 표현을 사용했다.,미학습
여행 영어,left,[명사/형용사] 왼쪽,I used the word 'left' during my trip.,나는 여행 중에 'left'라는 표현을 사용했다.,미학습
여행 영어,right,[명사/형용사] 오른쪽,I used the word 'right' during my trip.,나는 여행 중에 'right'라는 표현을 사용했다.,미학습
여행 영어,straight,[부사] 곧장,I used the word 'straight' during my trip.,나는 여행 중에 'straight'라는 표현을 사용했다.,미학습
여행 영어,near,[전치사] 가까이에,I used the word 'near' during my trip.,나는 여행 중에 'near'라는 표현을 사용했다.,미학습
여행 영어,far,"[형용사/부사] 먼, 멀리",I used the word 'far' during my trip.,나는 여행 중에 'far'라는 표현을 사용했다.,미학습
여행 영어,downtown,"[명사/부사] 시내, 시내에",I used the word 'downtown' during my trip.,나는 여행 중에 'downtown'라는 표현을 사용했다.,미학습
여행 영어,museum,[명사] 박물관,I used the word 'museum' during my trip.,나는 여행 중에 'museum'라는 표현을 사용했다.,미학습
여행 영어,gallery,[명사] 미술관,I used the word 'gallery' during my trip.,나는 여행 중에 'gallery'라는 표현을 사용했다.,미학습
여행 영어,beach,[명사] 해변,I used the word 'beach' during my trip.,나는 여행 중에 'beach'라는 표현을 사용했다.,미학습
여행 영어,mountain,[명사] 산,I used the word 'mountain' during my trip.,나는 여행 중에 'mountain'라는 표현을 사용했다.,미학습
여행 영어,park,[명사] 공원,I used the word 'park' during my trip.,나는 여행 중에 'park'라는 표현을 사용했다.,미학습
여행 영어,bridge,[명사] 다리,I used the word 'bridge' during my trip.,나는 여행 중에 'bridge'라는 표현을 사용했다.,미학습
여행 영어,market,[명사] 시장,I used the word 'market' during my trip.,나는 여행 중에 'market'라는 표현을 사용했다.,미학습
여행 영어,cash,[명사] 현금,I used the word 'cash' during my trip.,나는 여행 중에 'cash'라는 표현을 사용했다.,미학습
여행 영어,credit card,[명사] 신용카드,I used the word 'credit card' during my trip.,나는 여행 중에 'credit card'라는 표현을 사용했다.,미학습
여행 영어,exchange rate,[명사] 환율,I used the word 'exchange rate' during my trip.,나는 여행 중에 'exchange rate'라는 표현을 사용했다.,미학습
여행 영어,currency,[명사] 통화,I used the word 'currency' during my trip.,나는 여행 중에 'currency'라는 표현을 사용했다.,미학습
여행 영어,receipt,[명사] 영수증,I used the word 'receipt' during my trip.,나는 여행 중에 'receipt'라는 표현을 사용했다.,미학습
여행 영어,discount,[명사] 할인,I used the word 'discount' during my trip.,나는 여행 중에 'discount'라는 표현을 사용했다.,미학습
여행 영어,price,[명사] 가격,I used the word 'price' during my trip.,나는 여행 중에 'price'라는 표현을 사용했다.,미학습
여행 영어,expensive,[형용사] 비싼,I used the word 'expensive' during my trip.,나는 여행 중에 'expensive'라는 표현을 사용했다.,미학습
여행 영어,cheap,[형용사] 싼,I used the word 'cheap' during my trip.,나는 여행 중에 'cheap'라는 표현을 사용했다.,미학습
여행 영어,emergency,[명사] 응급 상황,I used the word 'emergency' during my trip.,나는 여행 중에 'emergency'라는 표현을 사용했다.,미학습
여행 영어,hospital,[명사] 병원,I used the word 'hospital' during my trip.,나는 여행 중에 'hospital'라는 표현을 사용했다.,미학습
여행 영어,pharmacy,[명사] 약국,I used the word 'pharmacy' during my trip.,나는 여행 중에 'pharmacy'라는 표현을 사용했다.,미학습
여행 영어,police,[명사] 경찰,I used the word 'police' during my trip.,나는 여행 중에 'police'라는 표현을 사용했다.,미학습
여행 영어,lost,"[형용사] 길을 잃은, 잃어버린",I used the word 'lost' during my trip.,나는 여행 중에 'lost'라는 표현을 사용했다.,미학습
여행 영어,safe,[형용사] 안전한,I used the word 'safe' during my trip.,나는 여행 중에 'safe'라는 표현을 사용했다.,미학습
여행 영어,dangerous,[형용사] 위험한,I used the word 'dangerous' during my trip.,나는 여행 중에 'dangerous'라는 표현을 사용했다.,미학습
여행 영어,help,"[명사/동사] 도움, 돕다",I used the word 'help' during my trip.,나는 여행 중에 'help'라는 표현을 사용했다.,미학습
여행 영어,toilet,[명사] 화장실,I used the word 'toilet' during my trip.,나는 여행 중에 'toilet'라는 표현을 사용했다.,미학습
여행 영어,restroom,[명사] 화장실,I used the word 'restroom' during my trip.,나는 여행 중에 'restroom'라는 표현을 사용했다.,미학습
여행 영어,entrance,[명사] 입구,I used the word 'entrance' during my trip.,나는 여행 중에 'entrance'라는 표현을 사용했다.,미학습
여행 영어,exit,[명사] 출구,I used the word 'exit' during my trip.,나는 여행 중에 'exit'라는 표현을 사용했다.,미학습
여행 영어,tour,"[명사/동사] 여행, 관광하다",I used the word 'tour' during my trip.,나는 여행 중에 'tour'라는 표현을 사용했다.,미학습
여행 영어,guide,[명사] 안내자,I used the word 'guide' during my trip.,나는 여행 중에 'guide'라는 표현을 사용했다.,미학습
여행 영어,schedule,[명사] 일정,I used the word 'schedule' during my trip.,나는 여행 중에 'schedule'라는 표현을 사용했다.,미학습
여행 영어,local,[형용사] 현지의,I used the word 'local' during my trip.,나는 여행 중에 'local'라는 표현을 사용했다.,미학습
여행 영어,photo,[명사] 사진,I used the word 'photo' during my trip.,나는 여행 중에 'photo'라는 표현을 사용했다.,미학습
여행 영어,weather,[명사] 날씨,I used the word 'weather' during my trip.,나는 여행 중에 'weather'라는 표현을 사용했다.,미학습
여행 영어,season,[명사] 계절,I used the word 'season' during my trip.,나는 여행 중에 'season'라는 표현을 사용했다.,미학습
토익 950+ 목표,allocate,[동사] 할당하다,The manager reviewed the term 'allocate' in the business report.,그 관리자는 업무 보고서에서 'allocate'라는 용어를 검토했다.,미학습
토익 950+ 목표,applicant,[명사] 지원자,The manager reviewed the term 'applicant' in the business report.,그 관리자는 업무 보고서에서 'applicant'라는 용어를 검토했다.,미학습
토익 950+ 목표,appraisal,[명사] 평가,The manager reviewed the term 'appraisal' in the business report.,그 관리자는 업무 보고서에서 'appraisal'라는 용어를 검토했다.,미학습
토익 950+ 목표,authorize,[동사] 승인하다,The manager reviewed the term 'authorize' in the business report.,그 관리자는 업무 보고서에서 'authorize'라는 용어를 검토했다.,미학습
토익 950+ 목표,benchmark,[명사] 기준,The manager reviewed the term 'benchmark' in the business report.,그 관리자는 업무 보고서에서 'benchmark'라는 용어를 검토했다.,미학습
토익 950+ 목표,confidential,[형용사] 기밀의,The manager reviewed the term 'confidential' in the business report.,그 관리자는 업무 보고서에서 'confidential'라는 용어를 검토했다.,미학습
토익 950+ 목표,deficit,"[명사] 적자, 부족",The manager reviewed the term 'deficit' in the business report.,그 관리자는 업무 보고서에서 'deficit'라는 용어를 검토했다.,미학습
토익 950+ 목표,delegate,[동사] 위임하다,The manager reviewed the term 'delegate' in the business report.,그 관리자는 업무 보고서에서 'delegate'라는 용어를 검토했다.,미학습
토익 950+ 목표,disburse,[동사] 지출하다,The manager reviewed the term 'disburse' in the business report.,그 관리자는 업무 보고서에서 'disburse'라는 용어를 검토했다.,미학습
토익 950+ 목표,diversify,[동사] 다각화하다,The manager reviewed the term 'diversify' in the business report.,그 관리자는 업무 보고서에서 'diversify'라는 용어를 검토했다.,미학습
토익 950+ 목표,endorse,"[동사] 지지하다, 승인하다",The manager reviewed the term 'endorse' in the business report.,그 관리자는 업무 보고서에서 'endorse'라는 용어를 검토했다.,미학습
토익 950+ 목표,entitlement,"[명사] 권리, 자격",The manager reviewed the term 'entitlement' in the business report.,그 관리자는 업무 보고서에서 'entitlement'라는 용어를 검토했다.,미학습
토익 950+ 목표,feasible,[형용사] 실행 가능한,The manager reviewed the term 'feasible' in the business report.,그 관리자는 업무 보고서에서 'feasible'라는 용어를 검토했다.,미학습
토익 950+ 목표,fluctuation,[명사] 변동,The manager reviewed the term 'fluctuation' in the business report.,그 관리자는 업무 보고서에서 'fluctuation'라는 용어를 검토했다.,미학습
토익 950+ 목표,forecast,"[명사/동사] 예측, 예측하다",The manager reviewed the term 'forecast' in the business report.,그 관리자는 업무 보고서에서 'forecast'라는 용어를 검토했다.,미학습
토익 950+ 목표,incentive,[명사] 장려책,The manager reviewed the term 'incentive' in the business report.,그 관리자는 업무 보고서에서 'incentive'라는 용어를 검토했다.,미학습
토익 950+ 목표,inventory,[명사] 재고,The manager reviewed the term 'inventory' in the business report.,그 관리자는 업무 보고서에서 'inventory'라는 용어를 검토했다.,미학습
토익 950+ 목표,invoice,"[명사] 송장, 청구서",The manager reviewed the term 'invoice' in the business report.,그 관리자는 업무 보고서에서 'invoice'라는 용어를 검토했다.,미학습
토익 950+ 목표,liability,"[명사] 책임, 부채",The manager reviewed the term 'liability' in the business report.,그 관리자는 업무 보고서에서 'liability'라는 용어를 검토했다.,미학습
토익 950+ 목표,merger,[명사] 합병,The manager reviewed the term 'merger' in the business report.,그 관리자는 업무 보고서에서 'merger'라는 용어를 검토했다.,미학습
토익 950+ 목표,negotiate,[동사] 협상하다,The manager reviewed the term 'negotiate' in the business report.,그 관리자는 업무 보고서에서 'negotiate'라는 용어를 검토했다.,미학습
토익 950+ 목표,outsource,[동사] 외주를 주다,The manager reviewed the term 'outsource' in the business report.,그 관리자는 업무 보고서에서 'outsource'라는 용어를 검토했다.,미학습
토익 950+ 목표,overdue,[형용사] 기한이 지난,The manager reviewed the term 'overdue' in the business report.,그 관리자는 업무 보고서에서 'overdue'라는 용어를 검토했다.,미학습
토익 950+ 목표,proposal,[명사] 제안서,The manager reviewed the term 'proposal' in the business report.,그 관리자는 업무 보고서에서 'proposal'라는 용어를 검토했다.,미학습
토익 950+ 목표,prospective,[형용사] 장래의,The manager reviewed the term 'prospective' in the business report.,그 관리자는 업무 보고서에서 'prospective'라는 용어를 검토했다.,미학습
토익 950+ 목표,quotation,[명사] 견적,The manager reviewed the term 'quotation' in the business report.,그 관리자는 업무 보고서에서 'quotation'라는 용어를 검토했다.,미학습
토익 950+ 목표,relocation,[명사] 이전,The manager reviewed the term 'relocation' in the business report.,그 관리자는 업무 보고서에서 'relocation'라는 용어를 검토했다.,미학습
토익 950+ 목표,remittance,[명사] 송금,The manager reviewed the term 'remittance' in the business report.,그 관리자는 업무 보고서에서 'remittance'라는 용어를 검토했다.,미학습
토익 950+ 목표,renovation,[명사] 보수 공사,The manager reviewed the term 'renovation' in the business report.,그 관리자는 업무 보고서에서 'renovation'라는 용어를 검토했다.,미학습
토익 950+ 목표,retention,"[명사] 유지, 보유",The manager reviewed the term 'retention' in the business report.,그 관리자는 업무 보고서에서 'retention'라는 용어를 검토했다.,미학습
토익 950+ 목표,revenue,[명사] 수익,The manager reviewed the term 'revenue' in the business report.,그 관리자는 업무 보고서에서 'revenue'라는 용어를 검토했다.,미학습
토익 950+ 목표,shortage,[명사] 부족,The manager reviewed the term 'shortage' in the business report.,그 관리자는 업무 보고서에서 'shortage'라는 용어를 검토했다.,미학습
토익 950+ 목표,terminate,[동사] 종료하다,The manager reviewed the term 'terminate' in the business report.,그 관리자는 업무 보고서에서 'terminate'라는 용어를 검토했다.,미학습
토익 950+ 목표,vendor,[명사] 공급업체,The manager reviewed the term 'vendor' in the business report.,그 관리자는 업무 보고서에서 'vendor'라는 용어를 검토했다.,미학습
토익 950+ 목표,warranty,[명사] 보증,The manager reviewed the term 'warranty' in the business report.,그 관리자는 업무 보고서에서 'warranty'라는 용어를 검토했다.,미학습
토익 950+ 목표,workforce,[명사] 노동력,The manager reviewed the term 'workforce' in the business report.,그 관리자는 업무 보고서에서 'workforce'라는 용어를 검토했다.,미학습
토익 950+ 목표,absenteeism,[명사] 결근,The manager reviewed the term 'absenteeism' in the business report.,그 관리자는 업무 보고서에서 'absenteeism'라는 용어를 검토했다.,미학습
토익 950+ 목표,accommodate,[동사] 수용하다,The manager reviewed the term 'accommodate' in the business report.,그 관리자는 업무 보고서에서 'accommodate'라는 용어를 검토했다.,미학습
토익 950+ 목표,acknowledge,"[동사] 인정하다, 확인하다",The manager reviewed the term 'acknowledge' in the business report.,그 관리자는 업무 보고서에서 'acknowledge'라는 용어를 검토했다.,미학습
토익 950+ 목표,adjacent,[형용사] 인접한,The manager reviewed the term 'adjacent' in the business report.,그 관리자는 업무 보고서에서 'adjacent'라는 용어를 검토했다.,미학습
토익 950+ 목표,affiliated,[형용사] 제휴된,The manager reviewed the term 'affiliated' in the business report.,그 관리자는 업무 보고서에서 'affiliated'라는 용어를 검토했다.,미학습
토익 950+ 목표,agenda,[명사] 안건,The manager reviewed the term 'agenda' in the business report.,그 관리자는 업무 보고서에서 'agenda'라는 용어를 검토했다.,미학습
토익 950+ 목표,amenity,[명사] 편의 시설,The manager reviewed the term 'amenity' in the business report.,그 관리자는 업무 보고서에서 'amenity'라는 용어를 검토했다.,미학습
토익 950+ 목표,anticipate,[동사] 예상하다,The manager reviewed the term 'anticipate' in the business report.,그 관리자는 업무 보고서에서 'anticipate'라는 용어를 검토했다.,미학습
토익 950+ 목표,attendee,[명사] 참석자,The manager reviewed the term 'attendee' in the business report.,그 관리자는 업무 보고서에서 'attendee'라는 용어를 검토했다.,미학습
토익 950+ 목표,audit,"[명사/동사] 감사, 감사하다",The manager reviewed the term 'audit' in the business report.,그 관리자는 업무 보고서에서 'audit'라는 용어를 검토했다.,미학습
토익 950+ 목표,behalf,"[명사] 이익, 대표",The manager reviewed the term 'behalf' in the business report.,그 관리자는 업무 보고서에서 'behalf'라는 용어를 검토했다.,미학습
토익 950+ 목표,bid,[명사/동사] 입찰,The manager reviewed the term 'bid' in the business report.,그 관리자는 업무 보고서에서 'bid'라는 용어를 검토했다.,미학습
토익 950+ 목표,brochure,[명사] 안내 책자,The manager reviewed the term 'brochure' in the business report.,그 관리자는 업무 보고서에서 'brochure'라는 용어를 검토했다.,미학습
토익 950+ 목표,bulk,"[명사/형용사] 대량, 대량의",The manager reviewed the term 'bulk' in the business report.,그 관리자는 업무 보고서에서 'bulk'라는 용어를 검토했다.,미학습
토익 950+ 목표,circulate,[동사] 회람시키다,The manager reviewed the term 'circulate' in the business report.,그 관리자는 업무 보고서에서 'circulate'라는 용어를 검토했다.,미학습
토익 950+ 목표,commence,[동사] 시작하다,The manager reviewed the term 'commence' in the business report.,그 관리자는 업무 보고서에서 'commence'라는 용어를 검토했다.,미학습
토익 950+ 목표,complimentary,[형용사] 무료의,The manager reviewed the term 'complimentary' in the business report.,그 관리자는 업무 보고서에서 'complimentary'라는 용어를 검토했다.,미학습
토익 950+ 목표,consolidate,[동사] 통합하다,The manager reviewed the term 'consolidate' in the business report.,그 관리자는 업무 보고서에서 'consolidate'라는 용어를 검토했다.,미학습
토익 950+ 목표,contractor,[명사] 계약자,The manager reviewed the term 'contractor' in the business report.,그 관리자는 업무 보고서에서 'contractor'라는 용어를 검토했다.,미학습
토익 950+ 목표,courier,[명사] 택배원,The manager reviewed the term 'courier' in the business report.,그 관리자는 업무 보고서에서 'courier'라는 용어를 검토했다.,미학습
토익 950+ 목표,deduct,[동사] 공제하다,The manager reviewed the term 'deduct' in the business report.,그 관리자는 업무 보고서에서 'deduct'라는 용어를 검토했다.,미학습
토익 950+ 목표,defective,[형용사] 결함 있는,The manager reviewed the term 'defective' in the business report.,그 관리자는 업무 보고서에서 'defective'라는 용어를 검토했다.,미학습
토익 950+ 목표,designate,[동사] 지정하다,The manager reviewed the term 'designate' in the business report.,그 관리자는 업무 보고서에서 'designate'라는 용어를 검토했다.,미학습
토익 950+ 목표,discontinue,[동사] 중단하다,The manager reviewed the term 'discontinue' in the business report.,그 관리자는 업무 보고서에서 'discontinue'라는 용어를 검토했다.,미학습
토익 950+ 목표,eligible,[형용사] 자격이 있는,The manager reviewed the term 'eligible' in the business report.,그 관리자는 업무 보고서에서 'eligible'라는 용어를 검토했다.,미학습
토익 950+ 목표,enclosed,[형용사] 동봉된,The manager reviewed the term 'enclosed' in the business report.,그 관리자는 업무 보고서에서 'enclosed'라는 용어를 검토했다.,미학습
토익 950+ 목표,expire,[동사] 만료되다,The manager reviewed the term 'expire' in the business report.,그 관리자는 업무 보고서에서 'expire'라는 용어를 검토했다.,미학습
토익 950+ 목표,facilitate,[동사] 촉진하다,The manager reviewed the term 'facilitate' in the business report.,그 관리자는 업무 보고서에서 'facilitate'라는 용어를 검토했다.,미학습
토익 950+ 목표,implement,[동사] 시행하다,The manager reviewed the term 'implement' in the business report.,그 관리자는 업무 보고서에서 'implement'라는 용어를 검토했다.,미학습
토익 950+ 목표,inaugurate,"[동사] 취임시키다, 개시하다",The manager reviewed the term 'inaugurate' in the business report.,그 관리자는 업무 보고서에서 'inaugurate'라는 용어를 검토했다.,미학습
토익 950+ 목표,mandatory,[형용사] 의무적인,The manager reviewed the term 'mandatory' in the business report.,그 관리자는 업무 보고서에서 'mandatory'라는 용어를 검토했다.,미학습
토익 950+ 목표,notify,[동사] 알리다,The manager reviewed the term 'notify' in the business report.,그 관리자는 업무 보고서에서 'notify'라는 용어를 검토했다.,미학습
토익 950+ 목표,outstanding,"[형용사] 미지불의, 뛰어난",The manager reviewed the term 'outstanding' in the business report.,그 관리자는 업무 보고서에서 'outstanding'라는 용어를 검토했다.,미학습
토익 950+ 목표,patronage,"[명사] 후원, 이용",The manager reviewed the term 'patronage' in the business report.,그 관리자는 업무 보고서에서 'patronage'라는 용어를 검토했다.,미학습
토익 950+ 목표,premise,"[명사] 건물, 전제",The manager reviewed the term 'premise' in the business report.,그 관리자는 업무 보고서에서 'premise'라는 용어를 검토했다.,미학습
토익 950+ 목표,proficient,[형용사] 능숙한,The manager reviewed the term 'proficient' in the business report.,그 관리자는 업무 보고서에서 'proficient'라는 용어를 검토했다.,미학습
토익 950+ 목표,proprietor,[명사] 소유주,The manager reviewed the term 'proprietor' in the business report.,그 관리자는 업무 보고서에서 'proprietor'라는 용어를 검토했다.,미학습
토익 950+ 목표,recipient,[명사] 수령인,The manager reviewed the term 'recipient' in the business report.,그 관리자는 업무 보고서에서 'recipient'라는 용어를 검토했다.,미학습
토익 950+ 목표,refurbish,[동사] 새로 단장하다,The manager reviewed the term 'refurbish' in the business report.,그 관리자는 업무 보고서에서 'refurbish'라는 용어를 검토했다.,미학습
토익 950+ 목표,reschedule,[동사] 일정을 변경하다,The manager reviewed the term 'reschedule' in the business report.,그 관리자는 업무 보고서에서 'reschedule'라는 용어를 검토했다.,미학습
토익 950+ 목표,streamline,[동사] 간소화하다,The manager reviewed the term 'streamline' in the business report.,그 관리자는 업무 보고서에서 'streamline'라는 용어를 검토했다.,미학습
토익 950+ 목표,tentative,[형용사] 잠정적인,The manager reviewed the term 'tentative' in the business report.,그 관리자는 업무 보고서에서 'tentative'라는 용어를 검토했다.,미학습
토익 950+ 목표,turnover,"[명사] 이직률, 매출",The manager reviewed the term 'turnover' in the business report.,그 관리자는 업무 보고서에서 'turnover'라는 용어를 검토했다.,미학습
토익 950+ 목표,unanimous,[형용사] 만장일치의,The manager reviewed the term 'unanimous' in the business report.,그 관리자는 업무 보고서에서 'unanimous'라는 용어를 검토했다.,미학습
토익 950+ 목표,undergo,[동사] 겪다,The manager reviewed the term 'undergo' in the business report.,그 관리자는 업무 보고서에서 'undergo'라는 용어를 검토했다.,미학습
토익 950+ 목표,venue,[명사] 장소,The manager reviewed the term 'venue' in the business report.,그 관리자는 업무 보고서에서 'venue'라는 용어를 검토했다.,미학습
기타,archive,"[명사/동사] 기록 보관소, 보관하다",The lesson explains the word 'archive' clearly.,그 수업은 'archive'라는 단어를 명확히 설명한다.,미학습
기타,backup,[명사] 백업,The lesson explains the word 'backup' clearly.,그 수업은 'backup'라는 단어를 명확히 설명한다.,미학습
기타,browser,[명사] 브라우저,The lesson explains the word 'browser' clearly.,그 수업은 'browser'라는 단어를 명확히 설명한다.,미학습
기타,cache,[명사] 캐시,The lesson explains the word 'cache' clearly.,그 수업은 'cache'라는 단어를 명확히 설명한다.,미학습
기타,cloud,[명사] 클라우드,The lesson explains the word 'cloud' clearly.,그 수업은 'cloud'라는 단어를 명확히 설명한다.,미학습
기타,codec,[명사] 코덱,The lesson explains the word 'codec' clearly.,그 수업은 'codec'라는 단어를 명확히 설명한다.,미학습
기타,console,[명사] 콘솔,The lesson explains the word 'console' clearly.,그 수업은 'console'라는 단어를 명확히 설명한다.,미학습
기타,cookie,[명사] 쿠키,The lesson explains the word 'cookie' clearly.,그 수업은 'cookie'라는 단어를 명확히 설명한다.,미학습
기타,dashboard,[명사] 대시보드,The lesson explains the word 'dashboard' clearly.,그 수업은 'dashboard'라는 단어를 명확히 설명한다.,미학습
기타,database,[명사] 데이터베이스,The lesson explains the word 'database' clearly.,그 수업은 'database'라는 단어를 명확히 설명한다.,미학습
기타,debug,[동사] 디버그하다,The lesson explains the word 'debug' clearly.,그 수업은 'debug'라는 단어를 명확히 설명한다.,미학습
기타,default,"[명사/형용사] 기본값, 기본의",The lesson explains the word 'default' clearly.,그 수업은 'default'라는 단어를 명확히 설명한다.,미학습
기타,deploy,[동사] 배포하다,The lesson explains the word 'deploy' clearly.,그 수업은 'deploy'라는 단어를 명확히 설명한다.,미학습
기타,domain,[명사] 도메인,The lesson explains the word 'domain' clearly.,그 수업은 'domain'라는 단어를 명확히 설명한다.,미학습
기타,download,"[동사/명사] 다운로드하다, 다운로드",The lesson explains the word 'download' clearly.,그 수업은 'download'라는 단어를 명확히 설명한다.,미학습
기타,encrypt,[동사] 암호화하다,The lesson explains the word 'encrypt' clearly.,그 수업은 'encrypt'라는 단어를 명확히 설명한다.,미학습
기타,endpoint,[명사] 엔드포인트,The lesson explains the word 'endpoint' clearly.,그 수업은 'endpoint'라는 단어를 명확히 설명한다.,미학습
기타,firewall,[명사] 방화벽,The lesson explains the word 'firewall' clearly.,그 수업은 'firewall'라는 단어를 명확히 설명한다.,미학습
기타,folder,[명사] 폴더,The lesson explains the word 'folder' clearly.,그 수업은 'folder'라는 단어를 명확히 설명한다.,미학습
기타,format,"[명사/동사] 형식, 포맷하다",The lesson explains the word 'format' clearly.,그 수업은 'format'라는 단어를 명확히 설명한다.,미학습
기타,framework,[명사] 프레임워크,The lesson explains the word 'framework' clearly.,그 수업은 'framework'라는 단어를 명확히 설명한다.,미학습
기타,gateway,[명사] 게이트웨이,The lesson explains the word 'gateway' clearly.,그 수업은 'gateway'라는 단어를 명확히 설명한다.,미학습
기타,hardware,[명사] 하드웨어,The lesson explains the word 'hardware' clearly.,그 수업은 'hardware'라는 단어를 명확히 설명한다.,미학습
기타,hosting,[명사] 호스팅,The lesson explains the word 'hosting' clearly.,그 수업은 'hosting'라는 단어를 명확히 설명한다.,미학습
기타,interface,[명사] 인터페이스,The lesson explains the word 'interface' clearly.,그 수업은 'interface'라는 단어를 명확히 설명한다.,미학습
기타,keyboard,[명사] 키보드,The lesson explains the word 'keyboard' clearly.,그 수업은 'keyboard'라는 단어를 명확히 설명한다.,미학습
기타,latency,[명사] 지연 시간,The lesson explains the word 'latency' clearly.,그 수업은 'latency'라는 단어를 명확히 설명한다.,미학습
기타,login,[명사/동사] 로그인,The lesson explains the word 'login' clearly.,그 수업은 'login'라는 단어를 명확히 설명한다.,미학습
기타,logout,[명사/동사] 로그아웃,The lesson explains the word 'logout' clearly.,그 수업은 'logout'라는 단어를 명확히 설명한다.,미학습
기타,memory,[명사] 메모리,The lesson explains the word 'memory' clearly.,그 수업은 'memory'라는 단어를 명확히 설명한다.,미학습
기타,metadata,[명사] 메타데이터,The lesson explains the word 'metadata' clearly.,그 수업은 'metadata'라는 단어를 명확히 설명한다.,미학습
기타,monitor,"[명사/동사] 모니터, 감시하다",The lesson explains the word 'monitor' clearly.,그 수업은 'monitor'라는 단어를 명확히 설명한다.,미학습
기타,network,[명사] 네트워크,The lesson explains the word 'network' clearly.,그 수업은 'network'라는 단어를 명확히 설명한다.,미학습
기타,notification,[명사] 알림,The lesson explains the word 'notification' clearly.,그 수업은 'notification'라는 단어를 명확히 설명한다.,미학습
기타,parameter,[명사] 매개변수,The lesson explains the word 'parameter' clearly.,그 수업은 'parameter'라는 단어를 명확히 설명한다.,미학습
기타,password,[명사] 비밀번호,The lesson explains the word 'password' clearly.,그 수업은 'password'라는 단어를 명확히 설명한다.,미학습
기타,patch,"[명사/동사] 패치, 수정하다",The lesson explains the word 'patch' clearly.,그 수업은 'patch'라는 단어를 명확히 설명한다.,미학습
기타,platform,[명사] 플랫폼,The lesson explains the word 'platform' clearly.,그 수업은 'platform'라는 단어를 명확히 설명한다.,미학습
기타,plugin,[명사] 플러그인,The lesson explains the word 'plugin' clearly.,그 수업은 'plugin'라는 단어를 명확히 설명한다.,미학습
기타,protocol,[명사] 프로토콜,The lesson explains the word 'protocol' clearly.,그 수업은 'protocol'라는 단어를 명확히 설명한다.,미학습
기타,query,"[명사/동사] 질의, 조회하다",The lesson explains the word 'query' clearly.,그 수업은 'query'라는 단어를 명확히 설명한다.,미학습
기타,queue,[명사] 대기열,The lesson explains the word 'queue' clearly.,그 수업은 'queue'라는 단어를 명확히 설명한다.,미학습
기타,reboot,[동사] 재부팅하다,The lesson explains the word 'reboot' clearly.,그 수업은 'reboot'라는 단어를 명확히 설명한다.,미학습
기타,repository,[명사] 저장소,The lesson explains the word 'repository' clearly.,그 수업은 'repository'라는 단어를 명확히 설명한다.,미학습
기타,request,"[명사/동사] 요청, 요청하다",The lesson explains the word 'request' clearly.,그 수업은 'request'라는 단어를 명확히 설명한다.,미학습
기타,response,[명사] 응답,The lesson explains the word 'response' clearly.,그 수업은 'response'라는 단어를 명확히 설명한다.,미학습
기타,router,[명사] 라우터,The lesson explains the word 'router' clearly.,그 수업은 'router'라는 단어를 명확히 설명한다.,미학습
기타,runtime,[명사] 실행 시간,The lesson explains the word 'runtime' clearly.,그 수업은 'runtime'라는 단어를 명확히 설명한다.,미학습
기타,sandbox,[명사] 샌드박스,The lesson explains the word 'sandbox' clearly.,그 수업은 'sandbox'라는 단어를 명확히 설명한다.,미학습
기타,script,[명사] 스크립트,The lesson explains the word 'script' clearly.,그 수업은 'script'라는 단어를 명확히 설명한다.,미학습
기타,server,[명사] 서버,The lesson explains the word 'server' clearly.,그 수업은 'server'라는 단어를 명확히 설명한다.,미학습
기타,session,[명사] 세션,The lesson explains the word 'session' clearly.,그 수업은 'session'라는 단어를 명확히 설명한다.,미학습
기타,setting,[명사] 설정,The lesson explains the word 'setting' clearly.,그 수업은 'setting'라는 단어를 명확히 설명한다.,미학습
기타,shortcut,[명사] 바로가기,The lesson explains the word 'shortcut' clearly.,그 수업은 'shortcut'라는 단어를 명확히 설명한다.,미학습
기타,snapshot,[명사] 스냅샷,The lesson explains the word 'snapshot' clearly.,그 수업은 'snapshot'라는 단어를 명확히 설명한다.,미학습
기타,software,[명사] 소프트웨어,The lesson explains the word 'software' clearly.,그 수업은 'software'라는 단어를 명확히 설명한다.,미학습
기타,spreadsheet,[명사] 스프레드시트,The lesson explains the word 'spreadsheet' clearly.,그 수업은 'spreadsheet'라는 단어를 명확히 설명한다.,미학습
기타,storage,[명사] 저장소,The lesson explains the word 'storage' clearly.,그 수업은 'storage'라는 단어를 명확히 설명한다.,미학습
기타,streaming,[명사] 스트리밍,The lesson explains the word 'streaming' clearly.,그 수업은 'streaming'라는 단어를 명확히 설명한다.,미학습
기타,syntax,[명사] 문법,The lesson explains the word 'syntax' clearly.,그 수업은 'syntax'라는 단어를 명확히 설명한다.,미학습
기타,template,[명사] 템플릿,The lesson explains the word 'template' clearly.,그 수업은 'template'라는 단어를 명확히 설명한다.,미학습
기타,terminal,[명사] 터미널,The lesson explains the word 'terminal' clearly.,그 수업은 'terminal'라는 단어를 명확히 설명한다.,미학습
기타,token,[명사] 토큰,The lesson explains the word 'token' clearly.,그 수업은 'token'라는 단어를 명확히 설명한다.,미학습
기타,toolbar,[명사] 도구 모음,The lesson explains the word 'toolbar' clearly.,그 수업은 'toolbar'라는 단어를 명확히 설명한다.,미학습
기타,traffic,[명사] 트래픽,The lesson explains the word 'traffic' clearly.,그 수업은 'traffic'라는 단어를 명확히 설명한다.,미학습
기타,upload,"[동사/명사] 업로드하다, 업로드",The lesson explains the word 'upload' clearly.,그 수업은 'upload'라는 단어를 명확히 설명한다.,미학습
기타,username,[명사] 사용자 이름,The lesson explains the word 'username' clearly.,그 수업은 'username'라는 단어를 명확히 설명한다.,미학습
기타,variable,[명사] 변수,The lesson explains the word 'variable' clearly.,그 수업은 'variable'라는 단어를 명확히 설명한다.,미학습
기타,version,[명사] 버전,The lesson explains the word 'version' clearly.,그 수업은 'version'라는 단어를 명확히 설명한다.,미학습
기타,virtual,[형용사] 가상의,The lesson explains the word 'virtual' clearly.,그 수업은 'virtual'라는 단어를 명확히 설명한다.,미학습
기타,website,[명사] 웹사이트,The lesson explains the word 'website' clearly.,그 수업은 'website'라는 단어를 명확히 설명한다.,미학습
기타,widget,[명사] 위젯,The lesson explains the word 'widget' clearly.,그 수업은 'widget'라는 단어를 명확히 설명한다.,미학습
기타,workspace,[명사] 작업 공간,The lesson explains the word 'workspace' clearly.,그 수업은 'workspace'라는 단어를 명확히 설명한다.,미학습
기타,workflow,[명사] 작업 흐름,The lesson explains the word 'workflow' clearly.,그 수업은 'workflow'라는 단어를 명확히 설명한다.,미학습
기타,accessibility,[명사] 접근성,The lesson explains the word 'accessibility' clearly.,그 수업은 'accessibility'라는 단어를 명확히 설명한다.,미학습
기타,automation,[명사] 자동화,The lesson explains the word 'automation' clearly.,그 수업은 'automation'라는 단어를 명확히 설명한다.,미학습
기타,bandwidth,[명사] 대역폭,The lesson explains the word 'bandwidth' clearly.,그 수업은 'bandwidth'라는 단어를 명확히 설명한다.,미학습
기타,captcha,[명사] 캡차,The lesson explains the word 'captcha' clearly.,그 수업은 'captcha'라는 단어를 명확히 설명한다.,미학습
기타,clipboard,[명사] 클립보드,The lesson explains the word 'clipboard' clearly.,그 수업은 'clipboard'라는 단어를 명확히 설명한다.,미학습
기타,compression,[명사] 압축,The lesson explains the word 'compression' clearly.,그 수업은 'compression'라는 단어를 명확히 설명한다.,미학습
기타,configuration,"[명사] 구성, 설정",The lesson explains the word 'configuration' clearly.,그 수업은 'configuration'라는 단어를 명확히 설명한다.,미학습
기타,credential,[명사] 자격 증명,The lesson explains the word 'credential' clearly.,그 수업은 'credential'라는 단어를 명확히 설명한다.,미학습
기타,dependency,[명사] 의존성,The lesson explains the word 'dependency' clearly.,그 수업은 'dependency'라는 단어를 명확히 설명한다.,미학습
기타,emulator,[명사] 에뮬레이터,The lesson explains the word 'emulator' clearly.,그 수업은 'emulator'라는 단어를 명확히 설명한다.,미학습
기타,extension,[명사] 확장 프로그램,The lesson explains the word 'extension' clearly.,그 수업은 'extension'라는 단어를 명확히 설명한다.,미학습
기타,firefox,[명사] 파이어폭스,The lesson explains the word 'firefox' clearly.,그 수업은 'firefox'라는 단어를 명확히 설명한다.,미학습
기타,integration,[명사] 통합,The lesson explains the word 'integration' clearly.,그 수업은 'integration'라는 단어를 명확히 설명한다.,미학습
기타,javascript,[명사] 자바스크립트,The lesson explains the word 'javascript' clearly.,그 수업은 'javascript'라는 단어를 명확히 설명한다.,미학습
기타,kiosk,[명사] 키오스크,The lesson explains the word 'kiosk' clearly.,그 수업은 'kiosk'라는 단어를 명확히 설명한다.,미학습
기타,localization,[명사] 현지화,The lesson explains the word 'localization' clearly.,그 수업은 'localization'라는 단어를 명확히 설명한다.,미학습
기타,middleware,[명사] 미들웨어,The lesson explains the word 'middleware' clearly.,그 수업은 'middleware'라는 단어를 명확히 설명한다.,미학습
기타,opensource,[형용사] 오픈소스의,The lesson explains the word 'opensource' clearly.,그 수업은 'opensource'라는 단어를 명확히 설명한다.,미학습
기타,permission,[명사] 권한,The lesson explains the word 'permission' clearly.,그 수업은 'permission'라는 단어를 명확히 설명한다.,미학습
기타,synchronization,[명사] 동기화,The lesson explains the word 'synchronization' clearly.,그 수업은 'synchronization'라는 단어를 명확히 설명한다.,미학습
기타,virtualization,[명사] 가상화,The lesson explains the word 'virtualization' clearly.,그 수업은 'virtualization'라는 단어를 명확히 설명한다.,미학습
기타,webinar,[명사] 웨비나,The lesson explains the word 'webinar' clearly.,그 수업은 'webinar'라는 단어를 명확히 설명한다.,미학습
초등 영어,lemon,[명사] 레몬,We talked about lemon during the lesson.,우리는 수업 중 레몬에 대해 이야기했다.,미학습
초등 영어,peach,[명사] 복숭아,We talked about peach during the lesson.,우리는 수업 중 복숭아에 대해 이야기했다.,미학습
초등 영어,pear,[명사] 배,We talked about pear during the lesson.,우리는 수업 중 배에 대해 이야기했다.,미학습
초등 영어,melon,[명사] 멜론,We talked about melon during the lesson.,우리는 수업 중 멜론에 대해 이야기했다.,미학습
초등 영어,berry,[명사] 베리,We talked about berry during the lesson.,우리는 수업 중 베리에 대해 이야기했다.,미학습
초등 영어,mango,[명사] 망고,We talked about mango during the lesson.,우리는 수업 중 망고에 대해 이야기했다.,미학습
초등 영어,juice,[명사] 주스,We talked about juice during the lesson.,우리는 수업 중 주스에 대해 이야기했다.,미학습
초등 영어,coffee,[명사] 커피,We talked about coffee during the lesson.,우리는 수업 중 커피에 대해 이야기했다.,미학습
초등 영어,tea,[명사] 차,We talked about tea during the lesson.,우리는 수업 중 차에 대해 이야기했다.,미학습
초등 영어,salt,[명사] 소금,We talked about salt during the lesson.,우리는 수업 중 소금에 대해 이야기했다.,미학습
초등 영어,sugar,[명사] 설탕,We talked about sugar during the lesson.,우리는 수업 중 설탕에 대해 이야기했다.,미학습
초등 영어,honey,[명사] 꿀,We talked about honey during the lesson.,우리는 수업 중 꿀에 대해 이야기했다.,미학습
초등 영어,meat,[명사] 고기,We talked about meat during the lesson.,우리는 수업 중 고기에 대해 이야기했다.,미학습
초등 영어,cheese,[명사] 치즈,We talked about cheese during the lesson.,우리는 수업 중 치즈에 대해 이야기했다.,미학습
초등 영어,soup,[명사] 수프,We talked about soup during the lesson.,우리는 수업 중 수프에 대해 이야기했다.,미학습
초등 영어,salad,[명사] 샐러드,We talked about salad during the lesson.,우리는 수업 중 샐러드에 대해 이야기했다.,암기 완료
초등 영어,meal,[명사] 식사,We talked about meal during the lesson.,우리는 수업 중 식사에 대해 이야기했다.,미학습
초등 영어,lunch,[명사] 점심식사,We talked about lunch during the lesson.,우리는 수업 중 점심식사에 대해 이야기했다.,미학습
초등 영어,dinner,[명사] 저녁식사,We talked about dinner during the lesson.,우리는 수업 중 저녁식사에 대해 이야기했다.,암기 완료
초등 영어,parent,[명사] 부모,We talked about parent during the lesson.,우리는 수업 중 부모에 대해 이야기했다.,미학습
초등 영어,child,[명사] 아이,We talked about child during the lesson.,우리는 수업 중 아이에 대해 이야기했다.,미학습
초등 영어,class,[명사] 수업,We talked about class during the lesson.,우리는 수업 중 수업에 대해 이야기했다.,미학습
초등 영어,lesson,"[명사] 과목, 수업",We talked about lesson during the lesson.,우리는 수업 중 과목에 대해 이야기했다.,학습 중
초등 영어,page,[명사] 쪽,We talked about page during the lesson.,우리는 수업 중 쪽에 대해 이야기했다.,미학습
초등 영어,paper,[명사] 종이,We talked about paper during the lesson.,우리는 수업 중 종이에 대해 이야기했다.,미학습
초등 영어,pen,[명사] 펜,We talked about pen during the lesson.,우리는 수업 중 펜에 대해 이야기했다.,미학습
초등 영어,table,[명사] 탁자,We talked about table during the lesson.,우리는 수업 중 탁자에 대해 이야기했다.,미학습
초등 영어,house,[명사] 집,We talked about house during the lesson.,우리는 수업 중 집에 대해 이야기했다.,암기 완료
초등 영어,bathroom,[명사] 욕실,We talked about bathroom during the lesson.,우리는 수업 중 욕실에 대해 이야기했다.,미학습
초등 영어,bedroom,[명사] 침실,We talked about bedroom during the lesson.,우리는 수업 중 침실에 대해 이야기했다.,미학습
초등 영어,street,[명사] 거리,We talked about street during the lesson.,우리는 수업 중 거리에 대해 이야기했다.,미학습
초등 영어,road,[명사] 도로,We talked about road during the lesson.,우리는 수업 중 도로에 대해 이야기했다.,미학습
초등 영어,city,[명사] 도시,We talked about city during the lesson.,우리는 수업 중 도시에 대해 이야기했다.,암기 완료
초등 영어,town,[명사] 마을,We talked about town during the lesson.,우리는 수업 중 마을에 대해 이야기했다.,미학습
초등 영어,village,"[명사] 촌락, 마을",We talked about village during the lesson.,우리는 수업 중 촌락에 대해 이야기했다.,암기 완료
초등 영어,country,[명사] 나라,We talked about country during the lesson.,우리는 수업 중 나라에 대해 이야기했다.,미학습
초등 영어,world,[명사] 세계,We talked about world during the lesson.,우리는 수업 중 세계에 대해 이야기했다.,미학습
초등 영어,earth,[명사] 지구,We talked about earth during the lesson.,우리는 수업 중 지구에 대해 이야기했다.,미학습
초등 영어,fire,[명사] 불,We talked about fire during the lesson.,우리는 수업 중 불에 대해 이야기했다.,미학습
초등 영어,grass,[명사] 풀,We talked about grass during the lesson.,우리는 수업 중 풀에 대해 이야기했다.,미학습
초등 영어,lake,[명사] 호수,We talked about lake during the lesson.,우리는 수업 중 호수에 대해 이야기했다.,미학습
초등 영어,sea,[명사] 바다,We talked about sea during the lesson.,우리는 수업 중 바다에 대해 이야기했다.,미학습
초등 영어,mountain,[명사] 산,We talked about mountain during the lesson.,우리는 수업 중 산에 대해 이야기했다.,미학습
초등 영어,forest,[명사] 숲,We talked about forest during the lesson.,우리는 수업 중 숲에 대해 이야기했다.,미학습
초등 영어,field,[명사] 들판,We talked about field during the lesson.,우리는 수업 중 들판에 대해 이야기했다.,미학습
초등 영어,sheep,[명사] 양,We talked about sheep during the lesson.,우리는 수업 중 양에 대해 이야기했다.,미학습
초등 영어,mouse,[명사] 쥐,We talked about mouse during the lesson.,우리는 수업 중 쥐에 대해 이야기했다.,미학습
초등 영어,elephant,[명사] 코끼리,We talked about elephant during the lesson.,우리는 수업 중 코끼리에 대해 이야기했다.,미학습
초등 영어,body,[명사] 몸,We talked about body during the lesson.,우리는 수업 중 몸에 대해 이야기했다.,미학습
초등 영어,head,[명사] 머리,We talked about head during the lesson.,우리는 수업 중 머리에 대해 이야기했다.,미학습
초등 영어,face,[명사] 얼굴,We talked about face during the lesson.,우리는 수업 중 얼굴에 대해 이야기했다.,미학습
초등 영어,eye,[명사] 눈,We talked about eye during the lesson.,우리는 수업 중 눈에 대해 이야기했다.,미학습
초등 영어,ear,[명사] 귀,We talked about ear during the lesson.,우리는 수업 중 귀에 대해 이야기했다.,미학습
초등 영어,nose,[명사] 코,We talked about nose during the lesson.,우리는 수업 중 코에 대해 이야기했다.,미학습
초등 영어,mouth,[명사] 입,We talked about mouth during the lesson.,우리는 수업 중 입에 대해 이야기했다.,미학습
초등 영어,tooth,[명사] 이,We talked about tooth during the lesson.,우리는 수업 중 이에 대해 이야기했다.,암기 완료
초등 영어,hand,[명사] 손,We talked about hand during the lesson.,우리는 수업 중 손에 대해 이야기했다.,미학습
초등 영어,arm,[명사] 팔,We talked about arm during the lesson.,우리는 수업 중 팔에 대해 이야기했다.,암기 완료
초등 영어,leg,[명사] 다리,We talked about leg during the lesson.,우리는 수업 중 다리에 대해 이야기했다.,미학습
초등 영어,foot,[명사] 발,We talked about foot during the lesson.,우리는 수업 중 발에 대해 이야기했다.,미학습
초등 영어,heart,[명사] 심장,We talked about heart during the lesson.,우리는 수업 중 심장에 대해 이야기했다.,미학습
초등 영어,mind,[명사] 마음,We talked about mind during the lesson.,우리는 수업 중 마음에 대해 이야기했다.,미학습
초등 영어,name,[명사] 이름,We talked about name during the lesson.,우리는 수업 중 이름에 대해 이야기했다.,미학습
초등 영어,number,[명사] 숫자,We talked about number during the lesson.,우리는 수업 중 숫자에 대해 이야기했다.,미학습
초등 영어,color,[명사] 색,We talked about color during the lesson.,우리는 수업 중 색에 대해 이야기했다.,미학습
초등 영어,sound,[명사] 소리,We talked about sound during the lesson.,우리는 수업 중 소리에 대해 이야기했다.,미학습
초등 영어,voice,[명사] 목소리,We talked about voice during the lesson.,우리는 수업 중 목소리에 대해 이야기했다.,암기 완료
초등 영어,music,[명사] 음악,We talked about music during the lesson.,우리는 수업 중 음악에 대해 이야기했다.,미학습
초등 영어,song,[명사] 노래,We talked about song during the lesson.,우리는 수업 중 노래에 대해 이야기했다.,미학습
초등 영어,photo,[명사] 사진,We talked about photo during the lesson.,우리는 수업 중 사진에 대해 이야기했다.,미학습
초등 영어,movie,[명사] 영화,We talked about movie during the lesson.,우리는 수업 중 영화에 대해 이야기했다.,미학습
초등 영어,game,[명사] 게임,We talked about game during the lesson.,우리는 수업 중 게임에 대해 이야기했다.,미학습
초등 영어,sport,[명사] 운동경기,We talked about sport during the lesson.,우리는 수업 중 운동경기에 대해 이야기했다.,미학습
초등 영어,ball,[명사] 공,We talked about ball during the lesson.,우리는 수업 중 공에 대해 이야기했다.,미학습
초등 영어,team,[명사] 팀,We talked about team during the lesson.,우리는 수업 중 팀에 대해 이야기했다.,미학습
초등 영어,player,[명사] 선수,We talked about player during the lesson.,우리는 수업 중 선수에 대해 이야기했다.,미학습
초등 영어,market,[명사] 시장,We talked about market during the lesson.,우리는 수업 중 시장에 대해 이야기했다.,암기 완료
초등 영어,shop,[명사] 가게,We talked about shop during the lesson.,우리는 수업 중 가게에 대해 이야기했다.,암기 완료
초등 영어,store,[명사] 상점,We talked about store during the lesson.,우리는 수업 중 상점에 대해 이야기했다.,미학습
초등 영어,money,[명사] 돈,We talked about money during the lesson.,우리는 수업 중 돈에 대해 이야기했다.,미학습
초등 영어,price,[명사] 가격,We talked about price during the lesson.,우리는 수업 중 가격에 대해 이야기했다.,미학습
초등 영어,cost,[명사] 비용,We talked about cost during the lesson.,우리는 수업 중 비용에 대해 이야기했다.,미학습
초등 영어,gift,[명사] 선물,We talked about gift during the lesson.,우리는 수업 중 선물에 대해 이야기했다.,암기 완료
초등 영어,bag,[명사] 가방,We talked about bag during the lesson.,우리는 수업 중 가방에 대해 이야기했다.,미학습
초등 영어,box,[명사] 상자,We talked about box during the lesson.,우리는 수업 중 상자에 대해 이야기했다.,미학습
초등 영어,key,[명사] 열쇠,We talked about key during the lesson.,우리는 수업 중 열쇠에 대해 이야기했다.,미학습
초등 영어,phone,[명사] 전화,We talked about phone during the lesson.,우리는 수업 중 전화에 대해 이야기했다.,미학습
초등 영어,computer,[명사] 컴퓨터,We talked about computer during the lesson.,우리는 수업 중 컴퓨터에 대해 이야기했다.,미학습
초등 영어,screen,[명사] 화면,We talked about screen during the lesson.,우리는 수업 중 화면에 대해 이야기했다.,미학습
초등 영어,camera,[명사] 카메라,We talked about camera during the lesson.,우리는 수업 중 카메라에 대해 이야기했다.,미학습
초등 영어,radio,[명사] 라디오,We talked about radio during the lesson.,우리는 수업 중 라디오에 대해 이야기했다.,미학습
초등 영어,watch,[명사] 손목시계,We talked about watch during the lesson.,우리는 수업 중 손목시계에 대해 이야기했다.,미학습
초등 영어,car,[명사] 자동차,We talked about car during the lesson.,우리는 수업 중 자동차에 대해 이야기했다.,미학습
초등 영어,bus,[명사] 버스,We talked about bus during the lesson.,우리는 수업 중 버스에 대해 이야기했다.,미학습
초등 영어,train,[명사] 기차,We talked about train during the lesson.,우리는 수업 중 기차에 대해 이야기했다.,암기 완료
초등 영어,plane,[명사] 비행기,We talked about plane during the lesson.,우리는 수업 중 비행기에 대해 이야기했다.,미학습
초등 영어,ship,[명사] 배,We talked about ship during the lesson.,우리는 수업 중 배에 대해 이야기했다.,미학습
초등 영어,bike,[명사] 자전거,We talked about bike during the lesson.,우리는 수업 중 자전거에 대해 이야기했다.,미학습
초등 영어,station,[명사] 역,We talked about station during the lesson.,우리는 수업 중 역에 대해 이야기했다.,미학습
초등 영어,airport,[명사] 공항,We talked about airport during the lesson.,우리는 수업 중 공항에 대해 이야기했다.,미학습
초등 영어,hotel,[명사] 호텔,We talked about hotel during the lesson.,우리는 수업 중 호텔에 대해 이야기했다.,미학습
초등 영어,ticket,[명사] 표,We talked about ticket during the lesson.,우리는 수업 중 표에 대해 이야기했다.,암기 완료
초등 영어,passport,[명사] 여권,We talked about passport during the lesson.,우리는 수업 중 여권에 대해 이야기했다.,미학습
초등 영어,map,[명사] 지도,We talked about map during the lesson.,우리는 수업 중 지도에 대해 이야기했다.,미학습
초등 영어,trip,[명사] 여행,We talked about trip during the lesson.,우리는 수업 중 여행에 대해 이야기했다.,암기 완료
초등 영어,travel,[명사] 여행,We talked about travel during the lesson.,우리는 수업 중 여행에 대해 이야기했다.,암기 완료
초등 영어,vacation,[명사] 휴가,We talked about vacation during the lesson.,우리는 수업 중 휴가에 대해 이야기했다.,암기 완료
초등 영어,day,[명사] 날,We talked about day during the lesson.,우리는 수업 중 날에 대해 이야기했다.,미학습
초등 영어,time,[명사] 시간,We talked about time during the lesson.,우리는 수업 중 시간에 대해 이야기했다.,미학습
초등 영어,hour,[명사] 시간,We talked about hour during the lesson.,우리는 수업 중 시간에 대해 이야기했다.,암기 완료
초등 영어,minute,[명사] 분,We talked about minute during the lesson.,우리는 수업 중 분에 대해 이야기했다.,미학습
초등 영어,moment,[명사] 순간,We talked about moment during the lesson.,우리는 수업 중 순간에 대해 이야기했다.,미학습
초등 영어,life,[명사] 삶,We talked about life during the lesson.,우리는 수업 중 삶에 대해 이야기했다.,학습 중
초등 영어,work,[명사] 일,We talked about work during the lesson.,우리는 수업 중 일에 대해 이야기했다.,미학습
초등 영어,job,[명사] 직업,We talked about job during the lesson.,우리는 수업 중 직업에 대해 이야기했다.,미학습
초등 영어,office,[명사] 사무실,We talked about office during the lesson.,우리는 수업 중 사무실에 대해 이야기했다.,미학습
초등 영어,company,[명사] 회사,We talked about company during the lesson.,우리는 수업 중 회사에 대해 이야기했다.,미학습
초등 영어,business,[명사] 사업,We talked about business during the lesson.,우리는 수업 중 사업에 대해 이야기했다.,미학습
초등 영어,project,[명사] 프로젝트,We talked about project during the lesson.,우리는 수업 중 프로젝트에 대해 이야기했다.,미학습
초등 영어,plan,[명사] 계획,We talked about plan during the lesson.,우리는 수업 중 계획에 대해 이야기했다.,미학습
초등 영어,goal,[명사] 목표,We talked about goal during the lesson.,우리는 수업 중 목표에 대해 이야기했다.,미학습
초등 영어,idea,[명사] 생각,We talked about idea during the lesson.,우리는 수업 중 생각에 대해 이야기했다.,미학습
초등 영어,reason,[명사] 이유,We talked about reason during the lesson.,우리는 수업 중 이유에 대해 이야기했다.,미학습
초등 영어,problem,[명사] 문제,We talked about problem during the lesson.,우리는 수업 중 문제에 대해 이야기했다.,미학습
초등 영어,answer,[명사] 답,We talked about answer during the lesson.,우리는 수업 중 답에 대해 이야기했다.,암기 완료
초등 영어,question,[명사] 질문,We talked about question during the lesson.,우리는 수업 중 질문에 대해 이야기했다.,미학습
초등 영어,result,[명사] 결과,We talked about result during the lesson.,우리는 수업 중 결과에 대해 이야기했다.,미학습
초등 영어,choice,[명사] 선택,We talked about choice during the lesson.,우리는 수업 중 선택에 대해 이야기했다.,미학습
초등 영어,chance,[명사] 기회,We talked about chance during the lesson.,우리는 수업 중 기회에 대해 이야기했다.,암기 완료
초등 영어,change,[명사] 변화,We talked about change during the lesson.,우리는 수업 중 변화에 대해 이야기했다.,미학습
초등 영어,growth,[명사] 성장,We talked about growth during the lesson.,우리는 수업 중 성장에 대해 이야기했다.,미학습
초등 영어,value,[명사] 가치,We talked about value during the lesson.,우리는 수업 중 가치에 대해 이야기했다.,미학습
초등 영어,quality,[명사] 품질,We talked about quality during the lesson.,우리는 수업 중 품질에 대해 이야기했다.,미학습
초등 영어,service,[명사] 서비스,We talked about service during the lesson.,우리는 수업 중 서비스에 대해 이야기했다.,암기 완료
초등 영어,product,[명사] 제품,We talked about product during the lesson.,우리는 수업 중 제품에 대해 이야기했다.,미학습
초등 영어,customer,[명사] 고객,We talked about customer during the lesson.,우리는 수업 중 고객에 대해 이야기했다.,미학습
초등 영어,client,[명사] 의뢰인,We talked about client during the lesson.,우리는 수업 중 의뢰인에 대해 이야기했다.,암기 완료
초등 영어,manager,[명사] 관리자,We talked about manager during the lesson.,우리는 수업 중 관리자에 대해 이야기했다.,미학습
초등 영어,leader,[명사] 지도자,We talked about leader during the lesson.,우리는 수업 중 지도자에 대해 이야기했다.,미학습
초등 영어,member,[명사] 구성원,We talked about member during the lesson.,우리는 수업 중 구성원에 대해 이야기했다.,미학습
초등 영어,staff,[명사] 직원,We talked about staff during the lesson.,우리는 수업 중 직원에 대해 이야기했다.,미학습
초등 영어,worker,[명사] 근로자,We talked about worker during the lesson.,우리는 수업 중 근로자에 대해 이야기했다.,미학습
초등 영어,skill,[명사] 기술,We talked about skill during the lesson.,우리는 수업 중 기술에 대해 이야기했다.,미학습
초등 영어,knowledge,[명사] 지식,We talked about knowledge during the lesson.,우리는 수업 중 지식에 대해 이야기했다.,미학습
초등 영어,study,[명사] 공부,We talked about study during the lesson.,우리는 수업 중 공부에 대해 이야기했다.,미학습
초등 영어,research,[명사] 연구,We talked about research during the lesson.,우리는 수업 중 연구에 대해 이야기했다.,미학습
초등 영어,science,[명사] 과학,We talked about science during the lesson.,우리는 수업 중 과학에 대해 이야기했다.,미학습
초등 영어,history,[명사] 역사,We talked about history during the lesson.,우리는 수업 중 역사에 대해 이야기했다.,미학습
초등 영어,art,[명사] 예술,We talked about art during the lesson.,우리는 수업 중 예술에 대해 이야기했다.,미학습
초등 영어,culture,[명사] 문화,We talked about culture during the lesson.,우리는 수업 중 문화에 대해 이야기했다.,미학습
초등 영어,language,[명사] 언어,We talked about language during the lesson.,우리는 수업 중 언어에 대해 이야기했다.,미학습
초등 영어,letter,[명사] 글자,We talked about letter during the lesson.,우리는 수업 중 글자에 대해 이야기했다.,미학습
초등 영어,word,[명사] 단어,We talked about word during the lesson.,우리는 수업 중 단어에 대해 이야기했다.,미학습
초등 영어,sentence,[명사] 문장,We talked about sentence during the lesson.,우리는 수업 중 문장에 대해 이야기했다.,미학습
초등 영어,story,[명사] 이야기,We talked about story during the lesson.,우리는 수업 중 이야기에 대해 이야기했다.,미학습
초등 영어,news,[명사] 소식,We talked about news during the lesson.,우리는 수업 중 소식에 대해 이야기했다.,미학습
초등 영어,report,[명사] 보고서,We talked about report during the lesson.,우리는 수업 중 보고서에 대해 이야기했다.,미학습
초등 영어,document,[명사] 문서,We talked about document during the lesson.,우리는 수업 중 문서에 대해 이야기했다.,미학습
초등 영어,record,[명사] 기록,We talked about record during the lesson.,우리는 수업 중 기록에 대해 이야기했다.,미학습
초등 영어,system,[명사] 체계,We talked about system during the lesson.,우리는 수업 중 체계에 대해 이야기했다.,미학습
초등 영어,network,[명사] 망,We talked about network during the lesson.,우리는 수업 중 망에 대해 이야기했다.,미학습
초등 영어,website,[명사] 웹사이트,We talked about website during the lesson.,우리는 수업 중 웹사이트에 대해 이야기했다.,미학습
초등 영어,email,[명사] 이메일,We talked about email during the lesson.,우리는 수업 중 이메일에 대해 이야기했다.,미학습
초등 영어,message,[명사] 메시지,We talked about message during the lesson.,우리는 수업 중 메시지에 대해 이야기했다.,미학습
초등 영어,address,[명사] 주소,We talked about address during the lesson.,우리는 수업 중 주소에 대해 이야기했다.,미학습
초등 영어,bank,[명사] 은행,We talked about bank during the lesson.,우리는 수업 중 은행에 대해 이야기했다.,미학습
초등 영어,account,[명사] 계좌,We talked about account during the lesson.,우리는 수업 중 계좌에 대해 이야기했다.,미학습
초등 영어,budget,[명사] 예산,We talked about budget during the lesson.,우리는 수업 중 예산에 대해 이야기했다.,미학습
초등 영어,profit,[명사] 이익,We talked about profit during the lesson.,우리는 수업 중 이익에 대해 이야기했다.,미학습
초등 영어,loss,[명사] 손실,We talked about loss during the lesson.,우리는 수업 중 손실에 대해 이야기했다.,미학습
초등 영어,risk,[명사] 위험,We talked about risk during the lesson.,우리는 수업 중 위험에 대해 이야기했다.,미학습
초등 영어,safety,[명사] 안전,We talked about safety during the lesson.,우리는 수업 중 안전에 대해 이야기했다.,미학습
초등 영어,health,[명사] 건강,We talked about health during the lesson.,우리는 수업 중 건강에 대해 이야기했다.,미학습
초등 영어,care,[명사] 돌봄,We talked about care during the lesson.,우리는 수업 중 돌봄에 대해 이야기했다.,미학습
초등 영어,medicine,[명사] 약,We talked about medicine during the lesson.,우리는 수업 중 약에 대해 이야기했다.,미학습
초등 영어,hospital,[명사] 병원,We talked about hospital during the lesson.,우리는 수업 중 병원에 대해 이야기했다.,미학습
초등 영어,doctor,[명사] 의사,We talked about doctor during the lesson.,우리는 수업 중 의사에 대해 이야기했다.,미학습
초등 영어,nurse,[명사] 간호사,We talked about nurse during the lesson.,우리는 수업 중 간호사에 대해 이야기했다.,미학습
초등 영어,patient,[명사] 환자,We talked about patient during the lesson.,우리는 수업 중 환자에 대해 이야기했다.,암기 완료
초등 영어,energy,[명사] 에너지,We talked about energy during the lesson.,우리는 수업 중 에너지에 대해 이야기했다.,미학습
초등 영어,power,[명사] 힘,We talked about power during the lesson.,우리는 수업 중 힘에 대해 이야기했다.,미학습
초등 영어,light,[명사] 빛,We talked about light during the lesson.,우리는 수업 중 빛에 대해 이야기했다.,미학습
초등 영어,heat,[명사] 열,We talked about heat during the lesson.,우리는 수업 중 열에 대해 이야기했다.,미학습
초등 영어,space,[명사] 공간,We talked about space during the lesson.,우리는 수업 중 공간에 대해 이야기했다.,미학습
초등 영어,area,[명사] 지역,We talked about area during the lesson.,우리는 수업 중 지역에 대해 이야기했다.,미학습
초등 영어,place,[명사] 장소,We talked about place during the lesson.,우리는 수업 중 장소에 대해 이야기했다.,미학습
초등 영어,point,[명사] 요점,We talked about point during the lesson.,우리는 수업 중 요점에 대해 이야기했다.,암기 완료
초등 영어,part,[명사] 부분,We talked about part during the lesson.,우리는 수업 중 부분에 대해 이야기했다.,미학습
초등 영어,side,[명사] 쪽,We talked about side during the lesson.,우리는 수업 중 쪽에 대해 이야기했다.,미학습
초등 영어,center,"[명사] 중심, 중앙",We talked about center during the lesson.,우리는 수업 중 중심에 대해 이야기했다.,미학습
초등 영어,edge,[명사] 가장자리,We talked about edge during the lesson.,우리는 수업 중 가장자리에 대해 이야기했다.,미학습
초등 영어,level,[명사] 수준,We talked about level during the lesson.,우리는 수업 중 수준에 대해 이야기했다.,미학습
초등 영어,degree,"[명사] 정도, 학위",We talked about degree during the lesson.,우리는 수업 중 정도에 대해 이야기했다.,암기 완료
초등 영어,amount,[명사] 양,We talked about amount during the lesson.,우리는 수업 중 양에 대해 이야기했다.,미학습
초등 영어,rate,[명사] 비율,We talked about rate during the lesson.,우리는 수업 중 비율에 대해 이야기했다.,미학습
초등 영어,type,[명사] 유형,We talked about type during the lesson.,우리는 수업 중 유형에 대해 이야기했다.,미학습
초등 영어,kind,[명사] 종류,We talked about kind during the lesson.,우리는 수업 중 종류에 대해 이야기했다.,미학습
초등 영어,form,[명사] 형태,We talked about form during the lesson.,우리는 수업 중 형태에 대해 이야기했다.,미학습
초등 영어,shape,[명사] 모양,We talked about shape during the lesson.,우리는 수업 중 모양에 대해 이야기했다.,미학습
초등 영어,size,[명사] 크기,We talked about size during the lesson.,우리는 수업 중 크기에 대해 이야기했다.,미학습
초등 영어,weight,[명사] 무게,We talked about weight during the lesson.,우리는 수업 중 무게에 대해 이야기했다.,미학습
초등 영어,speed,[명사] 속도,We talked about speed during the lesson.,우리는 수업 중 속도에 대해 이야기했다.,미학습
초등 영어,direction,[명사] 방향,We talked about direction during the lesson.,우리는 수업 중 방향에 대해 이야기했다.,미학습
초등 영어,position,[명사] 위치,We talked about position during the lesson.,우리는 수업 중 위치에 대해 이야기했다.,미학습
초등 영어,action,[명사] 행동,We talked about action during the lesson.,우리는 수업 중 행동에 대해 이야기했다.,미학습
초등 영어,activity,[명사] 활동,We talked about activity during the lesson.,우리는 수업 중 활동에 대해 이야기했다.,암기 완료
초등 영어,process,[명사] 과정,We talked about process during the lesson.,우리는 수업 중 과정에 대해 이야기했다.,미학습
초등 영어,method,[명사] 방법,We talked about method during the lesson.,우리는 수업 중 방법에 대해 이야기했다.,미학습
초등 영어,tool,[명사] 도구,We talked about tool during the lesson.,우리는 수업 중 도구에 대해 이야기했다.,미학습
초등 영어,machine,[명사] 기계,We talked about machine during the lesson.,우리는 수업 중 기계에 대해 이야기했다.,암기 완료
초등 영어,material,[명사] 재료,We talked about material during the lesson.,우리는 수업 중 재료에 대해 이야기했다.,미학습
초등 영어,resource,[명사] 자원,We talked about resource during the lesson.,우리는 수업 중 자원에 대해 이야기했다.,미학습
초등 영어,environment,[명사] 환경,We talked about environment during the lesson.,우리는 수업 중 환경에 대해 이야기했다.,미학습
초등 영어,nature,[명사] 자연,We talked about nature during the lesson.,우리는 수업 중 자연에 대해 이야기했다.,미학습
초등 영어,season,[명사] 계절,We talked about season during the lesson.,우리는 수업 중 계절에 대해 이야기했다.,미학습
초등 영어,spring,[명사] 봄,We talked about spring during the lesson.,우리는 수업 중 봄에 대해 이야기했다.,미학습
초등 영어,summer,[명사] 여름,We talked about summer during the lesson.,우리는 수업 중 여름에 대해 이야기했다.,미학습
초등 영어,autumn,[명사] 가을,We talked about autumn during the lesson.,우리는 수업 중 가을에 대해 이야기했다.,미학습
초등 영어,winter,[명사] 겨울,We talked about winter during the lesson.,우리는 수업 중 겨울에 대해 이야기했다.,미학습
초등 영어,law,[명사] 법,We talked about law during the lesson.,우리는 수업 중 법에 대해 이야기했다.,미학습
초등 영어,rule,[명사] 규칙,We talked about rule during the lesson.,우리는 수업 중 규칙에 대해 이야기했다.,미학습
초등 영어,right,[명사] 권리,We talked about right during the lesson.,우리는 수업 중 권리에 대해 이야기했다.,미학습
초등 영어,duty,[명사] 의무,We talked about duty during the lesson.,우리는 수업 중 의무에 대해 이야기했다.,미학습
초등 영어,peace,[명사] 평화,We talked about peace during the lesson.,우리는 수업 중 평화에 대해 이야기했다.,미학습
초등 영어,war,[명사] 전쟁,We talked about war during the lesson.,우리는 수업 중 전쟁에 대해 이야기했다.,암기 완료
초등 영어,policy,[명사] 정책,We talked about policy during the lesson.,우리는 수업 중 정책에 대해 이야기했다.,암기 완료
초등 영어,society,[명사] 사회,We talked about society during the lesson.,우리는 수업 중 사회에 대해 이야기했다.,미학습
초등 영어,community,[명사] 공동체,We talked about community during the lesson.,우리는 수업 중 공동체에 대해 이야기했다.,미학습
초등 영어,group,[명사] 집단,We talked about group during the lesson.,우리는 수업 중 집단에 대해 이야기했다.,미학습
초등 영어,public,[명사] 대중,We talked about public during the lesson.,우리는 수업 중 대중에 대해 이야기했다.,미학습
초등 영어,marketplace,[명사] 시장,We talked about marketplace during the lesson.,우리는 수업 중 시장에 대해 이야기했다.,미학습
초등 영어,industry,[명사] 산업,We talked about industry during the lesson.,우리는 수업 중 산업에 대해 이야기했다.,미학습
초등 영어,technology,[명사] 기술,We talked about technology during the lesson.,우리는 수업 중 기술에 대해 이야기했다.,미학습
초등 영어,design,[명사] 설계,We talked about design during the lesson.,우리는 수업 중 설계에 대해 이야기했다.,미학습
초등 영어,model,[명사] 모형,We talked about model during the lesson.,우리는 수업 중 모형에 대해 이야기했다.,미학습
초등 영어,sample,[명사] 견본,We talked about sample during the lesson.,우리는 수업 중 견본에 대해 이야기했다.,미학습
초등 영어,image,[명사] 이미지,We talked about image during the lesson.,우리는 수업 중 이미지에 대해 이야기했다.,미학습
초등 영어,memory,[명사] 기억,We talked about memory during the lesson.,우리는 수업 중 기억에 대해 이야기했다.,암기 완료
초등 영어,dream,[명사] 꿈,We talked about dream during the lesson.,우리는 수업 중 꿈에 대해 이야기했다.,미학습
초등 영어,hope,[명사] 희망,We talked about hope during the lesson.,우리는 수업 중 희망에 대해 이야기했다.,미학습
초등 영어,fear,[명사] 두려움,We talked about fear during the lesson.,우리는 수업 중 두려움에 대해 이야기했다.,미학습
초등 영어,love,[명사] 사랑,We talked about love during the lesson.,우리는 수업 중 사랑에 대해 이야기했다.,미학습
초등 영어,hate,[명사] 증오,We talked about hate during the lesson.,우리는 수업 중 증오에 대해 이야기했다.,미학습
초등 영어,joy,[명사] 기쁨,We talked about joy during the lesson.,우리는 수업 중 기쁨에 대해 이야기했다.,미학습
초등 영어,anger,[명사] 분노,We talked about anger during the lesson.,우리는 수업 중 분노에 대해 이야기했다.,암기 완료
초등 영어,sadness,[명사] 슬픔,We talked about sadness during the lesson.,우리는 수업 중 슬픔에 대해 이야기했다.,미학습
초등 영어,truth,[명사] 진실,We talked about truth during the lesson.,우리는 수업 중 진실에 대해 이야기했다.,미학습
초등 영어,fact,[명사] 사실,We talked about fact during the lesson.,우리는 수업 중 사실에 대해 이야기했다.,미학습
초등 영어,opinion,[명사] 의견,We talked about opinion during the lesson.,우리는 수업 중 의견에 대해 이야기했다.,미학습
초등 영어,advice,[명사] 조언,We talked about advice during the lesson.,우리는 수업 중 조언에 대해 이야기했다.,미학습
초등 영어,be,[동사] 이다,I want to be calm today.,나는 오늘 차분해지고 싶다.,미학습
초등 영어,have,[동사] 가지다,I have a clear goal today.,나는 오늘 명확한 목표를 가지고 있다.,미학습
초등 영어,do,[동사] 하다,We do the task together.,우리는 그 일을 함께 한다.,미학습
초등 영어,make,[동사] 만들다,They make a useful plan.,그들은 유용한 계획을 만든다.,미학습
초등 영어,get,[동사] 얻다,I get help from a friend.,나는 친구에게서 도움을 얻는다.,미학습
초등 영어,go,[동사] 가다,We go to school in the morning.,우리는 아침에 학교에 간다.,미학습
초등 영어,come,[동사] 오다,Please come to the office early.,사무실에 일찍 오세요.,미학습
초등 영어,see,[동사] 보다,Learners practice how to see in English.,학습자는 영어로 보다 방법을 연습한다.,미학습
초등 영어,hear,[동사] 듣다,Learners practice how to hear in English.,학습자는 영어로 듣다 방법을 연습한다.,미학습
초등 영어,say,[동사] 말하다,Please say the word clearly.,그 단어를 명확하게 말하세요.,미학습
초등 영어,tell,[동사] 말하다,I will tell the story tomorrow.,나는 내일 그 이야기를 말할 것이다.,미학습
초등 영어,ask,[동사] 묻다,Students ask a question in class.,학생들은 수업에서 질문을 한다.,미학습
초등 영어,learn,[동사] 배우다,Learners practice how to learn in English.,학습자는 영어로 배우다 방법을 연습한다.,미학습
초등 영어,teach,[동사] 가르치다,Learners practice how to teach in English.,학습자는 영어로 가르치다 방법을 연습한다.,미학습
초등 영어,know,[동사] 알다,Learners practice how to know in English.,학습자는 영어로 알다 방법을 연습한다.,미학습
초등 영어,think,[동사] 생각하다,Learners practice how to think in English.,학습자는 영어로 생각하다 방법을 연습한다.,미학습
초등 영어,feel,[동사] 느끼다,Learners practice how to feel in English.,학습자는 영어로 느끼다 방법을 연습한다.,미학습
초등 영어,believe,[동사] 믿다,Learners practice how to believe in English.,학습자는 영어로 믿다 방법을 연습한다.,미학습
초등 영어,remember,[동사] 기억하다,Learners practice how to remember in English.,학습자는 영어로 기억하다 방법을 연습한다.,미학습
초등 영어,forget,[동사] 잊다,Learners practice how to forget in English.,학습자는 영어로 잊다 방법을 연습한다.,미학습
초등 영어,understand,[동사] 이해하다,Learners practice how to understand in English.,학습자는 영어로 이해하다 방법을 연습한다.,미학습
초등 영어,try,[동사] 시도하다,Learners practice how to try in English.,학습자는 영어로 시도하다 방법을 연습한다.,미학습
초등 영어,use,[동사] 사용하다,Learners practice how to use in English.,학습자는 영어로 사용하다 방법을 연습한다.,미학습
초등 영어,want,[동사] 원하다,Learners practice how to want in English.,학습자는 영어로 원하다 방법을 연습한다.,암기 완료
초등 영어,like,[동사] 좋아하다,Learners practice how to like in English.,학습자는 영어로 좋아하다 방법을 연습한다.,미학습
초등 영어,wake,[동사] 깨다,Learners practice how to wake in English.,학습자는 영어로 깨다 방법을 연습한다.,미학습
초등 영어,cook,[동사] 요리하다,Learners practice how to cook in English.,학습자는 영어로 요리하다 방법을 연습한다.,미학습
초등 영어,buy,[동사] 사다,Learners practice how to buy in English.,학습자는 영어로 사다 방법을 연습한다.,미학습
초등 영어,sell,[동사] 팔다,Learners practice how to sell in English.,학습자는 영어로 팔다 방법을 연습한다.,암기 완료
초등 영어,pay,[동사] 지불하다,Learners practice how to pay in English.,학습자는 영어로 지불하다 방법을 연습한다.,미학습
초등 영어,spend,[동사] 쓰다,Learners practice how to spend in English.,학습자는 영어로 쓰다 방법을 연습한다.,미학습
초등 영어,save,"[동사] 저축하다, 구출하다",Learners practice how to save in English.,학습자는 영어로 저축하다 방법을 연습한다.,미학습
초등 영어,give,[동사] 주다,Learners practice how to give in English.,학습자는 영어로 주다 방법을 연습한다.,암기 완료
초등 영어,take,[동사] 가져가다,Learners practice how to take in English.,학습자는 영어로 가져가다 방법을 연습한다.,미학습
초등 영어,bring,[동사] 가져오다,Learners practice how to bring in English.,학습자는 영어로 가져오다 방법을 연습한다.,미학습
초등 영어,send,[동사] 보내다,Learners practice how to send in English.,학습자는 영어로 보내다 방법을 연습한다.,미학습
초등 영어,receive,[동사] 받다,Learners practice how to receive in English.,학습자는 영어로 받다 방법을 연습한다.,미학습
초등 영어,start,[동사] 시작하다,Learners practice how to start in English.,학습자는 영어로 시작하다 방법을 연습한다.,미학습
초등 영어,finish,[동사] 끝내다,Learners practice how to finish in English.,학습자는 영어로 끝내다 방법을 연습한다.,미학습
초등 영어,stop,[동사] 멈추다,Learners practice how to stop in English.,학습자는 영어로 멈추다 방법을 연습한다.,미학습
초등 영어,move,[동사] 움직이다,Learners practice how to move in English.,학습자는 영어로 움직이다 방법을 연습한다.,미학습
초등 영어,turn,[동사] 돌리다,Learners practice how to turn in English.,학습자는 영어로 돌리다 방법을 연습한다.,미학습
초등 영어,follow,[동사] 따르다,Learners practice how to follow in English.,학습자는 영어로 따르다 방법을 연습한다.,미학습
초등 영어,lead,[동사] 이끌다,Learners practice how to lead in English.,학습자는 영어로 이끌다 방법을 연습한다.,미학습
초등 영어,meet,[동사] 만나다,Learners practice how to meet in English.,학습자는 영어로 만나다 방법을 연습한다.,미학습
초등 영어,join,[동사] 가입하다,Learners practice how to join in English.,학습자는 영어로 가입하다 방법을 연습한다.,미학습
초등 영어,leave,[동사] 떠나다,Learners practice how to leave in English.,학습자는 영어로 떠나다 방법을 연습한다.,미학습
초등 영어,arrive,[동사] 도착하다,Learners practice how to arrive in English.,학습자는 영어로 도착하다 방법을 연습한다.,암기 완료
초등 영어,visit,[동사] 방문하다,Learners practice how to visit in English.,학습자는 영어로 방문하다 방법을 연습한다.,미학습
초등 영어,call,[동사] 부르다,Learners practice how to call in English.,학습자는 영어로 부르다 방법을 연습한다.,암기 완료
초등 영어,contact,[동사] 연락하다,Learners practice how to contact in English.,학습자는 영어로 연락하다 방법을 연습한다.,미학습
초등 영어,check,[동사] 확인하다,Learners practice how to check in English.,학습자는 영어로 확인하다 방법을 연습한다.,미학습
초등 영어,choose,[동사] 선택하다,Learners practice how to choose in English.,학습자는 영어로 선택하다 방법을 연습한다.,미학습
초등 영어,decide,[동사] 결정하다,Learners practice how to decide in English.,학습자는 영어로 결정하다 방법을 연습한다.,미학습
초등 영어,grow,[동사] 자라다,Learners practice how to grow in English.,학습자는 영어로 자라다 방법을 연습한다.,미학습
초등 영어,build,"[동사] 짓다, 건설하다",Learners practice how to build in English.,학습자는 영어로 짓다 방법을 연습한다.,암기 완료
초등 영어,create,[동사] 창조하다,Learners practice how to create in English.,학습자는 영어로 창조하다 방법을 연습한다.,미학습
초등 영어,develop,[동사] 개발하다,Learners practice how to develop in English.,학습자는 영어로 개발하다 방법을 연습한다.,암기 완료
초등 영어,improve,[동사] 개선하다,Learners practice how to improve in English.,학습자는 영어로 개선하다 방법을 연습한다.,미학습
초등 영어,reduce,[동사] 줄이다,Learners practice how to reduce in English.,학습자는 영어로 줄이다 방법을 연습한다.,미학습
초등 영어,increase,[동사] 증가시키다,Learners practice how to increase in English.,학습자는 영어로 증가시키다 방법을 연습한다.,미학습
초등 영어,compare,[동사] 비교하다,Learners practice how to compare in English.,학습자는 영어로 비교하다 방법을 연습한다.,미학습
초등 영어,explain,[동사] 설명하다,Learners practice how to explain in English.,학습자는 영어로 설명하다 방법을 연습한다.,미학습
초등 영어,describe,[동사] 묘사하다,Learners practice how to describe in English.,학습자는 영어로 묘사하다 방법을 연습한다.,미학습
초등 영어,discuss,[동사] 논의하다,Learners practice how to discuss in English.,학습자는 영어로 논의하다 방법을 연습한다.,암기 완료
초등 영어,agree,[동사] 동의하다,Learners practice how to agree in English.,학습자는 영어로 동의하다 방법을 연습한다.,미학습
초등 영어,prepare,[동사] 준비하다,Learners practice how to prepare in English.,학습자는 영어로 준비하다 방법을 연습한다.,미학습
초등 영어,manage,[동사] 관리하다,Learners practice how to manage in English.,학습자는 영어로 관리하다 방법을 연습한다.,미학습
초등 영어,protect,[동사] 보호하다,Learners practice how to protect in English.,학습자는 영어로 보호하다 방법을 연습한다.,미학습
초등 영어,serve,[동사] 제공하다,Learners practice how to serve in English.,학습자는 영어로 제공하다 방법을 연습한다.,미학습
초등 영어,produce,[동사] 생산하다,Learners practice how to produce in English.,학습자는 영어로 생산하다 방법을 연습한다.,미학습
초등 영어,deliver,[동사] 배달하다,Learners practice how to deliver in English.,학습자는 영어로 배달하다 방법을 연습한다.,미학습
초등 영어,collect,[동사] 수집하다,Learners practice how to collect in English.,학습자는 영어로 수집하다 방법을 연습한다.,미학습
초등 영어,organize,[동사] 조직하다,Learners practice how to organize in English.,학습자는 영어로 조직하다 방법을 연습한다.,미학습
초등 영어,search,[동사] 찾다,Learners practice how to search in English.,학습자는 영어로 찾다 방법을 연습한다.,미학습
초등 영어,find,[동사] 찾다,Learners practice how to find in English.,학습자는 영어로 찾다 방법을 연습한다.,암기 완료
초등 영어,lose,[동사] 잃다,Learners practice how to lose in English.,학습자는 영어로 잃다 방법을 연습한다.,미학습
초등 영어,keep,[동사] 유지하다,Learners practice how to keep in English.,학습자는 영어로 유지하다 방법을 연습한다.,미학습
초등 영어,hold,[동사] 잡다,Learners practice how to hold in English.,학습자는 영어로 잡다 방법을 연습한다.,미학습
초등 영어,carry,[동사] 나르다,Learners practice how to carry in English.,학습자는 영어로 나르다 방법을 연습한다.,미학습
초등 영어,drive,[동사] 운전하다,Learners practice how to drive in English.,학습자는 영어로 운전하다 방법을 연습한다.,미학습
초등 영어,fly,[동사] 날다,Learners practice how to fly in English.,학습자는 영어로 날다 방법을 연습한다.,미학습
초등 영어,swim,[동사] 수영하다,Learners practice how to swim in English.,학습자는 영어로 수영하다 방법을 연습한다.,미학습
초등 영어,paint,[동사] 칠하다,Learners practice how to paint in English.,학습자는 영어로 칠하다 방법을 연습한다.,미학습
초등 영어,laugh,[동사] 웃다,Learners practice how to laugh in English.,학습자는 영어로 웃다 방법을 연습한다.,미학습
초등 영어,cry,[동사] 울다,Learners practice how to cry in English.,학습자는 영어로 울다 방법을 연습한다.,미학습
초등 영어,wait,[동사] 기다리다,Learners practice how to wait in English.,학습자는 영어로 기다리다 방법을 연습한다.,암기 완료
초등 영어,rest,[동사] 쉬다,Learners practice how to rest in English.,학습자는 영어로 쉬다 방법을 연습한다.,암기 완료
초등 영어,large,[형용사] 큰,The situation is large.,그 상황은 큰 상태이다.,미학습
초등 영어,young,[형용사] 어린,The situation is young.,그 상황은 어린 상태이다.,미학습
초등 영어,old,[형용사] 나이든,The situation is old.,그 상황은 나이든 상태이다.,미학습
초등 영어,new,[형용사] 새로운,The situation is new.,그 상황은 새로운 상태이다.,미학습
초등 영어,early,[형용사] 이른,The situation is early.,그 상황은 이른 상태이다.,미학습
초등 영어,late,[형용사] 늦은,The situation is late.,그 상황은 늦은 상태이다.,미학습
초등 영어,good,[형용사] 좋은,The situation is good.,그 상황은 좋은 상태이다.,미학습
초등 영어,bad,[형용사] 나쁜,The situation is bad.,그 상황은 나쁜 상태이다.,암기 완료
초등 영어,wrong,[형용사] 틀린,The situation is wrong.,그 상황은 틀린 상태이다.,미학습
초등 영어,easy,[형용사] 쉬운,The situation is easy.,그 상황은 쉬운 상태이다.,미학습
초등 영어,hard,[형용사] 어려운,The situation is hard.,그 상황은 어려운 상태이다.,미학습
초등 영어,simple,[형용사] 단순한,The situation is simple.,그 상황은 단순한 상태이다.,미학습
초등 영어,clear,[형용사] 명확한,The situation is clear.,그 상황은 명확한 상태이다.,미학습
초등 영어,dark,[형용사] 어두운,The situation is dark.,그 상황은 어두운 상태이다.,미학습
초등 영어,bright,[형용사] 밝은,The situation is bright.,그 상황은 밝은 상태이다.,미학습
초등 영어,warm,[형용사] 따뜻한,The situation is warm.,그 상황은 따뜻한 상태이다.,미학습
초등 영어,cool,[형용사] 시원한,The situation is cool.,그 상황은 시원한 상태이다.,미학습
초등 영어,high,[형용사] 높은,The situation is high.,그 상황은 높은 상태이다.,미학습
초등 영어,low,[형용사] 낮은,The situation is low.,그 상황은 낮은 상태이다.,미학습
초등 영어,strong,[형용사] 강한,The situation is strong.,그 상황은 강한 상태이다.,미학습
초등 영어,weak,[형용사] 약한,The situation is weak.,그 상황은 약한 상태이다.,암기 완료
초등 영어,dirty,[형용사] 더러운,The situation is dirty.,그 상황은 더러운 상태이다.,미학습
초등 영어,safe,[형용사] 안전한,The situation is safe.,그 상황은 안전한 상태이다.,미학습
초등 영어,dangerous,[형용사] 위험한,The situation is dangerous.,그 상황은 위험한 상태이다.,미학습
초등 영어,healthy,[형용사] 건강한,The situation is healthy.,그 상황은 건강한 상태이다.,미학습
초등 영어,sick,[형용사] 아픈,The situation is sick.,그 상황은 아픈 상태이다.,미학습
초등 영어,afraid,[형용사] 두려운,The situation is afraid.,그 상황은 두려운 상태이다.,미학습
초등 영어,busy,[형용사] 바쁜,The situation is busy.,그 상황은 바쁜 상태이다.,미학습
초등 영어,free,"[형용사] 자유로운, 무료의",The situation is free.,그 상황은 자유로운 상태이다.,미학습
초등 영어,ready,[형용사] 준비된,The situation is ready.,그 상황은 준비된 상태이다.,미학습
초등 영어,able,[형용사] 할 수 있는,The situation is able.,그 상황은 할 수 있는 상태이다.,미학습
초등 영어,polite,[형용사] 공손한,The situation is polite.,그 상황은 공손한 상태이다.,미학습
초등 영어,quiet,[형용사] 조용한,The situation is quiet.,그 상황은 조용한 상태이다.,미학습
초등 영어,loud,[형용사] 시끄러운,The situation is loud.,그 상황은 시끄러운 상태이다.,미학습
초등 영어,rich,[형용사] 부유한,The situation is rich.,그 상황은 부유한 상태이다.,미학습
초등 영어,poor,[형용사] 가난한,The situation is poor.,그 상황은 가난한 상태이다.,미학습
초등 영어,full,[형용사] 가득 찬,The situation is full.,그 상황은 가득 찬 상태이다.,미학습
초등 영어,empty,[형용사] 빈,The situation is empty.,그 상황은 빈 상태이다.,미학습
초등 영어,heavy,[형용사] 무거운,The situation is heavy.,그 상황은 무거운 상태이다.,미학습
초등 영어,beautiful,[형용사] 아름다운,The situation is beautiful.,그 상황은 아름다운 상태이다.,미학습
초등 영어,ugly,[형용사] 못생긴,The situation is ugly.,그 상황은 못생긴 상태이다.,미학습
초등 영어,important,[형용사] 중요한,The situation is important.,그 상황은 중요한 상태이다.,미학습
초등 영어,useful,[형용사] 유용한,The situation is useful.,그 상황은 유용한 상태이다.,미학습
초등 영어,special,[형용사] 특별한,The situation is special.,그 상황은 특별한 상태이다.,미학습
초등 영어,common,[형용사] 흔한,The situation is common.,그 상황은 흔한 상태이다.,미학습
초등 영어,private,[형용사] 사적인,The situation is private.,그 상황은 사적인 상태이다.,미학습
초등 영어,local,[형용사] 지역의,The situation is local.,그 상황은 지역의 상태이다.,미학습
초등 영어,global,[형용사] 세계적인,The situation is global.,그 상황은 세계적인 상태이다.,미학습
초등 영어,basic,[형용사] 기본적인,The situation is basic.,그 상황은 기본적인 상태이다.,미학습
초등 영어,advanced,[형용사] 고급의,The situation is advanced.,그 상황은 고급의 상태이다.,미학습
초등 영어,natural,[형용사] 자연의,The situation is natural.,그 상황은 자연의 상태이다.,미학습
초등 영어,modern,[형용사] 현대의,The situation is modern.,그 상황은 현대의 상태이다.,미학습
초등 영어,quick,[형용사] 빠른,The situation is quick.,그 상황은 빠른 상태이다.,미학습
초등 영어,careful,[형용사] 주의 깊은,The situation is careful.,그 상황은 주의 깊은 상태이다.,미학습
초등 영어,possible,[형용사] 가능한,The situation is possible.,그 상황은 가능한 상태이다.,미학습
초등 영어,main,[형용사] 주요한,The situation is main.,그 상황은 주요한 상태이다.,미학습
초등 영어,final,[형용사] 최종의,The situation is final.,그 상황은 최종의 상태이다.,미학습
초등 영어,daily,[형용사] 매일의,The situation is daily.,그 상황은 매일의 상태이다.,학습 중
초등 영어,weekly,[형용사] 매주의,The situation is weekly.,그 상황은 매주의 상태이다.,미학습
초등 영어,monthly,[형용사] 매월의,The situation is monthly.,그 상황은 매월의 상태이다.,미학습
초등 영어,accurate,[형용사] 정확한,The situation is accurate.,그 상황은 정확한 상태이다.,미학습
초등 영어,active,[형용사] 활동적인,The situation is active.,그 상황은 활동적인 상태이다.,미학습
초등 영어,calm,[형용사] 차분한,The situation is calm.,그 상황은 차분한 상태이다.,미학습
초등 영어,eager,[형용사] 열망하는,The situation is eager.,그 상황은 열망하는 상태이다.,미학습
초등 영어,creative,[형용사] 창의적인,The situation is creative.,그 상황은 창의적인 상태이다.,미학습
초등 영어,usually,[부사] 보통,She worked usually today.,그녀는 오늘 보통 일했다.,미학습
초등 영어,often,[부사] 자주,She worked often today.,그녀는 오늘 자주 일했다.,미학습
초등 영어,always,[부사] 항상,She worked always today.,그녀는 오늘 항상 일했다.,미학습
초등 영어,never,[부사] 결코,She worked never today.,그녀는 오늘 결코 일했다.,미학습
초등 영어,sometimes,[부사] 가끔,She worked sometimes today.,그녀는 오늘 가끔 일했다.,미학습
초등 영어,quickly,[부사] 빨리,She worked quickly today.,그녀는 오늘 빨리 일했다.,미학습
초등 영어,slowly,[부사] 천천히,She worked slowly today.,그녀는 오늘 천천히 일했다.,암기 완료
초등 영어,carefully,[부사] 조심스럽게,She worked carefully today.,그녀는 오늘 조심스럽게 일했다.,미학습
초등 영어,clearly,[부사] 명확하게,She worked clearly today.,그녀는 오늘 명확하게 일했다.,암기 완료
초등 영어,easily,[부사] 쉽게,She worked easily today.,그녀는 오늘 쉽게 일했다.,암기 완료
중고등 영어,apple,[명사] 사과,We talked about apple during the lesson.,우리는 수업 중 사과에 대해 이야기했다.,미학습
중고등 영어,banana,[명사] 바나나,We talked about banana during the lesson.,우리는 수업 중 바나나에 대해 이야기했다.,미학습
중고등 영어,orange,[명사] 오렌지,We talked about orange during the lesson.,우리는 수업 중 오렌지에 대해 이야기했다.,미학습
중고등 영어,grape,[명사] 포도,We talked about grape during the lesson.,우리는 수업 중 포도에 대해 이야기했다.,미학습
중고등 영어,lemon,[명사] 레몬,We talked about lemon during the lesson.,우리는 수업 중 레몬에 대해 이야기했다.,미학습
중고등 영어,peach,[명사] 복숭아,We talked about peach during the lesson.,우리는 수업 중 복숭아에 대해 이야기했다.,미학습
중고등 영어,pear,[명사] 배,We talked about pear during the lesson.,우리는 수업 중 배에 대해 이야기했다.,미학습
중고등 영어,melon,[명사] 멜론,We talked about melon during the lesson.,우리는 수업 중 멜론에 대해 이야기했다.,미학습
중고등 영어,berry,[명사] 베리,We talked about berry during the lesson.,우리는 수업 중 베리에 대해 이야기했다.,미학습
중고등 영어,mango,[명사] 망고,We talked about mango during the lesson.,우리는 수업 중 망고에 대해 이야기했다.,미학습
중고등 영어,bread,[명사] 빵,We talked about bread during the lesson.,우리는 수업 중 빵에 대해 이야기했다.,미학습
중고등 영어,rice,[명사] 쌀밥,We talked about rice during the lesson.,우리는 수업 중 쌀밥에 대해 이야기했다.,미학습
중고등 영어,water,[명사] 물,We talked about water during the lesson.,우리는 수업 중 물에 대해 이야기했다.,미학습
중고등 영어,milk,[명사] 우유,We talked about milk during the lesson.,우리는 수업 중 우유에 대해 이야기했다.,미학습
중고등 영어,juice,[명사] 주스,We talked about juice during the lesson.,우리는 수업 중 주스에 대해 이야기했다.,미학습
중고등 영어,coffee,[명사] 커피,We talked about coffee during the lesson.,우리는 수업 중 커피에 대해 이야기했다.,미학습
중고등 영어,tea,[명사] 차,We talked about tea during the lesson.,우리는 수업 중 차에 대해 이야기했다.,미학습
중고등 영어,salt,[명사] 소금,We talked about salt during the lesson.,우리는 수업 중 소금에 대해 이야기했다.,미학습
중고등 영어,sugar,[명사] 설탕,We talked about sugar during the lesson.,우리는 수업 중 설탕에 대해 이야기했다.,미학습
중고등 영어,honey,[명사] 꿀,We talked about honey during the lesson.,우리는 수업 중 꿀에 대해 이야기했다.,미학습
중고등 영어,egg,[명사] 달걀,We talked about egg during the lesson.,우리는 수업 중 달걀에 대해 이야기했다.,미학습
중고등 영어,meat,[명사] 고기,We talked about meat during the lesson.,우리는 수업 중 고기에 대해 이야기했다.,미학습
중고등 영어,fish,[명사] 생선,We talked about fish during the lesson.,우리는 수업 중 생선에 대해 이야기했다.,미학습
중고등 영어,cheese,[명사] 치즈,We talked about cheese during the lesson.,우리는 수업 중 치즈에 대해 이야기했다.,미학습
중고등 영어,soup,[명사] 수프,We talked about soup during the lesson.,우리는 수업 중 수프에 대해 이야기했다.,미학습
중고등 영어,salad,[명사] 샐러드,We talked about salad during the lesson.,우리는 수업 중 샐러드에 대해 이야기했다.,미학습
중고등 영어,meal,[명사] 식사,We talked about meal during the lesson.,우리는 수업 중 식사에 대해 이야기했다.,미학습
중고등 영어,breakfast,[명사] 아침식사,We talked about breakfast during the lesson.,우리는 수업 중 아침식사에 대해 이야기했다.,미학습
중고등 영어,lunch,[명사] 점심식사,We talked about lunch during the lesson.,우리는 수업 중 점심식사에 대해 이야기했다.,미학습
중고등 영어,dinner,[명사] 저녁식사,We talked about dinner during the lesson.,우리는 수업 중 저녁식사에 대해 이야기했다.,미학습
중고등 영어,family,[명사] 가족,We talked about family during the lesson.,우리는 수업 중 가족에 대해 이야기했다.,미학습
중고등 영어,parent,[명사] 부모,We talked about parent during the lesson.,우리는 수업 중 부모에 대해 이야기했다.,미학습
중고등 영어,child,[명사] 아이,We talked about child during the lesson.,우리는 수업 중 아이에 대해 이야기했다.,미학습
중고등 영어,friend,[명사] 친구,We talked about friend during the lesson.,우리는 수업 중 친구에 대해 이야기했다.,미학습
중고등 영어,teacher,[명사] 교사,We talked about teacher during the lesson.,우리는 수업 중 교사에 대해 이야기했다.,미학습
중고등 영어,student,[명사] 학생,We talked about student during the lesson.,우리는 수업 중 학생에 대해 이야기했다.,미학습
중고등 영어,school,[명사] 학교,We talked about school during the lesson.,우리는 수업 중 학교에 대해 이야기했다.,미학습
중고등 영어,class,[명사] 수업,We talked about class during the lesson.,우리는 수업 중 수업에 대해 이야기했다.,미학습
중고등 영어,lesson,[명사] 과목,We talked about lesson during the lesson.,우리는 수업 중 과목에 대해 이야기했다.,미학습
중고등 영어,book,[명사] 책,We talked about book during the lesson.,우리는 수업 중 책에 대해 이야기했다.,미학습
중고등 영어,page,[명사] 쪽,We talked about page during the lesson.,우리는 수업 중 쪽에 대해 이야기했다.,미학습
중고등 영어,paper,[명사] 종이,We talked about paper during the lesson.,우리는 수업 중 종이에 대해 이야기했다.,미학습
중고등 영어,pen,[명사] 펜,We talked about pen during the lesson.,우리는 수업 중 펜에 대해 이야기했다.,미학습
중고등 영어,pencil,[명사] 연필,We talked about pencil during the lesson.,우리는 수업 중 연필에 대해 이야기했다.,미학습
중고등 영어,desk,[명사] 책상,We talked about desk during the lesson.,우리는 수업 중 책상에 대해 이야기했다.,미학습
중고등 영어,chair,[명사] 의자,We talked about chair during the lesson.,우리는 수업 중 의자에 대해 이야기했다.,미학습
중고등 영어,table,[명사] 탁자,We talked about table during the lesson.,우리는 수업 중 탁자에 대해 이야기했다.,미학습
중고등 영어,door,[명사] 문,We talked about door during the lesson.,우리는 수업 중 문에 대해 이야기했다.,미학습
중고등 영어,window,[명사] 창문,We talked about window during the lesson.,우리는 수업 중 창문에 대해 이야기했다.,미학습
중고등 영어,room,[명사] 방,We talked about room during the lesson.,우리는 수업 중 방에 대해 이야기했다.,미학습
중고등 영어,house,[명사] 집,We talked about house during the lesson.,우리는 수업 중 집에 대해 이야기했다.,미학습
중고등 영어,home,[명사] 가정,We talked about home during the lesson.,우리는 수업 중 가정에 대해 이야기했다.,미학습
중고등 영어,kitchen,[명사] 부엌,We talked about kitchen during the lesson.,우리는 수업 중 부엌에 대해 이야기했다.,미학습
중고등 영어,bathroom,[명사] 욕실,We talked about bathroom during the lesson.,우리는 수업 중 욕실에 대해 이야기했다.,미학습
중고등 영어,bedroom,[명사] 침실,We talked about bedroom during the lesson.,우리는 수업 중 침실에 대해 이야기했다.,미학습
중고등 영어,garden,[명사] 정원,We talked about garden during the lesson.,우리는 수업 중 정원에 대해 이야기했다.,미학습
중고등 영어,street,[명사] 거리,We talked about street during the lesson.,우리는 수업 중 거리에 대해 이야기했다.,미학습
중고등 영어,road,[명사] 도로,We talked about road during the lesson.,우리는 수업 중 도로에 대해 이야기했다.,미학습
중고등 영어,city,[명사] 도시,We talked about city during the lesson.,우리는 수업 중 도시에 대해 이야기했다.,미학습
중고등 영어,town,[명사] 마을,We talked about town during the lesson.,우리는 수업 중 마을에 대해 이야기했다.,미학습
중고등 영어,village,[명사] 촌락,We talked about village during the lesson.,우리는 수업 중 촌락에 대해 이야기했다.,미학습
중고등 영어,country,[명사] 나라,We talked about country during the lesson.,우리는 수업 중 나라에 대해 이야기했다.,미학습
중고등 영어,world,[명사] 세계,We talked about world during the lesson.,우리는 수업 중 세계에 대해 이야기했다.,미학습
중고등 영어,earth,[명사] 지구,We talked about earth during the lesson.,우리는 수업 중 지구에 대해 이야기했다.,미학습
중고등 영어,sky,[명사] 하늘,We talked about sky during the lesson.,우리는 수업 중 하늘에 대해 이야기했다.,미학습
중고등 영어,sun,[명사] 태양,We talked about sun during the lesson.,우리는 수업 중 태양에 대해 이야기했다.,미학습
중고등 영어,moon,[명사] 달,We talked about moon during the lesson.,우리는 수업 중 달에 대해 이야기했다.,미학습
중고등 영어,star,[명사] 별,We talked about star during the lesson.,우리는 수업 중 별에 대해 이야기했다.,미학습
중고등 영어,cloud,[명사] 구름,We talked about cloud during the lesson.,우리는 수업 중 구름에 대해 이야기했다.,미학습
중고등 영어,rain,[명사] 비,We talked about rain during the lesson.,우리는 수업 중 비에 대해 이야기했다.,미학습
중고등 영어,snow,[명사] 눈,We talked about snow during the lesson.,우리는 수업 중 눈에 대해 이야기했다.,미학습
중고등 영어,wind,[명사] 바람,We talked about wind during the lesson.,우리는 수업 중 바람에 대해 이야기했다.,미학습
중고등 영어,fire,[명사] 불,We talked about fire during the lesson.,우리는 수업 중 불에 대해 이야기했다.,미학습
중고등 영어,tree,[명사] 나무,We talked about tree during the lesson.,우리는 수업 중 나무에 대해 이야기했다.,미학습
중고등 영어,flower,[명사] 꽃,We talked about flower during the lesson.,우리는 수업 중 꽃에 대해 이야기했다.,미학습
중고등 영어,grass,[명사] 풀,We talked about grass during the lesson.,우리는 수업 중 풀에 대해 이야기했다.,미학습
중고등 영어,river,[명사] 강,We talked about river during the lesson.,우리는 수업 중 강에 대해 이야기했다.,미학습
중고등 영어,lake,[명사] 호수,We talked about lake during the lesson.,우리는 수업 중 호수에 대해 이야기했다.,미학습
중고등 영어,sea,[명사] 바다,We talked about sea during the lesson.,우리는 수업 중 바다에 대해 이야기했다.,미학습
중고등 영어,mountain,[명사] 산,We talked about mountain during the lesson.,우리는 수업 중 산에 대해 이야기했다.,학습 중
중고등 영어,forest,[명사] 숲,We talked about forest during the lesson.,우리는 수업 중 숲에 대해 이야기했다.,미학습
중고등 영어,field,[명사] 들판,We talked about field during the lesson.,우리는 수업 중 들판에 대해 이야기했다.,미학습
중고등 영어,animal,[명사] 동물,We talked about animal during the lesson.,우리는 수업 중 동물에 대해 이야기했다.,미학습
중고등 영어,bird,[명사] 새,We talked about bird during the lesson.,우리는 수업 중 새에 대해 이야기했다.,미학습
중고등 영어,cat,[명사] 고양이,We talked about cat during the lesson.,우리는 수업 중 고양이에 대해 이야기했다.,미학습
중고등 영어,dog,[명사] 개,We talked about dog during the lesson.,우리는 수업 중 개에 대해 이야기했다.,미학습
중고등 영어,horse,[명사] 말,We talked about horse during the lesson.,우리는 수업 중 말에 대해 이야기했다.,미학습
중고등 영어,cow,[명사] 소,We talked about cow during the lesson.,우리는 수업 중 소에 대해 이야기했다.,미학습
중고등 영어,sheep,[명사] 양,We talked about sheep during the lesson.,우리는 수업 중 양에 대해 이야기했다.,미학습
중고등 영어,rabbit,[명사] 토끼,We talked about rabbit during the lesson.,우리는 수업 중 토끼에 대해 이야기했다.,미학습
중고등 영어,mouse,[명사] 쥐,We talked about mouse during the lesson.,우리는 수업 중 쥐에 대해 이야기했다.,미학습
중고등 영어,bear,[명사] 곰,We talked about bear during the lesson.,우리는 수업 중 곰에 대해 이야기했다.,미학습
중고등 영어,lion,[명사] 사자,We talked about lion during the lesson.,우리는 수업 중 사자에 대해 이야기했다.,미학습
중고등 영어,tiger,[명사] 호랑이,We talked about tiger during the lesson.,우리는 수업 중 호랑이에 대해 이야기했다.,미학습
중고등 영어,elephant,[명사] 코끼리,We talked about elephant during the lesson.,우리는 수업 중 코끼리에 대해 이야기했다.,미학습
중고등 영어,monkey,[명사] 원숭이,We talked about monkey during the lesson.,우리는 수업 중 원숭이에 대해 이야기했다.,미학습
중고등 영어,body,[명사] 몸,We talked about body during the lesson.,우리는 수업 중 몸에 대해 이야기했다.,미학습
중고등 영어,head,[명사] 머리,We talked about head during the lesson.,우리는 수업 중 머리에 대해 이야기했다.,미학습
중고등 영어,face,[명사] 얼굴,We talked about face during the lesson.,우리는 수업 중 얼굴에 대해 이야기했다.,미학습
중고등 영어,eye,[명사] 눈,We talked about eye during the lesson.,우리는 수업 중 눈에 대해 이야기했다.,미학습
중고등 영어,ear,[명사] 귀,We talked about ear during the lesson.,우리는 수업 중 귀에 대해 이야기했다.,미학습
중고등 영어,nose,[명사] 코,We talked about nose during the lesson.,우리는 수업 중 코에 대해 이야기했다.,미학습
중고등 영어,mouth,[명사] 입,We talked about mouth during the lesson.,우리는 수업 중 입에 대해 이야기했다.,미학습
중고등 영어,tooth,[명사] 이,We talked about tooth during the lesson.,우리는 수업 중 이에 대해 이야기했다.,미학습
중고등 영어,hand,[명사] 손,We talked about hand during the lesson.,우리는 수업 중 손에 대해 이야기했다.,미학습
중고등 영어,arm,[명사] 팔,We talked about arm during the lesson.,우리는 수업 중 팔에 대해 이야기했다.,미학습
중고등 영어,leg,[명사] 다리,We talked about leg during the lesson.,우리는 수업 중 다리에 대해 이야기했다.,미학습
중고등 영어,foot,[명사] 발,We talked about foot during the lesson.,우리는 수업 중 발에 대해 이야기했다.,미학습
중고등 영어,heart,[명사] 심장,We talked about heart during the lesson.,우리는 수업 중 심장에 대해 이야기했다.,미학습
중고등 영어,mind,[명사] 마음,We talked about mind during the lesson.,우리는 수업 중 마음에 대해 이야기했다.,미학습
중고등 영어,name,[명사] 이름,We talked about name during the lesson.,우리는 수업 중 이름에 대해 이야기했다.,미학습
중고등 영어,number,[명사] 숫자,We talked about number during the lesson.,우리는 수업 중 숫자에 대해 이야기했다.,미학습
중고등 영어,color,[명사] 색,We talked about color during the lesson.,우리는 수업 중 색에 대해 이야기했다.,미학습
중고등 영어,sound,[명사] 소리,We talked about sound during the lesson.,우리는 수업 중 소리에 대해 이야기했다.,미학습
중고등 영어,voice,[명사] 목소리,We talked about voice during the lesson.,우리는 수업 중 목소리에 대해 이야기했다.,미학습
중고등 영어,music,[명사] 음악,We talked about music during the lesson.,우리는 수업 중 음악에 대해 이야기했다.,미학습
중고등 영어,song,[명사] 노래,We talked about song during the lesson.,우리는 수업 중 노래에 대해 이야기했다.,미학습
중고등 영어,picture,[명사] 그림,We talked about picture during the lesson.,우리는 수업 중 그림에 대해 이야기했다.,미학습
중고등 영어,photo,[명사] 사진,We talked about photo during the lesson.,우리는 수업 중 사진에 대해 이야기했다.,미학습
중고등 영어,movie,[명사] 영화,We talked about movie during the lesson.,우리는 수업 중 영화에 대해 이야기했다.,미학습
중고등 영어,game,[명사] 게임,We talked about game during the lesson.,우리는 수업 중 게임에 대해 이야기했다.,미학습
중고등 영어,sport,[명사] 운동경기,We talked about sport during the lesson.,우리는 수업 중 운동경기에 대해 이야기했다.,미학습
중고등 영어,ball,[명사] 공,We talked about ball during the lesson.,우리는 수업 중 공에 대해 이야기했다.,미학습
중고등 영어,team,[명사] 팀,We talked about team during the lesson.,우리는 수업 중 팀에 대해 이야기했다.,미학습
중고등 영어,player,[명사] 선수,We talked about player during the lesson.,우리는 수업 중 선수에 대해 이야기했다.,미학습
중고등 영어,market,[명사] 시장,We talked about market during the lesson.,우리는 수업 중 시장에 대해 이야기했다.,미학습
중고등 영어,shop,[명사] 가게,We talked about shop during the lesson.,우리는 수업 중 가게에 대해 이야기했다.,미학습
중고등 영어,store,[명사] 상점,We talked about store during the lesson.,우리는 수업 중 상점에 대해 이야기했다.,미학습
중고등 영어,money,[명사] 돈,We talked about money during the lesson.,우리는 수업 중 돈에 대해 이야기했다.,미학습
중고등 영어,price,[명사] 가격,We talked about price during the lesson.,우리는 수업 중 가격에 대해 이야기했다.,미학습
중고등 영어,cost,[명사] 비용,We talked about cost during the lesson.,우리는 수업 중 비용에 대해 이야기했다.,미학습
중고등 영어,gift,[명사] 선물,We talked about gift during the lesson.,우리는 수업 중 선물에 대해 이야기했다.,미학습
중고등 영어,bag,[명사] 가방,We talked about bag during the lesson.,우리는 수업 중 가방에 대해 이야기했다.,미학습
중고등 영어,box,[명사] 상자,We talked about box during the lesson.,우리는 수업 중 상자에 대해 이야기했다.,미학습
중고등 영어,key,[명사] 열쇠,We talked about key during the lesson.,우리는 수업 중 열쇠에 대해 이야기했다.,미학습
중고등 영어,phone,[명사] 전화,We talked about phone during the lesson.,우리는 수업 중 전화에 대해 이야기했다.,미학습
중고등 영어,computer,[명사] 컴퓨터,We talked about computer during the lesson.,우리는 수업 중 컴퓨터에 대해 이야기했다.,미학습
중고등 영어,screen,[명사] 화면,We talked about screen during the lesson.,우리는 수업 중 화면에 대해 이야기했다.,미학습
중고등 영어,camera,[명사] 카메라,We talked about camera during the lesson.,우리는 수업 중 카메라에 대해 이야기했다.,미학습
중고등 영어,radio,[명사] 라디오,We talked about radio during the lesson.,우리는 수업 중 라디오에 대해 이야기했다.,미학습
중고등 영어,clock,[명사] 시계,We talked about clock during the lesson.,우리는 수업 중 시계에 대해 이야기했다.,미학습
중고등 영어,watch,[명사] 손목시계,We talked about watch during the lesson.,우리는 수업 중 손목시계에 대해 이야기했다.,미학습
중고등 영어,car,[명사] 자동차,We talked about car during the lesson.,우리는 수업 중 자동차에 대해 이야기했다.,미학습
중고등 영어,bus,[명사] 버스,We talked about bus during the lesson.,우리는 수업 중 버스에 대해 이야기했다.,미학습
중고등 영어,train,[명사] 기차,We talked about train during the lesson.,우리는 수업 중 기차에 대해 이야기했다.,미학습
중고등 영어,plane,[명사] 비행기,We talked about plane during the lesson.,우리는 수업 중 비행기에 대해 이야기했다.,미학습
중고등 영어,ship,[명사] 배,We talked about ship during the lesson.,우리는 수업 중 배에 대해 이야기했다.,미학습
중고등 영어,bike,[명사] 자전거,We talked about bike during the lesson.,우리는 수업 중 자전거에 대해 이야기했다.,미학습
중고등 영어,station,[명사] 역,We talked about station during the lesson.,우리는 수업 중 역에 대해 이야기했다.,미학습
중고등 영어,airport,[명사] 공항,We talked about airport during the lesson.,우리는 수업 중 공항에 대해 이야기했다.,미학습
중고등 영어,hotel,[명사] 호텔,We talked about hotel during the lesson.,우리는 수업 중 호텔에 대해 이야기했다.,미학습
중고등 영어,ticket,[명사] 표,We talked about ticket during the lesson.,우리는 수업 중 표에 대해 이야기했다.,미학습
중고등 영어,passport,[명사] 여권,We talked about passport during the lesson.,우리는 수업 중 여권에 대해 이야기했다.,미학습
중고등 영어,map,[명사] 지도,We talked about map during the lesson.,우리는 수업 중 지도에 대해 이야기했다.,미학습
중고등 영어,trip,[명사] 여행,We talked about trip during the lesson.,우리는 수업 중 여행에 대해 이야기했다.,미학습
중고등 영어,travel,[명사] 여행,We talked about travel during the lesson.,우리는 수업 중 여행에 대해 이야기했다.,미학습
중고등 영어,vacation,[명사] 휴가,We talked about vacation during the lesson.,우리는 수업 중 휴가에 대해 이야기했다.,미학습
중고등 영어,morning,[명사] 아침,We talked about morning during the lesson.,우리는 수업 중 아침에 대해 이야기했다.,미학습
중고등 영어,afternoon,[명사] 오후,We talked about afternoon during the lesson.,우리는 수업 중 오후에 대해 이야기했다.,미학습
중고등 영어,evening,[명사] 저녁,We talked about evening during the lesson.,우리는 수업 중 저녁에 대해 이야기했다.,미학습
중고등 영어,night,[명사] 밤,We talked about night during the lesson.,우리는 수업 중 밤에 대해 이야기했다.,미학습
중고등 영어,day,[명사] 날,We talked about day during the lesson.,우리는 수업 중 날에 대해 이야기했다.,미학습
중고등 영어,week,[명사] 주,We talked about week during the lesson.,우리는 수업 중 주에 대해 이야기했다.,미학습
중고등 영어,month,[명사] 달,We talked about month during the lesson.,우리는 수업 중 달에 대해 이야기했다.,미학습
중고등 영어,year,[명사] 해,We talked about year during the lesson.,우리는 수업 중 해에 대해 이야기했다.,미학습
중고등 영어,time,[명사] 시간,We talked about time during the lesson.,우리는 수업 중 시간에 대해 이야기했다.,미학습
중고등 영어,hour,[명사] 시간,We talked about hour during the lesson.,우리는 수업 중 시간에 대해 이야기했다.,미학습
중고등 영어,minute,[명사] 분,We talked about minute during the lesson.,우리는 수업 중 분에 대해 이야기했다.,미학습
중고등 영어,moment,[명사] 순간,We talked about moment during the lesson.,우리는 수업 중 순간에 대해 이야기했다.,미학습
중고등 영어,life,[명사] 삶,We talked about life during the lesson.,우리는 수업 중 삶에 대해 이야기했다.,미학습
중고등 영어,work,[명사] 일,We talked about work during the lesson.,우리는 수업 중 일에 대해 이야기했다.,미학습
중고등 영어,job,[명사] 직업,We talked about job during the lesson.,우리는 수업 중 직업에 대해 이야기했다.,미학습
중고등 영어,office,[명사] 사무실,We talked about office during the lesson.,우리는 수업 중 사무실에 대해 이야기했다.,미학습
중고등 영어,company,[명사] 회사,We talked about company during the lesson.,우리는 수업 중 회사에 대해 이야기했다.,미학습
중고등 영어,business,[명사] 사업,We talked about business during the lesson.,우리는 수업 중 사업에 대해 이야기했다.,미학습
중고등 영어,project,[명사] 프로젝트,We talked about project during the lesson.,우리는 수업 중 프로젝트에 대해 이야기했다.,미학습
중고등 영어,plan,[명사] 계획,We talked about plan during the lesson.,우리는 수업 중 계획에 대해 이야기했다.,미학습
중고등 영어,goal,[명사] 목표,We talked about goal during the lesson.,우리는 수업 중 목표에 대해 이야기했다.,미학습
중고등 영어,idea,[명사] 생각,We talked about idea during the lesson.,우리는 수업 중 생각에 대해 이야기했다.,미학습
중고등 영어,problem,[명사] 문제,We talked about problem during the lesson.,우리는 수업 중 문제에 대해 이야기했다.,미학습
중고등 영어,answer,[명사] 답,We talked about answer during the lesson.,우리는 수업 중 답에 대해 이야기했다.,미학습
중고등 영어,question,[명사] 질문,We talked about question during the lesson.,우리는 수업 중 질문에 대해 이야기했다.,미학습
중고등 영어,chance,[명사] 기회,We talked about chance during the lesson.,우리는 수업 중 기회에 대해 이야기했다.,미학습
중고등 영어,change,[명사] 변화,We talked about change during the lesson.,우리는 수업 중 변화에 대해 이야기했다.,미학습
중고등 영어,growth,[명사] 성장,We talked about growth during the lesson.,우리는 수업 중 성장에 대해 이야기했다.,미학습
중고등 영어,value,[명사] 가치,We talked about value during the lesson.,우리는 수업 중 가치에 대해 이야기했다.,미학습
중고등 영어,service,[명사] 서비스,We talked about service during the lesson.,우리는 수업 중 서비스에 대해 이야기했다.,미학습
중고등 영어,product,[명사] 제품,We talked about product during the lesson.,우리는 수업 중 제품에 대해 이야기했다.,미학습
중고등 영어,customer,[명사] 고객,We talked about customer during the lesson.,우리는 수업 중 고객에 대해 이야기했다.,미학습
중고등 영어,client,[명사] 의뢰인,We talked about client during the lesson.,우리는 수업 중 의뢰인에 대해 이야기했다.,미학습
중고등 영어,manager,[명사] 관리자,We talked about manager during the lesson.,우리는 수업 중 관리자에 대해 이야기했다.,미학습
중고등 영어,leader,[명사] 지도자,We talked about leader during the lesson.,우리는 수업 중 지도자에 대해 이야기했다.,미학습
중고등 영어,member,[명사] 구성원,We talked about member during the lesson.,우리는 수업 중 구성원에 대해 이야기했다.,미학습
중고등 영어,staff,[명사] 직원,We talked about staff during the lesson.,우리는 수업 중 직원에 대해 이야기했다.,미학습
중고등 영어,worker,[명사] 근로자,We talked about worker during the lesson.,우리는 수업 중 근로자에 대해 이야기했다.,미학습
중고등 영어,skill,[명사] 기술,We talked about skill during the lesson.,우리는 수업 중 기술에 대해 이야기했다.,미학습
중고등 영어,study,[명사] 공부,We talked about study during the lesson.,우리는 수업 중 공부에 대해 이야기했다.,미학습
중고등 영어,science,[명사] 과학,We talked about science during the lesson.,우리는 수업 중 과학에 대해 이야기했다.,미학습
중고등 영어,history,[명사] 역사,We talked about history during the lesson.,우리는 수업 중 역사에 대해 이야기했다.,미학습
중고등 영어,art,[명사] 예술,We talked about art during the lesson.,우리는 수업 중 예술에 대해 이야기했다.,미학습
중고등 영어,letter,[명사] 글자,We talked about letter during the lesson.,우리는 수업 중 글자에 대해 이야기했다.,미학습
중고등 영어,word,[명사] 단어,We talked about word during the lesson.,우리는 수업 중 단어에 대해 이야기했다.,미학습
중고등 영어,sentence,[명사] 문장,We talked about sentence during the lesson.,우리는 수업 중 문장에 대해 이야기했다.,미학습
중고등 영어,story,[명사] 이야기,We talked about story during the lesson.,우리는 수업 중 이야기에 대해 이야기했다.,미학습
중고등 영어,news,[명사] 소식,We talked about news during the lesson.,우리는 수업 중 소식에 대해 이야기했다.,미학습
중고등 영어,report,[명사] 보고서,We talked about report during the lesson.,우리는 수업 중 보고서에 대해 이야기했다.,미학습
중고등 영어,document,[명사] 문서,We talked about document during the lesson.,우리는 수업 중 문서에 대해 이야기했다.,미학습
중고등 영어,record,[명사] 기록,We talked about record during the lesson.,우리는 수업 중 기록에 대해 이야기했다.,미학습
중고등 영어,system,[명사] 체계,We talked about system during the lesson.,우리는 수업 중 체계에 대해 이야기했다.,미학습
중고등 영어,network,[명사] 망,We talked about network during the lesson.,우리는 수업 중 망에 대해 이야기했다.,미학습
중고등 영어,website,[명사] 웹사이트,We talked about website during the lesson.,우리는 수업 중 웹사이트에 대해 이야기했다.,미학습
중고등 영어,email,[명사] 이메일,We talked about email during the lesson.,우리는 수업 중 이메일에 대해 이야기했다.,미학습
중고등 영어,message,[명사] 메시지,We talked about message during the lesson.,우리는 수업 중 메시지에 대해 이야기했다.,미학습
중고등 영어,address,[명사] 주소,We talked about address during the lesson.,우리는 수업 중 주소에 대해 이야기했다.,미학습
중고등 영어,bank,[명사] 은행,We talked about bank during the lesson.,우리는 수업 중 은행에 대해 이야기했다.,미학습
중고등 영어,account,[명사] 계좌,We talked about account during the lesson.,우리는 수업 중 계좌에 대해 이야기했다.,미학습
중고등 영어,budget,[명사] 예산,We talked about budget during the lesson.,우리는 수업 중 예산에 대해 이야기했다.,미학습
중고등 영어,profit,[명사] 이익,We talked about profit during the lesson.,우리는 수업 중 이익에 대해 이야기했다.,미학습
중고등 영어,loss,[명사] 손실,We talked about loss during the lesson.,우리는 수업 중 손실에 대해 이야기했다.,미학습
중고등 영어,risk,[명사] 위험,We talked about risk during the lesson.,우리는 수업 중 위험에 대해 이야기했다.,미학습
중고등 영어,safety,[명사] 안전,We talked about safety during the lesson.,우리는 수업 중 안전에 대해 이야기했다.,미학습
중고등 영어,health,[명사] 건강,We talked about health during the lesson.,우리는 수업 중 건강에 대해 이야기했다.,미학습
중고등 영어,care,[명사] 돌봄,We talked about care during the lesson.,우리는 수업 중 돌봄에 대해 이야기했다.,미학습
중고등 영어,medicine,[명사] 약,We talked about medicine during the lesson.,우리는 수업 중 약에 대해 이야기했다.,미학습
중고등 영어,hospital,[명사] 병원,We talked about hospital during the lesson.,우리는 수업 중 병원에 대해 이야기했다.,미학습
중고등 영어,doctor,[명사] 의사,We talked about doctor during the lesson.,우리는 수업 중 의사에 대해 이야기했다.,미학습
중고등 영어,nurse,[명사] 간호사,We talked about nurse during the lesson.,우리는 수업 중 간호사에 대해 이야기했다.,미학습
중고등 영어,energy,[명사] 에너지,We talked about energy during the lesson.,우리는 수업 중 에너지에 대해 이야기했다.,미학습
중고등 영어,power,[명사] 힘,We talked about power during the lesson.,우리는 수업 중 힘에 대해 이야기했다.,암기 완료
중고등 영어,light,[명사] 빛,We talked about light during the lesson.,우리는 수업 중 빛에 대해 이야기했다.,미학습
중고등 영어,heat,[명사] 열,We talked about heat during the lesson.,우리는 수업 중 열에 대해 이야기했다.,미학습
중고등 영어,space,[명사] 공간,We talked about space during the lesson.,우리는 수업 중 공간에 대해 이야기했다.,미학습
중고등 영어,place,[명사] 장소,We talked about place during the lesson.,우리는 수업 중 장소에 대해 이야기했다.,미학습
중고등 영어,point,[명사] 요점,We talked about point during the lesson.,우리는 수업 중 요점에 대해 이야기했다.,미학습
중고등 영어,part,[명사] 부분,We talked about part during the lesson.,우리는 수업 중 부분에 대해 이야기했다.,미학습
중고등 영어,side,[명사] 쪽,We talked about side during the lesson.,우리는 수업 중 쪽에 대해 이야기했다.,미학습
중고등 영어,center,[명사] 중심,We talked about center during the lesson.,우리는 수업 중 중심에 대해 이야기했다.,미학습
중고등 영어,edge,[명사] 가장자리,We talked about edge during the lesson.,우리는 수업 중 가장자리에 대해 이야기했다.,미학습
중고등 영어,level,[명사] 수준,We talked about level during the lesson.,우리는 수업 중 수준에 대해 이야기했다.,미학습
중고등 영어,rate,[명사] 비율,We talked about rate during the lesson.,우리는 수업 중 비율에 대해 이야기했다.,미학습
중고등 영어,type,[명사] 유형,We talked about type during the lesson.,우리는 수업 중 유형에 대해 이야기했다.,미학습
중고등 영어,kind,[명사] 종류,We talked about kind during the lesson.,우리는 수업 중 종류에 대해 이야기했다.,미학습
중고등 영어,form,[명사] 형태,We talked about form during the lesson.,우리는 수업 중 형태에 대해 이야기했다.,미학습
중고등 영어,shape,[명사] 모양,We talked about shape during the lesson.,우리는 수업 중 모양에 대해 이야기했다.,미학습
중고등 영어,size,[명사] 크기,We talked about size during the lesson.,우리는 수업 중 크기에 대해 이야기했다.,미학습
중고등 영어,weight,[명사] 무게,We talked about weight during the lesson.,우리는 수업 중 무게에 대해 이야기했다.,미학습
중고등 영어,speed,[명사] 속도,We talked about speed during the lesson.,우리는 수업 중 속도에 대해 이야기했다.,미학습
중고등 영어,direction,[명사] 방향,We talked about direction during the lesson.,우리는 수업 중 방향에 대해 이야기했다.,미학습
중고등 영어,position,[명사] 위치,We talked about position during the lesson.,우리는 수업 중 위치에 대해 이야기했다.,미학습
중고등 영어,action,[명사] 행동,We talked about action during the lesson.,우리는 수업 중 행동에 대해 이야기했다.,미학습
중고등 영어,activity,[명사] 활동,We talked about activity during the lesson.,우리는 수업 중 활동에 대해 이야기했다.,미학습
중고등 영어,process,[명사] 과정,We talked about process during the lesson.,우리는 수업 중 과정에 대해 이야기했다.,미학습
중고등 영어,tool,[명사] 도구,We talked about tool during the lesson.,우리는 수업 중 도구에 대해 이야기했다.,미학습
중고등 영어,machine,[명사] 기계,We talked about machine during the lesson.,우리는 수업 중 기계에 대해 이야기했다.,미학습
중고등 영어,material,[명사] 재료,We talked about material during the lesson.,우리는 수업 중 재료에 대해 이야기했다.,미학습
중고등 영어,resource,[명사] 자원,We talked about resource during the lesson.,우리는 수업 중 자원에 대해 이야기했다.,미학습
중고등 영어,nature,[명사] 자연,We talked about nature during the lesson.,우리는 수업 중 자연에 대해 이야기했다.,미학습
중고등 영어,weather,[명사] 날씨,We talked about weather during the lesson.,우리는 수업 중 날씨에 대해 이야기했다.,미학습
중고등 영어,season,[명사] 계절,We talked about season during the lesson.,우리는 수업 중 계절에 대해 이야기했다.,미학습
중고등 영어,spring,[명사] 봄,We talked about spring during the lesson.,우리는 수업 중 봄에 대해 이야기했다.,미학습
중고등 영어,summer,[명사] 여름,We talked about summer during the lesson.,우리는 수업 중 여름에 대해 이야기했다.,미학습
중고등 영어,autumn,[명사] 가을,We talked about autumn during the lesson.,우리는 수업 중 가을에 대해 이야기했다.,미학습
중고등 영어,winter,[명사] 겨울,We talked about winter during the lesson.,우리는 수업 중 겨울에 대해 이야기했다.,미학습
중고등 영어,law,[명사] 법,We talked about law during the lesson.,우리는 수업 중 법에 대해 이야기했다.,미학습
중고등 영어,rule,[명사] 규칙,We talked about rule during the lesson.,우리는 수업 중 규칙에 대해 이야기했다.,미학습
중고등 영어,right,[명사] 권리,We talked about right during the lesson.,우리는 수업 중 권리에 대해 이야기했다.,미학습
중고등 영어,duty,[명사] 의무,We talked about duty during the lesson.,우리는 수업 중 의무에 대해 이야기했다.,미학습
중고등 영어,peace,[명사] 평화,We talked about peace during the lesson.,우리는 수업 중 평화에 대해 이야기했다.,미학습
중고등 영어,war,[명사] 전쟁,We talked about war during the lesson.,우리는 수업 중 전쟁에 대해 이야기했다.,미학습
중고등 영어,policy,[명사] 정책,We talked about policy during the lesson.,우리는 수업 중 정책에 대해 이야기했다.,미학습
중고등 영어,community,[명사] 공동체,We talked about community during the lesson.,우리는 수업 중 공동체에 대해 이야기했다.,미학습
중고등 영어,group,[명사] 집단,We talked about group during the lesson.,우리는 수업 중 집단에 대해 이야기했다.,미학습
중고등 영어,public,[명사] 대중,We talked about public during the lesson.,우리는 수업 중 대중에 대해 이야기했다.,미학습
중고등 영어,marketplace,[명사] 시장,We talked about marketplace during the lesson.,우리는 수업 중 시장에 대해 이야기했다.,미학습
중고등 영어,design,[명사] 설계,We talked about design during the lesson.,우리는 수업 중 설계에 대해 이야기했다.,미학습
중고등 영어,model,[명사] 모형,We talked about model during the lesson.,우리는 수업 중 모형에 대해 이야기했다.,미학습
중고등 영어,sample,[명사] 견본,We talked about sample during the lesson.,우리는 수업 중 견본에 대해 이야기했다.,미학습
중고등 영어,image,[명사] 이미지,We talked about image during the lesson.,우리는 수업 중 이미지에 대해 이야기했다.,미학습
중고등 영어,memory,[명사] 기억,We talked about memory during the lesson.,우리는 수업 중 기억에 대해 이야기했다.,미학습
중고등 영어,dream,[명사] 꿈,We talked about dream during the lesson.,우리는 수업 중 꿈에 대해 이야기했다.,미학습
중고등 영어,hope,[명사] 희망,We talked about hope during the lesson.,우리는 수업 중 희망에 대해 이야기했다.,미학습
중고등 영어,fear,[명사] 두려움,We talked about fear during the lesson.,우리는 수업 중 두려움에 대해 이야기했다.,미학습
중고등 영어,love,[명사] 사랑,We talked about love during the lesson.,우리는 수업 중 사랑에 대해 이야기했다.,미학습
중고등 영어,hate,[명사] 증오,We talked about hate during the lesson.,우리는 수업 중 증오에 대해 이야기했다.,미학습
중고등 영어,joy,[명사] 기쁨,We talked about joy during the lesson.,우리는 수업 중 기쁨에 대해 이야기했다.,미학습
중고등 영어,anger,[명사] 분노,We talked about anger during the lesson.,우리는 수업 중 분노에 대해 이야기했다.,미학습
중고등 영어,sadness,[명사] 슬픔,We talked about sadness during the lesson.,우리는 수업 중 슬픔에 대해 이야기했다.,미학습
중고등 영어,truth,[명사] 진실,We talked about truth during the lesson.,우리는 수업 중 진실에 대해 이야기했다.,미학습
중고등 영어,fact,[명사] 사실,We talked about fact during the lesson.,우리는 수업 중 사실에 대해 이야기했다.,미학습
중고등 영어,be,[동사] 이다,I want to be calm today.,나는 오늘 차분해지고 싶다.,미학습
중고등 영어,have,[동사] 가지다,I have a clear goal today.,나는 오늘 명확한 목표를 가지고 있다.,미학습
중고등 영어,do,[동사] 하다,We do the task together.,우리는 그 일을 함께 한다.,미학습
중고등 영어,make,[동사] 만들다,They make a useful plan.,그들은 유용한 계획을 만든다.,미학습
중고등 영어,get,[동사] 얻다,I get help from a friend.,나는 친구에게서 도움을 얻는다.,미학습
중고등 영어,go,[동사] 가다,We go to school in the morning.,우리는 아침에 학교에 간다.,미학습
중고등 영어,come,[동사] 오다,Please come to the office early.,사무실에 일찍 오세요.,미학습
중고등 영어,see,[동사] 보다,Learners practice how to see in English.,학습자는 영어로 보다 방법을 연습한다.,미학습
중고등 영어,look,[동사] 보다,Learners practice how to look in English.,학습자는 영어로 보다 방법을 연습한다.,미학습
중고등 영어,hear,[동사] 듣다,Learners practice how to hear in English.,학습자는 영어로 듣다 방법을 연습한다.,미학습
중고등 영어,listen,[동사] 듣다,Learners practice how to listen in English.,학습자는 영어로 듣다 방법을 연습한다.,미학습
중고등 영어,speak,[동사] 말하다,Learners practice how to speak in English.,학습자는 영어로 말하다 방법을 연습한다.,미학습
중고등 영어,say,[동사] 말하다,Please say the word clearly.,그 단어를 명확하게 말하세요.,미학습
중고등 영어,tell,[동사] 말하다,I will tell the story tomorrow.,나는 내일 그 이야기를 말할 것이다.,미학습
중고등 영어,ask,[동사] 묻다,Students ask a question in class.,학생들은 수업에서 질문을 한다.,미학습
중고등 영어,read,[동사] 읽다,I read a book every night.,나는 매일 밤 책을 읽는다.,미학습
중고등 영어,write,[동사] 쓰다,She will write a short letter.,그녀는 짧은 편지를 쓸 것이다.,미학습
중고등 영어,learn,[동사] 배우다,Learners practice how to learn in English.,학습자는 영어로 배우다 방법을 연습한다.,미학습
중고등 영어,teach,[동사] 가르치다,Learners practice how to teach in English.,학습자는 영어로 가르치다 방법을 연습한다.,미학습
중고등 영어,know,[동사] 알다,Learners practice how to know in English.,학습자는 영어로 알다 방법을 연습한다.,미학습
중고등 영어,think,[동사] 생각하다,Learners practice how to think in English.,학습자는 영어로 생각하다 방법을 연습한다.,미학습
중고등 영어,feel,[동사] 느끼다,Learners practice how to feel in English.,학습자는 영어로 느끼다 방법을 연습한다.,미학습
중고등 영어,believe,[동사] 믿다,Learners practice how to believe in English.,학습자는 영어로 믿다 방법을 연습한다.,미학습
중고등 영어,remember,[동사] 기억하다,Learners practice how to remember in English.,학습자는 영어로 기억하다 방법을 연습한다.,미학습
중고등 영어,forget,[동사] 잊다,Learners practice how to forget in English.,학습자는 영어로 잊다 방법을 연습한다.,미학습
중고등 영어,understand,[동사] 이해하다,Learners practice how to understand in English.,학습자는 영어로 이해하다 방법을 연습한다.,미학습
중고등 영어,try,[동사] 시도하다,Learners practice how to try in English.,학습자는 영어로 시도하다 방법을 연습한다.,미학습
중고등 영어,use,[동사] 사용하다,Learners practice how to use in English.,학습자는 영어로 사용하다 방법을 연습한다.,미학습
중고등 영어,want,[동사] 원하다,Learners practice how to want in English.,학습자는 영어로 원하다 방법을 연습한다.,미학습
중고등 영어,like,[동사] 좋아하다,Learners practice how to like in English.,학습자는 영어로 좋아하다 방법을 연습한다.,미학습
중고등 영어,play,[동사] 놀다,Learners practice how to play in English.,학습자는 영어로 놀다 방법을 연습한다.,미학습
중고등 영어,run,[동사] 달리다,Learners practice how to run in English.,학습자는 영어로 달리다 방법을 연습한다.,미학습
중고등 영어,walk,[동사] 걷다,Learners practice how to walk in English.,학습자는 영어로 걷다 방법을 연습한다.,미학습
중고등 영어,stand,[동사] 서다,Learners practice how to stand in English.,학습자는 영어로 서다 방법을 연습한다.,미학습
중고등 영어,sit,[동사] 앉다,Learners practice how to sit in English.,학습자는 영어로 앉다 방법을 연습한다.,미학습
중고등 영어,sleep,[동사] 자다,Learners practice how to sleep in English.,학습자는 영어로 자다 방법을 연습한다.,미학습
중고등 영어,wake,[동사] 깨다,Learners practice how to wake in English.,학습자는 영어로 깨다 방법을 연습한다.,미학습
중고등 영어,eat,[동사] 먹다,We eat dinner at home.,우리는 집에서 저녁을 먹는다.,미학습
중고등 영어,drink,[동사] 마시다,I drink water after exercise.,나는 운동 후에 물을 마신다.,미학습
중고등 영어,cook,[동사] 요리하다,Learners practice how to cook in English.,학습자는 영어로 요리하다 방법을 연습한다.,미학습
중고등 영어,buy,[동사] 사다,Learners practice how to buy in English.,학습자는 영어로 사다 방법을 연습한다.,미학습
중고등 영어,sell,[동사] 팔다,Learners practice how to sell in English.,학습자는 영어로 팔다 방법을 연습한다.,미학습
중고등 영어,pay,[동사] 지불하다,Learners practice how to pay in English.,학습자는 영어로 지불하다 방법을 연습한다.,미학습
중고등 영어,spend,[동사] 쓰다,Learners practice how to spend in English.,학습자는 영어로 쓰다 방법을 연습한다.,미학습
중고등 영어,save,[동사] 저축하다,Learners practice how to save in English.,학습자는 영어로 저축하다 방법을 연습한다.,미학습
중고등 영어,give,[동사] 주다,Learners practice how to give in English.,학습자는 영어로 주다 방법을 연습한다.,미학습
중고등 영어,take,[동사] 가져가다,Learners practice how to take in English.,학습자는 영어로 가져가다 방법을 연습한다.,미학습
중고등 영어,bring,[동사] 가져오다,Learners practice how to bring in English.,학습자는 영어로 가져오다 방법을 연습한다.,미학습
중고등 영어,send,[동사] 보내다,Learners practice how to send in English.,학습자는 영어로 보내다 방법을 연습한다.,미학습
중고등 영어,receive,[동사] 받다,Learners practice how to receive in English.,학습자는 영어로 받다 방법을 연습한다.,미학습
중고등 영어,open,[동사] 열다,Learners practice how to open in English.,학습자는 영어로 열다 방법을 연습한다.,미학습
중고등 영어,close,[동사] 닫다,Learners practice how to close in English.,학습자는 영어로 닫다 방법을 연습한다.,미학습
중고등 영어,start,[동사] 시작하다,Learners practice how to start in English.,학습자는 영어로 시작하다 방법을 연습한다.,미학습
중고등 영어,finish,[동사] 끝내다,Learners practice how to finish in English.,학습자는 영어로 끝내다 방법을 연습한다.,미학습
중고등 영어,stop,[동사] 멈추다,Learners practice how to stop in English.,학습자는 영어로 멈추다 방법을 연습한다.,미학습
중고등 영어,move,[동사] 움직이다,Learners practice how to move in English.,학습자는 영어로 움직이다 방법을 연습한다.,미학습
중고등 영어,turn,[동사] 돌리다,Learners practice how to turn in English.,학습자는 영어로 돌리다 방법을 연습한다.,미학습
중고등 영어,follow,[동사] 따르다,Learners practice how to follow in English.,학습자는 영어로 따르다 방법을 연습한다.,미학습
중고등 영어,lead,[동사] 이끌다,Learners practice how to lead in English.,학습자는 영어로 이끌다 방법을 연습한다.,미학습
중고등 영어,meet,[동사] 만나다,Learners practice how to meet in English.,학습자는 영어로 만나다 방법을 연습한다.,미학습
중고등 영어,join,[동사] 가입하다,Learners practice how to join in English.,학습자는 영어로 가입하다 방법을 연습한다.,미학습
중고등 영어,leave,[동사] 떠나다,Learners practice how to leave in English.,학습자는 영어로 떠나다 방법을 연습한다.,미학습
중고등 영어,visit,[동사] 방문하다,Learners practice how to visit in English.,학습자는 영어로 방문하다 방법을 연습한다.,미학습
중고등 영어,call,[동사] 부르다,Learners practice how to call in English.,학습자는 영어로 부르다 방법을 연습한다.,미학습
중고등 영어,contact,[동사] 연락하다,Learners practice how to contact in English.,학습자는 영어로 연락하다 방법을 연습한다.,미학습
중고등 영어,check,[동사] 확인하다,Learners practice how to check in English.,학습자는 영어로 확인하다 방법을 연습한다.,미학습
중고등 영어,choose,[동사] 선택하다,Learners practice how to choose in English.,학습자는 영어로 선택하다 방법을 연습한다.,미학습
중고등 영어,grow,[동사] 자라다,Learners practice how to grow in English.,학습자는 영어로 자라다 방법을 연습한다.,미학습
중고등 영어,build,[동사] 짓다,Learners practice how to build in English.,학습자는 영어로 짓다 방법을 연습한다.,미학습
중고등 영어,create,[동사] 창조하다,Learners practice how to create in English.,학습자는 영어로 창조하다 방법을 연습한다.,미학습
중고등 영어,agree,[동사] 동의하다,Learners practice how to agree in English.,학습자는 영어로 동의하다 방법을 연습한다.,미학습
중고등 영어,manage,[동사] 관리하다,Learners practice how to manage in English.,학습자는 영어로 관리하다 방법을 연습한다.,미학습
중고등 영어,serve,[동사] 제공하다,Learners practice how to serve in English.,학습자는 영어로 제공하다 방법을 연습한다.,미학습
중고등 영어,deliver,[동사] 배달하다,Learners practice how to deliver in English.,학습자는 영어로 배달하다 방법을 연습한다.,미학습
중고등 영어,collect,[동사] 수집하다,Learners practice how to collect in English.,학습자는 영어로 수집하다 방법을 연습한다.,미학습
중고등 영어,organize,[동사] 조직하다,Learners practice how to organize in English.,학습자는 영어로 조직하다 방법을 연습한다.,미학습
중고등 영어,search,[동사] 찾다,Learners practice how to search in English.,학습자는 영어로 찾다 방법을 연습한다.,미학습
중고등 영어,find,[동사] 찾다,Learners practice how to find in English.,학습자는 영어로 찾다 방법을 연습한다.,미학습
중고등 영어,lose,[동사] 잃다,Learners practice how to lose in English.,학습자는 영어로 잃다 방법을 연습한다.,미학습
중고등 영어,keep,[동사] 유지하다,Learners practice how to keep in English.,학습자는 영어로 유지하다 방법을 연습한다.,미학습
중고등 영어,hold,[동사] 잡다,Learners practice how to hold in English.,학습자는 영어로 잡다 방법을 연습한다.,미학습
중고등 영어,carry,[동사] 나르다,Learners practice how to carry in English.,학습자는 영어로 나르다 방법을 연습한다.,미학습
중고등 영어,drive,[동사] 운전하다,Learners practice how to drive in English.,학습자는 영어로 운전하다 방법을 연습한다.,미학습
중고등 영어,fly,[동사] 날다,Learners practice how to fly in English.,학습자는 영어로 날다 방법을 연습한다.,미학습
중고등 영어,swim,[동사] 수영하다,Learners practice how to swim in English.,학습자는 영어로 수영하다 방법을 연습한다.,미학습
중고등 영어,draw,[동사] 그리다,Learners practice how to draw in English.,학습자는 영어로 그리다 방법을 연습한다.,미학습
중고등 영어,paint,[동사] 칠하다,Learners practice how to paint in English.,학습자는 영어로 칠하다 방법을 연습한다.,미학습
중고등 영어,sing,[동사] 노래하다,Learners practice how to sing in English.,학습자는 영어로 노래하다 방법을 연습한다.,미학습
중고등 영어,dance,[동사] 춤추다,Learners practice how to dance in English.,학습자는 영어로 춤추다 방법을 연습한다.,미학습
중고등 영어,laugh,[동사] 웃다,Learners practice how to laugh in English.,학습자는 영어로 웃다 방법을 연습한다.,미학습
중고등 영어,cry,[동사] 울다,Learners practice how to cry in English.,학습자는 영어로 울다 방법을 연습한다.,미학습
중고등 영어,wait,[동사] 기다리다,Learners practice how to wait in English.,학습자는 영어로 기다리다 방법을 연습한다.,미학습
중고등 영어,rest,[동사] 쉬다,Learners practice how to rest in English.,학습자는 영어로 쉬다 방법을 연습한다.,미학습
중고등 영어,small,[형용사] 작은,The situation is small.,그 상황은 작은 상태이다.,미학습
중고등 영어,large,[형용사] 큰,The situation is large.,그 상황은 큰 상태이다.,미학습
중고등 영어,young,[형용사] 어린,The situation is young.,그 상황은 어린 상태이다.,미학습
중고등 영어,old,[형용사] 나이든,The situation is old.,그 상황은 나이든 상태이다.,미학습
중고등 영어,new,[형용사] 새로운,The situation is new.,그 상황은 새로운 상태이다.,미학습
중고등 영어,early,[형용사] 이른,The situation is early.,그 상황은 이른 상태이다.,미학습
중고등 영어,late,[형용사] 늦은,The situation is late.,그 상황은 늦은 상태이다.,미학습
중고등 영어,good,[형용사] 좋은,The situation is good.,그 상황은 좋은 상태이다.,미학습
중고등 영어,bad,[형용사] 나쁜,The situation is bad.,그 상황은 나쁜 상태이다.,미학습
중고등 영어,wrong,[형용사] 틀린,The situation is wrong.,그 상황은 틀린 상태이다.,미학습
중고등 영어,easy,[형용사] 쉬운,The situation is easy.,그 상황은 쉬운 상태이다.,미학습
중고등 영어,hard,[형용사] 어려운,The situation is hard.,그 상황은 어려운 상태이다.,미학습
중고등 영어,simple,[형용사] 단순한,The situation is simple.,그 상황은 단순한 상태이다.,미학습
중고등 영어,clear,[형용사] 명확한,The situation is clear.,그 상황은 명확한 상태이다.,미학습
중고등 영어,dark,[형용사] 어두운,The situation is dark.,그 상황은 어두운 상태이다.,미학습
중고등 영어,bright,[형용사] 밝은,The situation is bright.,그 상황은 밝은 상태이다.,미학습
중고등 영어,hot,[형용사] 뜨거운,The situation is hot.,그 상황은 뜨거운 상태이다.,미학습
중고등 영어,cold,[형용사] 차가운,The situation is cold.,그 상황은 차가운 상태이다.,미학습
중고등 영어,warm,[형용사] 따뜻한,The situation is warm.,그 상황은 따뜻한 상태이다.,미학습
중고등 영어,cool,[형용사] 시원한,The situation is cool.,그 상황은 시원한 상태이다.,미학습
중고등 영어,fast,[형용사] 빠른,The situation is fast.,그 상황은 빠른 상태이다.,미학습
중고등 영어,slow,[형용사] 느린,The situation is slow.,그 상황은 느린 상태이다.,미학습
중고등 영어,high,[형용사] 높은,The situation is high.,그 상황은 높은 상태이다.,미학습
중고등 영어,low,[형용사] 낮은,The situation is low.,그 상황은 낮은 상태이다.,미학습
중고등 영어,short,[형용사] 짧은,The situation is short.,그 상황은 짧은 상태이다.,미학습
중고등 영어,long,[형용사] 긴,The situation is long.,그 상황은 긴 상태이다.,미학습
중고등 영어,strong,[형용사] 강한,The situation is strong.,그 상황은 강한 상태이다.,미학습
중고등 영어,weak,[형용사] 약한,The situation is weak.,그 상황은 약한 상태이다.,미학습
중고등 영어,clean,[형용사] 깨끗한,The situation is clean.,그 상황은 깨끗한 상태이다.,미학습
중고등 영어,dirty,[형용사] 더러운,The situation is dirty.,그 상황은 더러운 상태이다.,미학습
중고등 영어,safe,[형용사] 안전한,The situation is safe.,그 상황은 안전한 상태이다.,미학습
중고등 영어,dangerous,[형용사] 위험한,The situation is dangerous.,그 상황은 위험한 상태이다.,미학습
중고등 영어,healthy,[형용사] 건강한,The situation is healthy.,그 상황은 건강한 상태이다.,미학습
중고등 영어,sick,[형용사] 아픈,The situation is sick.,그 상황은 아픈 상태이다.,미학습
중고등 영어,happy,[형용사] 행복한,The situation is happy.,그 상황은 행복한 상태이다.,미학습
중고등 영어,sad,[형용사] 슬픈,The situation is sad.,그 상황은 슬픈 상태이다.,미학습
중고등 영어,angry,[형용사] 화난,The situation is angry.,그 상황은 화난 상태이다.,미학습
중고등 영어,afraid,[형용사] 두려운,The situation is afraid.,그 상황은 두려운 상태이다.,미학습
중고등 영어,busy,[형용사] 바쁜,The situation is busy.,그 상황은 바쁜 상태이다.,미학습
중고등 영어,free,[형용사] 자유로운,The situation is free.,그 상황은 자유로운 상태이다.,미학습
중고등 영어,ready,[형용사] 준비된,The situation is ready.,그 상황은 준비된 상태이다.,미학습
중고등 영어,able,[형용사] 할 수 있는,The situation is able.,그 상황은 할 수 있는 상태이다.,미학습
중고등 영어,polite,[형용사] 공손한,The situation is polite.,그 상황은 공손한 상태이다.,미학습
중고등 영어,quiet,[형용사] 조용한,The situation is quiet.,그 상황은 조용한 상태이다.,미학습
중고등 영어,loud,[형용사] 시끄러운,The situation is loud.,그 상황은 시끄러운 상태이다.,미학습
중고등 영어,rich,[형용사] 부유한,The situation is rich.,그 상황은 부유한 상태이다.,미학습
중고등 영어,poor,[형용사] 가난한,The situation is poor.,그 상황은 가난한 상태이다.,미학습
중고등 영어,full,[형용사] 가득 찬,The situation is full.,그 상황은 가득 찬 상태이다.,미학습
중고등 영어,empty,[형용사] 빈,The situation is empty.,그 상황은 빈 상태이다.,미학습
중고등 영어,heavy,[형용사] 무거운,The situation is heavy.,그 상황은 무거운 상태이다.,미학습
중고등 영어,beautiful,[형용사] 아름다운,The situation is beautiful.,그 상황은 아름다운 상태이다.,미학습
중고등 영어,ugly,[형용사] 못생긴,The situation is ugly.,그 상황은 못생긴 상태이다.,미학습
중고등 영어,useful,[형용사] 유용한,The situation is useful.,그 상황은 유용한 상태이다.,미학습
중고등 영어,special,[형용사] 특별한,The situation is special.,그 상황은 특별한 상태이다.,미학습
중고등 영어,private,[형용사] 사적인,The situation is private.,그 상황은 사적인 상태이다.,미학습
중고등 영어,global,[형용사] 세계적인,The situation is global.,그 상황은 세계적인 상태이다.,미학습
중고등 영어,basic,[형용사] 기본적인,The situation is basic.,그 상황은 기본적인 상태이다.,미학습
중고등 영어,advanced,[형용사] 고급의,The situation is advanced.,그 상황은 고급의 상태이다.,학습 중
중고등 영어,modern,[형용사] 현대의,The situation is modern.,그 상황은 현대의 상태이다.,미학습
중고등 영어,quick,[형용사] 빠른,The situation is quick.,그 상황은 빠른 상태이다.,미학습
중고등 영어,careful,[형용사] 주의 깊은,The situation is careful.,그 상황은 주의 깊은 상태이다.,미학습
중고등 영어,main,[형용사] 주요한,The situation is main.,그 상황은 주요한 상태이다.,미학습
중고등 영어,final,[형용사] 최종의,The situation is final.,그 상황은 최종의 상태이다.,미학습
중고등 영어,daily,[형용사] 매일의,The situation is daily.,그 상황은 매일의 상태이다.,미학습
중고등 영어,weekly,[형용사] 매주의,The situation is weekly.,그 상황은 매주의 상태이다.,미학습
중고등 영어,monthly,[형용사] 매월의,The situation is monthly.,그 상황은 매월의 상태이다.,미학습
중고등 영어,accurate,[형용사] 정확한,The situation is accurate.,그 상황은 정확한 상태이다.,미학습
중고등 영어,calm,[형용사] 차분한,The situation is calm.,그 상황은 차분한 상태이다.,미학습
중고등 영어,eager,[형용사] 열망하는,The situation is eager.,그 상황은 열망하는 상태이다.,미학습
중고등 영어,creative,[형용사] 창의적인,The situation is creative.,그 상황은 창의적인 상태이다.,미학습
중고등 영어,usually,[부사] 보통,She worked usually today.,그녀는 오늘 보통 일했다.,미학습
중고등 영어,often,[부사] 자주,She worked often today.,그녀는 오늘 자주 일했다.,미학습
중고등 영어,always,[부사] 항상,She worked always today.,그녀는 오늘 항상 일했다.,미학습
중고등 영어,never,[부사] 결코,She worked never today.,그녀는 오늘 결코 일했다.,미학습
중고등 영어,sometimes,[부사] 가끔,She worked sometimes today.,그녀는 오늘 가끔 일했다.,미학습
중고등 영어,quickly,[부사] 빨리,She worked quickly today.,그녀는 오늘 빨리 일했다.,미학습
중고등 영어,slowly,[부사] 천천히,She worked slowly today.,그녀는 오늘 천천히 일했다.,미학습
중고등 영어,carefully,[부사] 조심스럽게,She worked carefully today.,그녀는 오늘 조심스럽게 일했다.,미학습
중고등 영어,clearly,[부사] 명확하게,She worked clearly today.,그녀는 오늘 명확하게 일했다.,미학습
중고등 영어,easily,[부사] 쉽게,She worked easily today.,그녀는 오늘 쉽게 일했다.,미학습
대학 영어,apple,[명사] 사과,We talked about apple during the lesson.,우리는 수업 중 사과에 대해 이야기했다.,미학습
대학 영어,banana,[명사] 바나나,We talked about banana during the lesson.,우리는 수업 중 바나나에 대해 이야기했다.,미학습
대학 영어,orange,[명사] 오렌지,We talked about orange during the lesson.,우리는 수업 중 오렌지에 대해 이야기했다.,미학습
대학 영어,grape,[명사] 포도,We talked about grape during the lesson.,우리는 수업 중 포도에 대해 이야기했다.,미학습
대학 영어,lemon,[명사] 레몬,We talked about lemon during the lesson.,우리는 수업 중 레몬에 대해 이야기했다.,미학습
대학 영어,peach,[명사] 복숭아,We talked about peach during the lesson.,우리는 수업 중 복숭아에 대해 이야기했다.,미학습
대학 영어,pear,[명사] 배,We talked about pear during the lesson.,우리는 수업 중 배에 대해 이야기했다.,미학습
대학 영어,melon,[명사] 멜론,We talked about melon during the lesson.,우리는 수업 중 멜론에 대해 이야기했다.,미학습
대학 영어,berry,[명사] 베리,We talked about berry during the lesson.,우리는 수업 중 베리에 대해 이야기했다.,미학습
대학 영어,mango,[명사] 망고,We talked about mango during the lesson.,우리는 수업 중 망고에 대해 이야기했다.,미학습
대학 영어,bread,[명사] 빵,We talked about bread during the lesson.,우리는 수업 중 빵에 대해 이야기했다.,미학습
대학 영어,rice,[명사] 쌀밥,We talked about rice during the lesson.,우리는 수업 중 쌀밥에 대해 이야기했다.,미학습
대학 영어,water,[명사] 물,We talked about water during the lesson.,우리는 수업 중 물에 대해 이야기했다.,미학습
대학 영어,milk,[명사] 우유,We talked about milk during the lesson.,우리는 수업 중 우유에 대해 이야기했다.,미학습
대학 영어,juice,[명사] 주스,We talked about juice during the lesson.,우리는 수업 중 주스에 대해 이야기했다.,미학습
대학 영어,coffee,[명사] 커피,We talked about coffee during the lesson.,우리는 수업 중 커피에 대해 이야기했다.,미학습
대학 영어,tea,[명사] 차,We talked about tea during the lesson.,우리는 수업 중 차에 대해 이야기했다.,미학습
대학 영어,salt,[명사] 소금,We talked about salt during the lesson.,우리는 수업 중 소금에 대해 이야기했다.,미학습
대학 영어,sugar,[명사] 설탕,We talked about sugar during the lesson.,우리는 수업 중 설탕에 대해 이야기했다.,미학습
대학 영어,honey,[명사] 꿀,We talked about honey during the lesson.,우리는 수업 중 꿀에 대해 이야기했다.,미학습
대학 영어,egg,[명사] 달걀,We talked about egg during the lesson.,우리는 수업 중 달걀에 대해 이야기했다.,미학습
대학 영어,meat,[명사] 고기,We talked about meat during the lesson.,우리는 수업 중 고기에 대해 이야기했다.,미학습
대학 영어,fish,[명사] 생선,We talked about fish during the lesson.,우리는 수업 중 생선에 대해 이야기했다.,미학습
대학 영어,cheese,[명사] 치즈,We talked about cheese during the lesson.,우리는 수업 중 치즈에 대해 이야기했다.,미학습
대학 영어,soup,[명사] 수프,We talked about soup during the lesson.,우리는 수업 중 수프에 대해 이야기했다.,미학습
대학 영어,salad,[명사] 샐러드,We talked about salad during the lesson.,우리는 수업 중 샐러드에 대해 이야기했다.,미학습
대학 영어,meal,[명사] 식사,We talked about meal during the lesson.,우리는 수업 중 식사에 대해 이야기했다.,미학습
대학 영어,breakfast,[명사] 아침식사,We talked about breakfast during the lesson.,우리는 수업 중 아침식사에 대해 이야기했다.,미학습
대학 영어,lunch,[명사] 점심식사,We talked about lunch during the lesson.,우리는 수업 중 점심식사에 대해 이야기했다.,미학습
대학 영어,dinner,[명사] 저녁식사,We talked about dinner during the lesson.,우리는 수업 중 저녁식사에 대해 이야기했다.,미학습
대학 영어,family,[명사] 가족,We talked about family during the lesson.,우리는 수업 중 가족에 대해 이야기했다.,미학습
대학 영어,parent,[명사] 부모,We talked about parent during the lesson.,우리는 수업 중 부모에 대해 이야기했다.,미학습
대학 영어,child,[명사] 아이,We talked about child during the lesson.,우리는 수업 중 아이에 대해 이야기했다.,미학습
대학 영어,friend,[명사] 친구,We talked about friend during the lesson.,우리는 수업 중 친구에 대해 이야기했다.,미학습
대학 영어,teacher,[명사] 교사,We talked about teacher during the lesson.,우리는 수업 중 교사에 대해 이야기했다.,미학습
대학 영어,student,[명사] 학생,We talked about student during the lesson.,우리는 수업 중 학생에 대해 이야기했다.,미학습
대학 영어,school,[명사] 학교,We talked about school during the lesson.,우리는 수업 중 학교에 대해 이야기했다.,미학습
대학 영어,class,[명사] 수업,We talked about class during the lesson.,우리는 수업 중 수업에 대해 이야기했다.,미학습
대학 영어,lesson,[명사] 과목,We talked about lesson during the lesson.,우리는 수업 중 과목에 대해 이야기했다.,미학습
대학 영어,book,[명사] 책,We talked about book during the lesson.,우리는 수업 중 책에 대해 이야기했다.,미학습
대학 영어,page,[명사] 쪽,We talked about page during the lesson.,우리는 수업 중 쪽에 대해 이야기했다.,미학습
대학 영어,paper,[명사] 종이,We talked about paper during the lesson.,우리는 수업 중 종이에 대해 이야기했다.,미학습
대학 영어,pen,[명사] 펜,We talked about pen during the lesson.,우리는 수업 중 펜에 대해 이야기했다.,미학습
대학 영어,pencil,[명사] 연필,We talked about pencil during the lesson.,우리는 수업 중 연필에 대해 이야기했다.,미학습
대학 영어,desk,[명사] 책상,We talked about desk during the lesson.,우리는 수업 중 책상에 대해 이야기했다.,미학습
대학 영어,chair,[명사] 의자,We talked about chair during the lesson.,우리는 수업 중 의자에 대해 이야기했다.,미학습
대학 영어,table,[명사] 탁자,We talked about table during the lesson.,우리는 수업 중 탁자에 대해 이야기했다.,미학습
대학 영어,door,[명사] 문,We talked about door during the lesson.,우리는 수업 중 문에 대해 이야기했다.,미학습
대학 영어,window,[명사] 창문,We talked about window during the lesson.,우리는 수업 중 창문에 대해 이야기했다.,미학습
대학 영어,room,[명사] 방,We talked about room during the lesson.,우리는 수업 중 방에 대해 이야기했다.,미학습
대학 영어,house,[명사] 집,We talked about house during the lesson.,우리는 수업 중 집에 대해 이야기했다.,미학습
대학 영어,home,[명사] 가정,We talked about home during the lesson.,우리는 수업 중 가정에 대해 이야기했다.,미학습
대학 영어,kitchen,[명사] 부엌,We talked about kitchen during the lesson.,우리는 수업 중 부엌에 대해 이야기했다.,미학습
대학 영어,bathroom,[명사] 욕실,We talked about bathroom during the lesson.,우리는 수업 중 욕실에 대해 이야기했다.,미학습
대학 영어,bedroom,[명사] 침실,We talked about bedroom during the lesson.,우리는 수업 중 침실에 대해 이야기했다.,미학습
대학 영어,garden,[명사] 정원,We talked about garden during the lesson.,우리는 수업 중 정원에 대해 이야기했다.,미학습
대학 영어,street,[명사] 거리,We talked about street during the lesson.,우리는 수업 중 거리에 대해 이야기했다.,미학습
대학 영어,road,[명사] 도로,We talked about road during the lesson.,우리는 수업 중 도로에 대해 이야기했다.,미학습
대학 영어,city,[명사] 도시,We talked about city during the lesson.,우리는 수업 중 도시에 대해 이야기했다.,미학습
대학 영어,town,[명사] 마을,We talked about town during the lesson.,우리는 수업 중 마을에 대해 이야기했다.,미학습
대학 영어,village,[명사] 촌락,We talked about village during the lesson.,우리는 수업 중 촌락에 대해 이야기했다.,미학습
대학 영어,country,[명사] 나라,We talked about country during the lesson.,우리는 수업 중 나라에 대해 이야기했다.,미학습
대학 영어,world,[명사] 세계,We talked about world during the lesson.,우리는 수업 중 세계에 대해 이야기했다.,미학습
대학 영어,earth,[명사] 지구,We talked about earth during the lesson.,우리는 수업 중 지구에 대해 이야기했다.,미학습
대학 영어,sky,[명사] 하늘,We talked about sky during the lesson.,우리는 수업 중 하늘에 대해 이야기했다.,미학습
대학 영어,sun,[명사] 태양,We talked about sun during the lesson.,우리는 수업 중 태양에 대해 이야기했다.,미학습
대학 영어,moon,[명사] 달,We talked about moon during the lesson.,우리는 수업 중 달에 대해 이야기했다.,미학습
대학 영어,star,[명사] 별,We talked about star during the lesson.,우리는 수업 중 별에 대해 이야기했다.,미학습
대학 영어,cloud,[명사] 구름,We talked about cloud during the lesson.,우리는 수업 중 구름에 대해 이야기했다.,미학습
대학 영어,rain,[명사] 비,We talked about rain during the lesson.,우리는 수업 중 비에 대해 이야기했다.,미학습
대학 영어,snow,[명사] 눈,We talked about snow during the lesson.,우리는 수업 중 눈에 대해 이야기했다.,미학습
대학 영어,wind,[명사] 바람,We talked about wind during the lesson.,우리는 수업 중 바람에 대해 이야기했다.,미학습
대학 영어,fire,[명사] 불,We talked about fire during the lesson.,우리는 수업 중 불에 대해 이야기했다.,미학습
대학 영어,tree,[명사] 나무,We talked about tree during the lesson.,우리는 수업 중 나무에 대해 이야기했다.,미학습
대학 영어,flower,[명사] 꽃,We talked about flower during the lesson.,우리는 수업 중 꽃에 대해 이야기했다.,미학습
대학 영어,grass,[명사] 풀,We talked about grass during the lesson.,우리는 수업 중 풀에 대해 이야기했다.,미학습
대학 영어,river,[명사] 강,We talked about river during the lesson.,우리는 수업 중 강에 대해 이야기했다.,미학습
대학 영어,lake,[명사] 호수,We talked about lake during the lesson.,우리는 수업 중 호수에 대해 이야기했다.,미학습
대학 영어,sea,[명사] 바다,We talked about sea during the lesson.,우리는 수업 중 바다에 대해 이야기했다.,미학습
대학 영어,mountain,[명사] 산,We talked about mountain during the lesson.,우리는 수업 중 산에 대해 이야기했다.,미학습
대학 영어,forest,[명사] 숲,We talked about forest during the lesson.,우리는 수업 중 숲에 대해 이야기했다.,미학습
대학 영어,field,[명사] 들판,We talked about field during the lesson.,우리는 수업 중 들판에 대해 이야기했다.,미학습
대학 영어,animal,[명사] 동물,We talked about animal during the lesson.,우리는 수업 중 동물에 대해 이야기했다.,미학습
대학 영어,bird,[명사] 새,We talked about bird during the lesson.,우리는 수업 중 새에 대해 이야기했다.,미학습
대학 영어,cat,[명사] 고양이,We talked about cat during the lesson.,우리는 수업 중 고양이에 대해 이야기했다.,미학습
대학 영어,dog,[명사] 개,We talked about dog during the lesson.,우리는 수업 중 개에 대해 이야기했다.,미학습
대학 영어,horse,[명사] 말,We talked about horse during the lesson.,우리는 수업 중 말에 대해 이야기했다.,미학습
대학 영어,cow,[명사] 소,We talked about cow during the lesson.,우리는 수업 중 소에 대해 이야기했다.,미학습
대학 영어,sheep,[명사] 양,We talked about sheep during the lesson.,우리는 수업 중 양에 대해 이야기했다.,미학습
대학 영어,rabbit,[명사] 토끼,We talked about rabbit during the lesson.,우리는 수업 중 토끼에 대해 이야기했다.,미학습
대학 영어,mouse,[명사] 쥐,We talked about mouse during the lesson.,우리는 수업 중 쥐에 대해 이야기했다.,미학습
대학 영어,bear,[명사] 곰,We talked about bear during the lesson.,우리는 수업 중 곰에 대해 이야기했다.,미학습
대학 영어,lion,[명사] 사자,We talked about lion during the lesson.,우리는 수업 중 사자에 대해 이야기했다.,미학습
대학 영어,tiger,[명사] 호랑이,We talked about tiger during the lesson.,우리는 수업 중 호랑이에 대해 이야기했다.,미학습
대학 영어,elephant,[명사] 코끼리,We talked about elephant during the lesson.,우리는 수업 중 코끼리에 대해 이야기했다.,미학습
대학 영어,monkey,[명사] 원숭이,We talked about monkey during the lesson.,우리는 수업 중 원숭이에 대해 이야기했다.,미학습
대학 영어,body,[명사] 몸,We talked about body during the lesson.,우리는 수업 중 몸에 대해 이야기했다.,미학습
대학 영어,head,[명사] 머리,We talked about head during the lesson.,우리는 수업 중 머리에 대해 이야기했다.,미학습
대학 영어,face,[명사] 얼굴,We talked about face during the lesson.,우리는 수업 중 얼굴에 대해 이야기했다.,미학습
대학 영어,eye,[명사] 눈,We talked about eye during the lesson.,우리는 수업 중 눈에 대해 이야기했다.,미학습
대학 영어,ear,[명사] 귀,We talked about ear during the lesson.,우리는 수업 중 귀에 대해 이야기했다.,미학습
대학 영어,nose,[명사] 코,We talked about nose during the lesson.,우리는 수업 중 코에 대해 이야기했다.,미학습
대학 영어,mouth,[명사] 입,We talked about mouth during the lesson.,우리는 수업 중 입에 대해 이야기했다.,미학습
대학 영어,tooth,[명사] 이,We talked about tooth during the lesson.,우리는 수업 중 이에 대해 이야기했다.,미학습
대학 영어,hand,[명사] 손,We talked about hand during the lesson.,우리는 수업 중 손에 대해 이야기했다.,미학습
대학 영어,arm,[명사] 팔,We talked about arm during the lesson.,우리는 수업 중 팔에 대해 이야기했다.,미학습
대학 영어,leg,[명사] 다리,We talked about leg during the lesson.,우리는 수업 중 다리에 대해 이야기했다.,미학습
대학 영어,foot,[명사] 발,We talked about foot during the lesson.,우리는 수업 중 발에 대해 이야기했다.,미학습
대학 영어,heart,[명사] 심장,We talked about heart during the lesson.,우리는 수업 중 심장에 대해 이야기했다.,미학습
대학 영어,mind,[명사] 마음,We talked about mind during the lesson.,우리는 수업 중 마음에 대해 이야기했다.,미학습
대학 영어,name,[명사] 이름,We talked about name during the lesson.,우리는 수업 중 이름에 대해 이야기했다.,미학습
대학 영어,number,[명사] 숫자,We talked about number during the lesson.,우리는 수업 중 숫자에 대해 이야기했다.,미학습
대학 영어,color,[명사] 색,We talked about color during the lesson.,우리는 수업 중 색에 대해 이야기했다.,미학습
대학 영어,sound,[명사] 소리,We talked about sound during the lesson.,우리는 수업 중 소리에 대해 이야기했다.,미학습
대학 영어,voice,[명사] 목소리,We talked about voice during the lesson.,우리는 수업 중 목소리에 대해 이야기했다.,미학습
대학 영어,music,[명사] 음악,We talked about music during the lesson.,우리는 수업 중 음악에 대해 이야기했다.,미학습
대학 영어,song,[명사] 노래,We talked about song during the lesson.,우리는 수업 중 노래에 대해 이야기했다.,미학습
대학 영어,picture,[명사] 그림,We talked about picture during the lesson.,우리는 수업 중 그림에 대해 이야기했다.,미학습
대학 영어,photo,[명사] 사진,We talked about photo during the lesson.,우리는 수업 중 사진에 대해 이야기했다.,미학습
대학 영어,movie,[명사] 영화,We talked about movie during the lesson.,우리는 수업 중 영화에 대해 이야기했다.,미학습
대학 영어,game,[명사] 게임,We talked about game during the lesson.,우리는 수업 중 게임에 대해 이야기했다.,미학습
대학 영어,sport,[명사] 운동경기,We talked about sport during the lesson.,우리는 수업 중 운동경기에 대해 이야기했다.,미학습
대학 영어,ball,[명사] 공,We talked about ball during the lesson.,우리는 수업 중 공에 대해 이야기했다.,미학습
대학 영어,team,[명사] 팀,We talked about team during the lesson.,우리는 수업 중 팀에 대해 이야기했다.,미학습
대학 영어,player,[명사] 선수,We talked about player during the lesson.,우리는 수업 중 선수에 대해 이야기했다.,미학습
대학 영어,market,[명사] 시장,We talked about market during the lesson.,우리는 수업 중 시장에 대해 이야기했다.,미학습
대학 영어,shop,[명사] 가게,We talked about shop during the lesson.,우리는 수업 중 가게에 대해 이야기했다.,미학습
대학 영어,store,[명사] 상점,We talked about store during the lesson.,우리는 수업 중 상점에 대해 이야기했다.,미학습
대학 영어,money,[명사] 돈,We talked about money during the lesson.,우리는 수업 중 돈에 대해 이야기했다.,미학습
대학 영어,price,[명사] 가격,We talked about price during the lesson.,우리는 수업 중 가격에 대해 이야기했다.,미학습
대학 영어,cost,[명사] 비용,We talked about cost during the lesson.,우리는 수업 중 비용에 대해 이야기했다.,미학습
대학 영어,gift,[명사] 선물,We talked about gift during the lesson.,우리는 수업 중 선물에 대해 이야기했다.,미학습
대학 영어,bag,[명사] 가방,We talked about bag during the lesson.,우리는 수업 중 가방에 대해 이야기했다.,미학습
대학 영어,box,[명사] 상자,We talked about box during the lesson.,우리는 수업 중 상자에 대해 이야기했다.,미학습
대학 영어,key,[명사] 열쇠,We talked about key during the lesson.,우리는 수업 중 열쇠에 대해 이야기했다.,미학습
대학 영어,phone,[명사] 전화,We talked about phone during the lesson.,우리는 수업 중 전화에 대해 이야기했다.,미학습
대학 영어,computer,[명사] 컴퓨터,We talked about computer during the lesson.,우리는 수업 중 컴퓨터에 대해 이야기했다.,미학습
대학 영어,screen,[명사] 화면,We talked about screen during the lesson.,우리는 수업 중 화면에 대해 이야기했다.,미학습
대학 영어,camera,[명사] 카메라,We talked about camera during the lesson.,우리는 수업 중 카메라에 대해 이야기했다.,미학습
대학 영어,radio,[명사] 라디오,We talked about radio during the lesson.,우리는 수업 중 라디오에 대해 이야기했다.,미학습
대학 영어,clock,[명사] 시계,We talked about clock during the lesson.,우리는 수업 중 시계에 대해 이야기했다.,미학습
대학 영어,watch,[명사] 손목시계,We talked about watch during the lesson.,우리는 수업 중 손목시계에 대해 이야기했다.,미학습
대학 영어,car,[명사] 자동차,We talked about car during the lesson.,우리는 수업 중 자동차에 대해 이야기했다.,미학습
대학 영어,bus,[명사] 버스,We talked about bus during the lesson.,우리는 수업 중 버스에 대해 이야기했다.,미학습
대학 영어,train,[명사] 기차,We talked about train during the lesson.,우리는 수업 중 기차에 대해 이야기했다.,미학습
대학 영어,plane,[명사] 비행기,We talked about plane during the lesson.,우리는 수업 중 비행기에 대해 이야기했다.,미학습
대학 영어,ship,[명사] 배,We talked about ship during the lesson.,우리는 수업 중 배에 대해 이야기했다.,미학습
대학 영어,bike,[명사] 자전거,We talked about bike during the lesson.,우리는 수업 중 자전거에 대해 이야기했다.,미학습
대학 영어,station,[명사] 역,We talked about station during the lesson.,우리는 수업 중 역에 대해 이야기했다.,미학습
대학 영어,airport,[명사] 공항,We talked about airport during the lesson.,우리는 수업 중 공항에 대해 이야기했다.,미학습
대학 영어,hotel,[명사] 호텔,We talked about hotel during the lesson.,우리는 수업 중 호텔에 대해 이야기했다.,미학습
대학 영어,ticket,[명사] 표,We talked about ticket during the lesson.,우리는 수업 중 표에 대해 이야기했다.,미학습
대학 영어,passport,[명사] 여권,We talked about passport during the lesson.,우리는 수업 중 여권에 대해 이야기했다.,미학습
대학 영어,map,[명사] 지도,We talked about map during the lesson.,우리는 수업 중 지도에 대해 이야기했다.,미학습
대학 영어,trip,[명사] 여행,We talked about trip during the lesson.,우리는 수업 중 여행에 대해 이야기했다.,미학습
대학 영어,travel,[명사] 여행,We talked about travel during the lesson.,우리는 수업 중 여행에 대해 이야기했다.,미학습
대학 영어,vacation,[명사] 휴가,We talked about vacation during the lesson.,우리는 수업 중 휴가에 대해 이야기했다.,미학습
대학 영어,morning,[명사] 아침,We talked about morning during the lesson.,우리는 수업 중 아침에 대해 이야기했다.,미학습
대학 영어,afternoon,[명사] 오후,We talked about afternoon during the lesson.,우리는 수업 중 오후에 대해 이야기했다.,미학습
대학 영어,evening,[명사] 저녁,We talked about evening during the lesson.,우리는 수업 중 저녁에 대해 이야기했다.,미학습
대학 영어,night,[명사] 밤,We talked about night during the lesson.,우리는 수업 중 밤에 대해 이야기했다.,미학습
대학 영어,day,[명사] 날,We talked about day during the lesson.,우리는 수업 중 날에 대해 이야기했다.,미학습
대학 영어,week,[명사] 주,We talked about week during the lesson.,우리는 수업 중 주에 대해 이야기했다.,미학습
대학 영어,month,[명사] 달,We talked about month during the lesson.,우리는 수업 중 달에 대해 이야기했다.,미학습
대학 영어,year,[명사] 해,We talked about year during the lesson.,우리는 수업 중 해에 대해 이야기했다.,미학습
대학 영어,time,[명사] 시간,We talked about time during the lesson.,우리는 수업 중 시간에 대해 이야기했다.,미학습
대학 영어,hour,[명사] 시간,We talked about hour during the lesson.,우리는 수업 중 시간에 대해 이야기했다.,미학습
대학 영어,minute,[명사] 분,We talked about minute during the lesson.,우리는 수업 중 분에 대해 이야기했다.,미학습
대학 영어,moment,[명사] 순간,We talked about moment during the lesson.,우리는 수업 중 순간에 대해 이야기했다.,미학습
대학 영어,life,[명사] 삶,We talked about life during the lesson.,우리는 수업 중 삶에 대해 이야기했다.,미학습
대학 영어,work,[명사] 일,We talked about work during the lesson.,우리는 수업 중 일에 대해 이야기했다.,미학습
대학 영어,job,[명사] 직업,We talked about job during the lesson.,우리는 수업 중 직업에 대해 이야기했다.,미학습
대학 영어,office,[명사] 사무실,We talked about office during the lesson.,우리는 수업 중 사무실에 대해 이야기했다.,미학습
대학 영어,company,[명사] 회사,We talked about company during the lesson.,우리는 수업 중 회사에 대해 이야기했다.,미학습
대학 영어,business,[명사] 사업,We talked about business during the lesson.,우리는 수업 중 사업에 대해 이야기했다.,미학습
대학 영어,project,[명사] 프로젝트,We talked about project during the lesson.,우리는 수업 중 프로젝트에 대해 이야기했다.,미학습
대학 영어,plan,[명사] 계획,We talked about plan during the lesson.,우리는 수업 중 계획에 대해 이야기했다.,미학습
대학 영어,goal,[명사] 목표,We talked about goal during the lesson.,우리는 수업 중 목표에 대해 이야기했다.,미학습
대학 영어,idea,[명사] 생각,We talked about idea during the lesson.,우리는 수업 중 생각에 대해 이야기했다.,미학습
대학 영어,reason,[명사] 이유,We talked about reason during the lesson.,우리는 수업 중 이유에 대해 이야기했다.,미학습
대학 영어,problem,[명사] 문제,We talked about problem during the lesson.,우리는 수업 중 문제에 대해 이야기했다.,미학습
대학 영어,answer,[명사] 답,We talked about answer during the lesson.,우리는 수업 중 답에 대해 이야기했다.,미학습
대학 영어,question,[명사] 질문,We talked about question during the lesson.,우리는 수업 중 질문에 대해 이야기했다.,미학습
대학 영어,result,[명사] 결과,We talked about result during the lesson.,우리는 수업 중 결과에 대해 이야기했다.,미학습
대학 영어,choice,[명사] 선택,We talked about choice during the lesson.,우리는 수업 중 선택에 대해 이야기했다.,미학습
대학 영어,chance,[명사] 기회,We talked about chance during the lesson.,우리는 수업 중 기회에 대해 이야기했다.,미학습
대학 영어,change,[명사] 변화,We talked about change during the lesson.,우리는 수업 중 변화에 대해 이야기했다.,미학습
대학 영어,growth,[명사] 성장,We talked about growth during the lesson.,우리는 수업 중 성장에 대해 이야기했다.,미학습
대학 영어,value,[명사] 가치,We talked about value during the lesson.,우리는 수업 중 가치에 대해 이야기했다.,미학습
대학 영어,quality,[명사] 품질,We talked about quality during the lesson.,우리는 수업 중 품질에 대해 이야기했다.,미학습
대학 영어,service,[명사] 서비스,We talked about service during the lesson.,우리는 수업 중 서비스에 대해 이야기했다.,미학습
대학 영어,product,[명사] 제품,We talked about product during the lesson.,우리는 수업 중 제품에 대해 이야기했다.,미학습
대학 영어,customer,[명사] 고객,We talked about customer during the lesson.,우리는 수업 중 고객에 대해 이야기했다.,미학습
대학 영어,client,[명사] 의뢰인,We talked about client during the lesson.,우리는 수업 중 의뢰인에 대해 이야기했다.,미학습
대학 영어,manager,[명사] 관리자,We talked about manager during the lesson.,우리는 수업 중 관리자에 대해 이야기했다.,미학습
대학 영어,leader,[명사] 지도자,We talked about leader during the lesson.,우리는 수업 중 지도자에 대해 이야기했다.,미학습
대학 영어,member,[명사] 구성원,We talked about member during the lesson.,우리는 수업 중 구성원에 대해 이야기했다.,미학습
대학 영어,staff,[명사] 직원,We talked about staff during the lesson.,우리는 수업 중 직원에 대해 이야기했다.,미학습
대학 영어,worker,[명사] 근로자,We talked about worker during the lesson.,우리는 수업 중 근로자에 대해 이야기했다.,미학습
대학 영어,skill,[명사] 기술,We talked about skill during the lesson.,우리는 수업 중 기술에 대해 이야기했다.,미학습
대학 영어,knowledge,[명사] 지식,We talked about knowledge during the lesson.,우리는 수업 중 지식에 대해 이야기했다.,미학습
대학 영어,study,[명사] 공부,We talked about study during the lesson.,우리는 수업 중 공부에 대해 이야기했다.,미학습
대학 영어,research,[명사] 연구,We talked about research during the lesson.,우리는 수업 중 연구에 대해 이야기했다.,미학습
대학 영어,science,[명사] 과학,We talked about science during the lesson.,우리는 수업 중 과학에 대해 이야기했다.,미학습
대학 영어,history,[명사] 역사,We talked about history during the lesson.,우리는 수업 중 역사에 대해 이야기했다.,미학습
대학 영어,art,[명사] 예술,We talked about art during the lesson.,우리는 수업 중 예술에 대해 이야기했다.,미학습
대학 영어,culture,[명사] 문화,We talked about culture during the lesson.,우리는 수업 중 문화에 대해 이야기했다.,미학습
대학 영어,language,[명사] 언어,We talked about language during the lesson.,우리는 수업 중 언어에 대해 이야기했다.,미학습
대학 영어,letter,[명사] 글자,We talked about letter during the lesson.,우리는 수업 중 글자에 대해 이야기했다.,미학습
대학 영어,word,[명사] 단어,We talked about word during the lesson.,우리는 수업 중 단어에 대해 이야기했다.,미학습
대학 영어,sentence,[명사] 문장,We talked about sentence during the lesson.,우리는 수업 중 문장에 대해 이야기했다.,미학습
대학 영어,story,[명사] 이야기,We talked about story during the lesson.,우리는 수업 중 이야기에 대해 이야기했다.,미학습
대학 영어,news,[명사] 소식,We talked about news during the lesson.,우리는 수업 중 소식에 대해 이야기했다.,미학습
대학 영어,report,[명사] 보고서,We talked about report during the lesson.,우리는 수업 중 보고서에 대해 이야기했다.,미학습
대학 영어,document,[명사] 문서,We talked about document during the lesson.,우리는 수업 중 문서에 대해 이야기했다.,미학습
대학 영어,record,[명사] 기록,We talked about record during the lesson.,우리는 수업 중 기록에 대해 이야기했다.,미학습
대학 영어,system,[명사] 체계,We talked about system during the lesson.,우리는 수업 중 체계에 대해 이야기했다.,미학습
대학 영어,network,[명사] 망,We talked about network during the lesson.,우리는 수업 중 망에 대해 이야기했다.,미학습
대학 영어,website,[명사] 웹사이트,We talked about website during the lesson.,우리는 수업 중 웹사이트에 대해 이야기했다.,미학습
대학 영어,email,[명사] 이메일,We talked about email during the lesson.,우리는 수업 중 이메일에 대해 이야기했다.,미학습
대학 영어,message,[명사] 메시지,We talked about message during the lesson.,우리는 수업 중 메시지에 대해 이야기했다.,미학습
대학 영어,address,[명사] 주소,We talked about address during the lesson.,우리는 수업 중 주소에 대해 이야기했다.,미학습
대학 영어,bank,[명사] 은행,We talked about bank during the lesson.,우리는 수업 중 은행에 대해 이야기했다.,미학습
대학 영어,account,[명사] 계좌,We talked about account during the lesson.,우리는 수업 중 계좌에 대해 이야기했다.,미학습
대학 영어,budget,[명사] 예산,We talked about budget during the lesson.,우리는 수업 중 예산에 대해 이야기했다.,미학습
대학 영어,profit,[명사] 이익,We talked about profit during the lesson.,우리는 수업 중 이익에 대해 이야기했다.,미학습
대학 영어,loss,[명사] 손실,We talked about loss during the lesson.,우리는 수업 중 손실에 대해 이야기했다.,미학습
대학 영어,risk,[명사] 위험,We talked about risk during the lesson.,우리는 수업 중 위험에 대해 이야기했다.,미학습
대학 영어,safety,[명사] 안전,We talked about safety during the lesson.,우리는 수업 중 안전에 대해 이야기했다.,미학습
대학 영어,health,[명사] 건강,We talked about health during the lesson.,우리는 수업 중 건강에 대해 이야기했다.,미학습
대학 영어,care,[명사] 돌봄,We talked about care during the lesson.,우리는 수업 중 돌봄에 대해 이야기했다.,미학습
대학 영어,medicine,[명사] 약,We talked about medicine during the lesson.,우리는 수업 중 약에 대해 이야기했다.,미학습
대학 영어,hospital,[명사] 병원,We talked about hospital during the lesson.,우리는 수업 중 병원에 대해 이야기했다.,미학습
대학 영어,doctor,[명사] 의사,We talked about doctor during the lesson.,우리는 수업 중 의사에 대해 이야기했다.,미학습
대학 영어,nurse,[명사] 간호사,We talked about nurse during the lesson.,우리는 수업 중 간호사에 대해 이야기했다.,미학습
대학 영어,patient,[명사] 환자,We talked about patient during the lesson.,우리는 수업 중 환자에 대해 이야기했다.,미학습
대학 영어,energy,[명사] 에너지,We talked about energy during the lesson.,우리는 수업 중 에너지에 대해 이야기했다.,미학습
대학 영어,power,[명사] 힘,We talked about power during the lesson.,우리는 수업 중 힘에 대해 이야기했다.,미학습
대학 영어,light,[명사] 빛,We talked about light during the lesson.,우리는 수업 중 빛에 대해 이야기했다.,미학습
대학 영어,heat,[명사] 열,We talked about heat during the lesson.,우리는 수업 중 열에 대해 이야기했다.,미학습
대학 영어,space,[명사] 공간,We talked about space during the lesson.,우리는 수업 중 공간에 대해 이야기했다.,미학습
대학 영어,area,[명사] 지역,We talked about area during the lesson.,우리는 수업 중 지역에 대해 이야기했다.,미학습
대학 영어,place,[명사] 장소,We talked about place during the lesson.,우리는 수업 중 장소에 대해 이야기했다.,미학습
대학 영어,point,[명사] 요점,We talked about point during the lesson.,우리는 수업 중 요점에 대해 이야기했다.,미학습
대학 영어,part,[명사] 부분,We talked about part during the lesson.,우리는 수업 중 부분에 대해 이야기했다.,미학습
대학 영어,side,[명사] 쪽,We talked about side during the lesson.,우리는 수업 중 쪽에 대해 이야기했다.,미학습
대학 영어,center,[명사] 중심,We talked about center during the lesson.,우리는 수업 중 중심에 대해 이야기했다.,미학습
대학 영어,edge,[명사] 가장자리,We talked about edge during the lesson.,우리는 수업 중 가장자리에 대해 이야기했다.,미학습
대학 영어,level,[명사] 수준,We talked about level during the lesson.,우리는 수업 중 수준에 대해 이야기했다.,미학습
대학 영어,degree,[명사] 정도,We talked about degree during the lesson.,우리는 수업 중 정도에 대해 이야기했다.,미학습
대학 영어,amount,[명사] 양,We talked about amount during the lesson.,우리는 수업 중 양에 대해 이야기했다.,미학습
대학 영어,rate,[명사] 비율,We talked about rate during the lesson.,우리는 수업 중 비율에 대해 이야기했다.,미학습
대학 영어,type,[명사] 유형,We talked about type during the lesson.,우리는 수업 중 유형에 대해 이야기했다.,미학습
대학 영어,kind,[명사] 종류,We talked about kind during the lesson.,우리는 수업 중 종류에 대해 이야기했다.,미학습
대학 영어,form,[명사] 형태,We talked about form during the lesson.,우리는 수업 중 형태에 대해 이야기했다.,미학습
대학 영어,shape,[명사] 모양,We talked about shape during the lesson.,우리는 수업 중 모양에 대해 이야기했다.,미학습
대학 영어,size,[명사] 크기,We talked about size during the lesson.,우리는 수업 중 크기에 대해 이야기했다.,미학습
대학 영어,weight,[명사] 무게,We talked about weight during the lesson.,우리는 수업 중 무게에 대해 이야기했다.,미학습
대학 영어,speed,[명사] 속도,We talked about speed during the lesson.,우리는 수업 중 속도에 대해 이야기했다.,미학습
대학 영어,direction,[명사] 방향,We talked about direction during the lesson.,우리는 수업 중 방향에 대해 이야기했다.,미학습
대학 영어,position,[명사] 위치,We talked about position during the lesson.,우리는 수업 중 위치에 대해 이야기했다.,미학습
대학 영어,action,[명사] 행동,We talked about action during the lesson.,우리는 수업 중 행동에 대해 이야기했다.,미학습
대학 영어,activity,[명사] 활동,We talked about activity during the lesson.,우리는 수업 중 활동에 대해 이야기했다.,미학습
대학 영어,process,[명사] 과정,We talked about process during the lesson.,우리는 수업 중 과정에 대해 이야기했다.,미학습
대학 영어,method,[명사] 방법,We talked about method during the lesson.,우리는 수업 중 방법에 대해 이야기했다.,미학습
대학 영어,tool,[명사] 도구,We talked about tool during the lesson.,우리는 수업 중 도구에 대해 이야기했다.,미학습
대학 영어,machine,[명사] 기계,We talked about machine during the lesson.,우리는 수업 중 기계에 대해 이야기했다.,미학습
대학 영어,material,[명사] 재료,We talked about material during the lesson.,우리는 수업 중 재료에 대해 이야기했다.,미학습
대학 영어,resource,[명사] 자원,We talked about resource during the lesson.,우리는 수업 중 자원에 대해 이야기했다.,미학습
대학 영어,environment,[명사] 환경,We talked about environment during the lesson.,우리는 수업 중 환경에 대해 이야기했다.,미학습
대학 영어,nature,[명사] 자연,We talked about nature during the lesson.,우리는 수업 중 자연에 대해 이야기했다.,미학습
대학 영어,weather,[명사] 날씨,We talked about weather during the lesson.,우리는 수업 중 날씨에 대해 이야기했다.,미학습
대학 영어,season,[명사] 계절,We talked about season during the lesson.,우리는 수업 중 계절에 대해 이야기했다.,미학습
대학 영어,spring,[명사] 봄,We talked about spring during the lesson.,우리는 수업 중 봄에 대해 이야기했다.,미학습
대학 영어,summer,[명사] 여름,We talked about summer during the lesson.,우리는 수업 중 여름에 대해 이야기했다.,미학습
대학 영어,autumn,[명사] 가을,We talked about autumn during the lesson.,우리는 수업 중 가을에 대해 이야기했다.,미학습
대학 영어,winter,[명사] 겨울,We talked about winter during the lesson.,우리는 수업 중 겨울에 대해 이야기했다.,미학습
대학 영어,law,[명사] 법,We talked about law during the lesson.,우리는 수업 중 법에 대해 이야기했다.,미학습
대학 영어,rule,[명사] 규칙,We talked about rule during the lesson.,우리는 수업 중 규칙에 대해 이야기했다.,미학습
대학 영어,right,[명사] 권리,We talked about right during the lesson.,우리는 수업 중 권리에 대해 이야기했다.,미학습
대학 영어,duty,[명사] 의무,We talked about duty during the lesson.,우리는 수업 중 의무에 대해 이야기했다.,미학습
대학 영어,peace,[명사] 평화,We talked about peace during the lesson.,우리는 수업 중 평화에 대해 이야기했다.,미학습
대학 영어,war,[명사] 전쟁,We talked about war during the lesson.,우리는 수업 중 전쟁에 대해 이야기했다.,미학습
대학 영어,policy,[명사] 정책,We talked about policy during the lesson.,우리는 수업 중 정책에 대해 이야기했다.,미학습
대학 영어,society,[명사] 사회,We talked about society during the lesson.,우리는 수업 중 사회에 대해 이야기했다.,미학습
대학 영어,community,[명사] 공동체,We talked about community during the lesson.,우리는 수업 중 공동체에 대해 이야기했다.,미학습
대학 영어,group,[명사] 집단,We talked about group during the lesson.,우리는 수업 중 집단에 대해 이야기했다.,미학습
대학 영어,public,[명사] 대중,We talked about public during the lesson.,우리는 수업 중 대중에 대해 이야기했다.,미학습
대학 영어,marketplace,[명사] 시장,We talked about marketplace during the lesson.,우리는 수업 중 시장에 대해 이야기했다.,미학습
대학 영어,industry,[명사] 산업,We talked about industry during the lesson.,우리는 수업 중 산업에 대해 이야기했다.,미학습
대학 영어,technology,[명사] 기술,We talked about technology during the lesson.,우리는 수업 중 기술에 대해 이야기했다.,미학습
대학 영어,design,[명사] 설계,We talked about design during the lesson.,우리는 수업 중 설계에 대해 이야기했다.,미학습
대학 영어,model,[명사] 모형,We talked about model during the lesson.,우리는 수업 중 모형에 대해 이야기했다.,미학습
대학 영어,sample,[명사] 견본,We talked about sample during the lesson.,우리는 수업 중 견본에 대해 이야기했다.,미학습
대학 영어,image,[명사] 이미지,We talked about image during the lesson.,우리는 수업 중 이미지에 대해 이야기했다.,미학습
대학 영어,memory,[명사] 기억,We talked about memory during the lesson.,우리는 수업 중 기억에 대해 이야기했다.,미학습
대학 영어,dream,[명사] 꿈,We talked about dream during the lesson.,우리는 수업 중 꿈에 대해 이야기했다.,미학습
대학 영어,hope,[명사] 희망,We talked about hope during the lesson.,우리는 수업 중 희망에 대해 이야기했다.,미학습
대학 영어,fear,[명사] 두려움,We talked about fear during the lesson.,우리는 수업 중 두려움에 대해 이야기했다.,미학습
대학 영어,love,[명사] 사랑,We talked about love during the lesson.,우리는 수업 중 사랑에 대해 이야기했다.,미학습
대학 영어,hate,[명사] 증오,We talked about hate during the lesson.,우리는 수업 중 증오에 대해 이야기했다.,미학습
대학 영어,joy,[명사] 기쁨,We talked about joy during the lesson.,우리는 수업 중 기쁨에 대해 이야기했다.,미학습
대학 영어,anger,[명사] 분노,We talked about anger during the lesson.,우리는 수업 중 분노에 대해 이야기했다.,미학습
대학 영어,sadness,[명사] 슬픔,We talked about sadness during the lesson.,우리는 수업 중 슬픔에 대해 이야기했다.,미학습
대학 영어,truth,[명사] 진실,We talked about truth during the lesson.,우리는 수업 중 진실에 대해 이야기했다.,미학습
대학 영어,fact,[명사] 사실,We talked about fact during the lesson.,우리는 수업 중 사실에 대해 이야기했다.,미학습
대학 영어,opinion,[명사] 의견,We talked about opinion during the lesson.,우리는 수업 중 의견에 대해 이야기했다.,미학습
대학 영어,advice,[명사] 조언,We talked about advice during the lesson.,우리는 수업 중 조언에 대해 이야기했다.,미학습
대학 영어,be,[동사] 이다,I want to be calm today.,나는 오늘 차분해지고 싶다.,미학습
대학 영어,have,[동사] 가지다,I have a clear goal today.,나는 오늘 명확한 목표를 가지고 있다.,미학습
대학 영어,do,[동사] 하다,We do the task together.,우리는 그 일을 함께 한다.,미학습
대학 영어,make,[동사] 만들다,They make a useful plan.,그들은 유용한 계획을 만든다.,미학습
대학 영어,get,[동사] 얻다,I get help from a friend.,나는 친구에게서 도움을 얻는다.,미학습
대학 영어,go,[동사] 가다,We go to school in the morning.,우리는 아침에 학교에 간다.,미학습
대학 영어,come,[동사] 오다,Please come to the office early.,사무실에 일찍 오세요.,미학습
대학 영어,see,[동사] 보다,Learners practice how to see in English.,학습자는 영어로 보다 방법을 연습한다.,미학습
대학 영어,look,[동사] 보다,Learners practice how to look in English.,학습자는 영어로 보다 방법을 연습한다.,미학습
대학 영어,hear,[동사] 듣다,Learners practice how to hear in English.,학습자는 영어로 듣다 방법을 연습한다.,미학습
대학 영어,listen,[동사] 듣다,Learners practice how to listen in English.,학습자는 영어로 듣다 방법을 연습한다.,미학습
대학 영어,speak,[동사] 말하다,Learners practice how to speak in English.,학습자는 영어로 말하다 방법을 연습한다.,미학습
대학 영어,say,[동사] 말하다,Please say the word clearly.,그 단어를 명확하게 말하세요.,미학습
대학 영어,tell,[동사] 말하다,I will tell the story tomorrow.,나는 내일 그 이야기를 말할 것이다.,미학습
대학 영어,ask,[동사] 묻다,Students ask a question in class.,학생들은 수업에서 질문을 한다.,미학습
대학 영어,read,[동사] 읽다,I read a book every night.,나는 매일 밤 책을 읽는다.,미학습
대학 영어,write,[동사] 쓰다,She will write a short letter.,그녀는 짧은 편지를 쓸 것이다.,미학습
대학 영어,learn,[동사] 배우다,Learners practice how to learn in English.,학습자는 영어로 배우다 방법을 연습한다.,미학습
대학 영어,teach,[동사] 가르치다,Learners practice how to teach in English.,학습자는 영어로 가르치다 방법을 연습한다.,미학습
대학 영어,know,[동사] 알다,Learners practice how to know in English.,학습자는 영어로 알다 방법을 연습한다.,미학습
대학 영어,think,[동사] 생각하다,Learners practice how to think in English.,학습자는 영어로 생각하다 방법을 연습한다.,미학습
대학 영어,feel,[동사] 느끼다,Learners practice how to feel in English.,학습자는 영어로 느끼다 방법을 연습한다.,미학습
대학 영어,believe,[동사] 믿다,Learners practice how to believe in English.,학습자는 영어로 믿다 방법을 연습한다.,미학습
대학 영어,remember,[동사] 기억하다,Learners practice how to remember in English.,학습자는 영어로 기억하다 방법을 연습한다.,미학습
대학 영어,forget,[동사] 잊다,Learners practice how to forget in English.,학습자는 영어로 잊다 방법을 연습한다.,미학습
대학 영어,understand,[동사] 이해하다,Learners practice how to understand in English.,학습자는 영어로 이해하다 방법을 연습한다.,미학습
대학 영어,try,[동사] 시도하다,Learners practice how to try in English.,학습자는 영어로 시도하다 방법을 연습한다.,미학습
대학 영어,use,[동사] 사용하다,Learners practice how to use in English.,학습자는 영어로 사용하다 방법을 연습한다.,미학습
대학 영어,want,[동사] 원하다,Learners practice how to want in English.,학습자는 영어로 원하다 방법을 연습한다.,미학습
대학 영어,like,[동사] 좋아하다,Learners practice how to like in English.,학습자는 영어로 좋아하다 방법을 연습한다.,미학습
대학 영어,play,[동사] 놀다,Learners practice how to play in English.,학습자는 영어로 놀다 방법을 연습한다.,미학습
대학 영어,run,[동사] 달리다,Learners practice how to run in English.,학습자는 영어로 달리다 방법을 연습한다.,미학습
대학 영어,walk,[동사] 걷다,Learners practice how to walk in English.,학습자는 영어로 걷다 방법을 연습한다.,미학습
대학 영어,stand,[동사] 서다,Learners practice how to stand in English.,학습자는 영어로 서다 방법을 연습한다.,미학습
대학 영어,sit,[동사] 앉다,Learners practice how to sit in English.,학습자는 영어로 앉다 방법을 연습한다.,미학습
대학 영어,sleep,[동사] 자다,Learners practice how to sleep in English.,학습자는 영어로 자다 방법을 연습한다.,미학습
대학 영어,wake,[동사] 깨다,Learners practice how to wake in English.,학습자는 영어로 깨다 방법을 연습한다.,미학습
대학 영어,eat,[동사] 먹다,We eat dinner at home.,우리는 집에서 저녁을 먹는다.,미학습
대학 영어,drink,[동사] 마시다,I drink water after exercise.,나는 운동 후에 물을 마신다.,미학습
대학 영어,cook,[동사] 요리하다,Learners practice how to cook in English.,학습자는 영어로 요리하다 방법을 연습한다.,미학습
대학 영어,buy,[동사] 사다,Learners practice how to buy in English.,학습자는 영어로 사다 방법을 연습한다.,미학습
대학 영어,sell,[동사] 팔다,Learners practice how to sell in English.,학습자는 영어로 팔다 방법을 연습한다.,미학습
대학 영어,pay,[동사] 지불하다,Learners practice how to pay in English.,학습자는 영어로 지불하다 방법을 연습한다.,미학습
대학 영어,spend,[동사] 쓰다,Learners practice how to spend in English.,학습자는 영어로 쓰다 방법을 연습한다.,미학습
대학 영어,save,[동사] 저축하다,Learners practice how to save in English.,학습자는 영어로 저축하다 방법을 연습한다.,미학습
대학 영어,give,[동사] 주다,Learners practice how to give in English.,학습자는 영어로 주다 방법을 연습한다.,미학습
대학 영어,take,[동사] 가져가다,Learners practice how to take in English.,학습자는 영어로 가져가다 방법을 연습한다.,미학습
대학 영어,bring,[동사] 가져오다,Learners practice how to bring in English.,학습자는 영어로 가져오다 방법을 연습한다.,미학습
대학 영어,send,[동사] 보내다,Learners practice how to send in English.,학습자는 영어로 보내다 방법을 연습한다.,미학습
대학 영어,receive,[동사] 받다,Learners practice how to receive in English.,학습자는 영어로 받다 방법을 연습한다.,미학습
대학 영어,open,[동사] 열다,Learners practice how to open in English.,학습자는 영어로 열다 방법을 연습한다.,미학습
대학 영어,close,[동사] 닫다,Learners practice how to close in English.,학습자는 영어로 닫다 방법을 연습한다.,미학습
대학 영어,start,[동사] 시작하다,Learners practice how to start in English.,학습자는 영어로 시작하다 방법을 연습한다.,미학습
대학 영어,finish,[동사] 끝내다,Learners practice how to finish in English.,학습자는 영어로 끝내다 방법을 연습한다.,미학습
대학 영어,stop,[동사] 멈추다,Learners practice how to stop in English.,학습자는 영어로 멈추다 방법을 연습한다.,미학습
대학 영어,move,[동사] 움직이다,Learners practice how to move in English.,학습자는 영어로 움직이다 방법을 연습한다.,미학습
대학 영어,turn,[동사] 돌리다,Learners practice how to turn in English.,학습자는 영어로 돌리다 방법을 연습한다.,미학습
대학 영어,follow,[동사] 따르다,Learners practice how to follow in English.,학습자는 영어로 따르다 방법을 연습한다.,미학습
대학 영어,lead,[동사] 이끌다,Learners practice how to lead in English.,학습자는 영어로 이끌다 방법을 연습한다.,미학습
대학 영어,meet,[동사] 만나다,Learners practice how to meet in English.,학습자는 영어로 만나다 방법을 연습한다.,미학습
대학 영어,join,[동사] 가입하다,Learners practice how to join in English.,학습자는 영어로 가입하다 방법을 연습한다.,미학습
대학 영어,leave,[동사] 떠나다,Learners practice how to leave in English.,학습자는 영어로 떠나다 방법을 연습한다.,미학습
대학 영어,arrive,[동사] 도착하다,Learners practice how to arrive in English.,학습자는 영어로 도착하다 방법을 연습한다.,미학습
대학 영어,visit,[동사] 방문하다,Learners practice how to visit in English.,학습자는 영어로 방문하다 방법을 연습한다.,미학습
대학 영어,call,[동사] 부르다,Learners practice how to call in English.,학습자는 영어로 부르다 방법을 연습한다.,미학습
대학 영어,contact,[동사] 연락하다,Learners practice how to contact in English.,학습자는 영어로 연락하다 방법을 연습한다.,미학습
대학 영어,check,[동사] 확인하다,Learners practice how to check in English.,학습자는 영어로 확인하다 방법을 연습한다.,미학습
대학 영어,choose,[동사] 선택하다,Learners practice how to choose in English.,학습자는 영어로 선택하다 방법을 연습한다.,미학습
대학 영어,decide,[동사] 결정하다,Learners practice how to decide in English.,학습자는 영어로 결정하다 방법을 연습한다.,미학습
대학 영어,grow,[동사] 자라다,Learners practice how to grow in English.,학습자는 영어로 자라다 방법을 연습한다.,미학습
대학 영어,build,[동사] 짓다,Learners practice how to build in English.,학습자는 영어로 짓다 방법을 연습한다.,미학습
대학 영어,create,[동사] 창조하다,Learners practice how to create in English.,학습자는 영어로 창조하다 방법을 연습한다.,미학습
대학 영어,develop,[동사] 개발하다,Learners practice how to develop in English.,학습자는 영어로 개발하다 방법을 연습한다.,미학습
대학 영어,improve,[동사] 개선하다,Learners practice how to improve in English.,학습자는 영어로 개선하다 방법을 연습한다.,미학습
대학 영어,reduce,[동사] 줄이다,Learners practice how to reduce in English.,학습자는 영어로 줄이다 방법을 연습한다.,미학습
대학 영어,increase,[동사] 증가시키다,Learners practice how to increase in English.,학습자는 영어로 증가시키다 방법을 연습한다.,미학습
대학 영어,compare,[동사] 비교하다,Learners practice how to compare in English.,학습자는 영어로 비교하다 방법을 연습한다.,미학습
대학 영어,explain,[동사] 설명하다,Learners practice how to explain in English.,학습자는 영어로 설명하다 방법을 연습한다.,미학습
대학 영어,describe,[동사] 묘사하다,Learners practice how to describe in English.,학습자는 영어로 묘사하다 방법을 연습한다.,미학습
대학 영어,discuss,[동사] 논의하다,Learners practice how to discuss in English.,학습자는 영어로 논의하다 방법을 연습한다.,미학습
대학 영어,agree,[동사] 동의하다,Learners practice how to agree in English.,학습자는 영어로 동의하다 방법을 연습한다.,미학습
대학 영어,prepare,[동사] 준비하다,Learners practice how to prepare in English.,학습자는 영어로 준비하다 방법을 연습한다.,미학습
대학 영어,manage,[동사] 관리하다,Learners practice how to manage in English.,학습자는 영어로 관리하다 방법을 연습한다.,미학습
대학 영어,protect,[동사] 보호하다,Learners practice how to protect in English.,학습자는 영어로 보호하다 방법을 연습한다.,미학습
대학 영어,serve,[동사] 제공하다,Learners practice how to serve in English.,학습자는 영어로 제공하다 방법을 연습한다.,미학습
대학 영어,produce,[동사] 생산하다,Learners practice how to produce in English.,학습자는 영어로 생산하다 방법을 연습한다.,미학습
대학 영어,deliver,[동사] 배달하다,Learners practice how to deliver in English.,학습자는 영어로 배달하다 방법을 연습한다.,미학습
대학 영어,collect,[동사] 수집하다,Learners practice how to collect in English.,학습자는 영어로 수집하다 방법을 연습한다.,미학습
대학 영어,organize,[동사] 조직하다,Learners practice how to organize in English.,학습자는 영어로 조직하다 방법을 연습한다.,미학습
대학 영어,search,[동사] 찾다,Learners practice how to search in English.,학습자는 영어로 찾다 방법을 연습한다.,미학습
대학 영어,find,[동사] 찾다,Learners practice how to find in English.,학습자는 영어로 찾다 방법을 연습한다.,미학습
대학 영어,lose,[동사] 잃다,Learners practice how to lose in English.,학습자는 영어로 잃다 방법을 연습한다.,미학습
대학 영어,keep,[동사] 유지하다,Learners practice how to keep in English.,학습자는 영어로 유지하다 방법을 연습한다.,미학습
대학 영어,hold,[동사] 잡다,Learners practice how to hold in English.,학습자는 영어로 잡다 방법을 연습한다.,미학습
대학 영어,carry,[동사] 나르다,Learners practice how to carry in English.,학습자는 영어로 나르다 방법을 연습한다.,미학습
대학 영어,drive,[동사] 운전하다,Learners practice how to drive in English.,학습자는 영어로 운전하다 방법을 연습한다.,미학습
대학 영어,fly,[동사] 날다,Learners practice how to fly in English.,학습자는 영어로 날다 방법을 연습한다.,미학습
대학 영어,swim,[동사] 수영하다,Learners practice how to swim in English.,학습자는 영어로 수영하다 방법을 연습한다.,미학습
대학 영어,draw,[동사] 그리다,Learners practice how to draw in English.,학습자는 영어로 그리다 방법을 연습한다.,미학습
대학 영어,paint,[동사] 칠하다,Learners practice how to paint in English.,학습자는 영어로 칠하다 방법을 연습한다.,미학습
대학 영어,sing,[동사] 노래하다,Learners practice how to sing in English.,학습자는 영어로 노래하다 방법을 연습한다.,미학습
대학 영어,dance,[동사] 춤추다,Learners practice how to dance in English.,학습자는 영어로 춤추다 방법을 연습한다.,미학습
대학 영어,laugh,[동사] 웃다,Learners practice how to laugh in English.,학습자는 영어로 웃다 방법을 연습한다.,미학습
대학 영어,cry,[동사] 울다,Learners practice how to cry in English.,학습자는 영어로 울다 방법을 연습한다.,미학습
대학 영어,wait,[동사] 기다리다,Learners practice how to wait in English.,학습자는 영어로 기다리다 방법을 연습한다.,미학습
대학 영어,rest,[동사] 쉬다,Learners practice how to rest in English.,학습자는 영어로 쉬다 방법을 연습한다.,미학습
대학 영어,small,[형용사] 작은,The situation is small.,그 상황은 작은 상태이다.,미학습
대학 영어,large,[형용사] 큰,The situation is large.,그 상황은 큰 상태이다.,미학습
대학 영어,young,[형용사] 어린,The situation is young.,그 상황은 어린 상태이다.,미학습
대학 영어,old,[형용사] 나이든,The situation is old.,그 상황은 나이든 상태이다.,미학습
대학 영어,new,[형용사] 새로운,The situation is new.,그 상황은 새로운 상태이다.,미학습
대학 영어,early,[형용사] 이른,The situation is early.,그 상황은 이른 상태이다.,미학습
대학 영어,late,[형용사] 늦은,The situation is late.,그 상황은 늦은 상태이다.,미학습
대학 영어,good,[형용사] 좋은,The situation is good.,그 상황은 좋은 상태이다.,미학습
대학 영어,bad,[형용사] 나쁜,The situation is bad.,그 상황은 나쁜 상태이다.,미학습
대학 영어,wrong,[형용사] 틀린,The situation is wrong.,그 상황은 틀린 상태이다.,미학습
대학 영어,easy,[형용사] 쉬운,The situation is easy.,그 상황은 쉬운 상태이다.,미학습
대학 영어,hard,[형용사] 어려운,The situation is hard.,그 상황은 어려운 상태이다.,미학습
대학 영어,simple,[형용사] 단순한,The situation is simple.,그 상황은 단순한 상태이다.,미학습
대학 영어,clear,[형용사] 명확한,The situation is clear.,그 상황은 명확한 상태이다.,미학습
대학 영어,dark,[형용사] 어두운,The situation is dark.,그 상황은 어두운 상태이다.,미학습
대학 영어,bright,[형용사] 밝은,The situation is bright.,그 상황은 밝은 상태이다.,미학습
대학 영어,hot,[형용사] 뜨거운,The situation is hot.,그 상황은 뜨거운 상태이다.,미학습
대학 영어,cold,[형용사] 차가운,The situation is cold.,그 상황은 차가운 상태이다.,미학습
대학 영어,warm,[형용사] 따뜻한,The situation is warm.,그 상황은 따뜻한 상태이다.,미학습
대학 영어,cool,[형용사] 시원한,The situation is cool.,그 상황은 시원한 상태이다.,미학습
대학 영어,fast,[형용사] 빠른,The situation is fast.,그 상황은 빠른 상태이다.,미학습
대학 영어,slow,[형용사] 느린,The situation is slow.,그 상황은 느린 상태이다.,미학습
대학 영어,high,[형용사] 높은,The situation is high.,그 상황은 높은 상태이다.,미학습
대학 영어,low,[형용사] 낮은,The situation is low.,그 상황은 낮은 상태이다.,미학습
대학 영어,short,[형용사] 짧은,The situation is short.,그 상황은 짧은 상태이다.,미학습
대학 영어,long,[형용사] 긴,The situation is long.,그 상황은 긴 상태이다.,미학습
대학 영어,strong,[형용사] 강한,The situation is strong.,그 상황은 강한 상태이다.,미학습
대학 영어,weak,[형용사] 약한,The situation is weak.,그 상황은 약한 상태이다.,미학습
대학 영어,clean,[형용사] 깨끗한,The situation is clean.,그 상황은 깨끗한 상태이다.,미학습
대학 영어,dirty,[형용사] 더러운,The situation is dirty.,그 상황은 더러운 상태이다.,미학습
대학 영어,safe,[형용사] 안전한,The situation is safe.,그 상황은 안전한 상태이다.,미학습
대학 영어,dangerous,[형용사] 위험한,The situation is dangerous.,그 상황은 위험한 상태이다.,미학습
대학 영어,healthy,[형용사] 건강한,The situation is healthy.,그 상황은 건강한 상태이다.,미학습
대학 영어,sick,[형용사] 아픈,The situation is sick.,그 상황은 아픈 상태이다.,미학습
대학 영어,happy,[형용사] 행복한,The situation is happy.,그 상황은 행복한 상태이다.,미학습
대학 영어,sad,[형용사] 슬픈,The situation is sad.,그 상황은 슬픈 상태이다.,미학습
대학 영어,angry,[형용사] 화난,The situation is angry.,그 상황은 화난 상태이다.,미학습
대학 영어,afraid,[형용사] 두려운,The situation is afraid.,그 상황은 두려운 상태이다.,미학습
대학 영어,busy,[형용사] 바쁜,The situation is busy.,그 상황은 바쁜 상태이다.,미학습
대학 영어,free,[형용사] 자유로운,The situation is free.,그 상황은 자유로운 상태이다.,미학습
대학 영어,ready,[형용사] 준비된,The situation is ready.,그 상황은 준비된 상태이다.,미학습
대학 영어,able,[형용사] 할 수 있는,The situation is able.,그 상황은 할 수 있는 상태이다.,미학습
대학 영어,polite,[형용사] 공손한,The situation is polite.,그 상황은 공손한 상태이다.,미학습
대학 영어,quiet,[형용사] 조용한,The situation is quiet.,그 상황은 조용한 상태이다.,미학습
대학 영어,loud,[형용사] 시끄러운,The situation is loud.,그 상황은 시끄러운 상태이다.,미학습
대학 영어,rich,[형용사] 부유한,The situation is rich.,그 상황은 부유한 상태이다.,미학습
대학 영어,poor,[형용사] 가난한,The situation is poor.,그 상황은 가난한 상태이다.,미학습
대학 영어,full,[형용사] 가득 찬,The situation is full.,그 상황은 가득 찬 상태이다.,미학습
대학 영어,empty,[형용사] 빈,The situation is empty.,그 상황은 빈 상태이다.,미학습
대학 영어,heavy,[형용사] 무거운,The situation is heavy.,그 상황은 무거운 상태이다.,미학습
대학 영어,beautiful,[형용사] 아름다운,The situation is beautiful.,그 상황은 아름다운 상태이다.,미학습
대학 영어,ugly,[형용사] 못생긴,The situation is ugly.,그 상황은 못생긴 상태이다.,미학습
대학 영어,important,[형용사] 중요한,The situation is important.,그 상황은 중요한 상태이다.,미학습
대학 영어,useful,[형용사] 유용한,The situation is useful.,그 상황은 유용한 상태이다.,미학습
대학 영어,special,[형용사] 특별한,The situation is special.,그 상황은 특별한 상태이다.,미학습
대학 영어,common,[형용사] 흔한,The situation is common.,그 상황은 흔한 상태이다.,미학습
대학 영어,private,[형용사] 사적인,The situation is private.,그 상황은 사적인 상태이다.,미학습
대학 영어,local,[형용사] 지역의,The situation is local.,그 상황은 지역의 상태이다.,미학습
대학 영어,global,[형용사] 세계적인,The situation is global.,그 상황은 세계적인 상태이다.,미학습
대학 영어,basic,[형용사] 기본적인,The situation is basic.,그 상황은 기본적인 상태이다.,미학습
대학 영어,advanced,[형용사] 고급의,The situation is advanced.,그 상황은 고급의 상태이다.,미학습
대학 영어,natural,[형용사] 자연의,The situation is natural.,그 상황은 자연의 상태이다.,미학습
대학 영어,modern,[형용사] 현대의,The situation is modern.,그 상황은 현대의 상태이다.,미학습
대학 영어,quick,[형용사] 빠른,The situation is quick.,그 상황은 빠른 상태이다.,미학습
대학 영어,careful,[형용사] 주의 깊은,The situation is careful.,그 상황은 주의 깊은 상태이다.,미학습
대학 영어,possible,[형용사] 가능한,The situation is possible.,그 상황은 가능한 상태이다.,미학습
대학 영어,main,[형용사] 주요한,The situation is main.,그 상황은 주요한 상태이다.,미학습
대학 영어,final,[형용사] 최종의,The situation is final.,그 상황은 최종의 상태이다.,미학습
대학 영어,daily,[형용사] 매일의,The situation is daily.,그 상황은 매일의 상태이다.,미학습
대학 영어,weekly,[형용사] 매주의,The situation is weekly.,그 상황은 매주의 상태이다.,미학습
대학 영어,monthly,[형용사] 매월의,The situation is monthly.,그 상황은 매월의 상태이다.,미학습
대학 영어,accurate,[형용사] 정확한,The situation is accurate.,그 상황은 정확한 상태이다.,학습 중
대학 영어,active,[형용사] 활동적인,The situation is active.,그 상황은 활동적인 상태이다.,미학습
대학 영어,calm,[형용사] 차분한,The situation is calm.,그 상황은 차분한 상태이다.,미학습
대학 영어,eager,[형용사] 열망하는,The situation is eager.,그 상황은 열망하는 상태이다.,미학습
대학 영어,creative,[형용사] 창의적인,The situation is creative.,그 상황은 창의적인 상태이다.,미학습
대학 영어,usually,[부사] 보통,She worked usually today.,그녀는 오늘 보통 일했다.,미학습
대학 영어,often,[부사] 자주,She worked often today.,그녀는 오늘 자주 일했다.,미학습
대학 영어,always,[부사] 항상,She worked always today.,그녀는 오늘 항상 일했다.,미학습
대학 영어,never,[부사] 결코,She worked never today.,그녀는 오늘 결코 일했다.,미학습
대학 영어,sometimes,[부사] 가끔,She worked sometimes today.,그녀는 오늘 가끔 일했다.,미학습
대학 영어,quickly,[부사] 빨리,She worked quickly today.,그녀는 오늘 빨리 일했다.,미학습
대학 영어,slowly,[부사] 천천히,She worked slowly today.,그녀는 오늘 천천히 일했다.,미학습
대학 영어,carefully,[부사] 조심스럽게,She worked carefully today.,그녀는 오늘 조심스럽게 일했다.,미학습
대학 영어,clearly,[부사] 명확하게,She worked clearly today.,그녀는 오늘 명확하게 일했다.,미학습
대학 영어,easily,[부사] 쉽게,She worked easily today.,그녀는 오늘 쉽게 일했다.,미학습
기초 필수 영단어,apple,[명사] 사과,We talked about apple during the lesson.,우리는 수업 중 사과에 대해 이야기했다.,미학습
기초 필수 영단어,banana,[명사] 바나나,We talked about banana during the lesson.,우리는 수업 중 바나나에 대해 이야기했다.,미학습
기초 필수 영단어,orange,[명사] 오렌지,We talked about orange during the lesson.,우리는 수업 중 오렌지에 대해 이야기했다.,미학습
기초 필수 영단어,grape,[명사] 포도,We talked about grape during the lesson.,우리는 수업 중 포도에 대해 이야기했다.,미학습
기초 필수 영단어,lemon,[명사] 레몬,We talked about lemon during the lesson.,우리는 수업 중 레몬에 대해 이야기했다.,미학습
기초 필수 영단어,peach,[명사] 복숭아,We talked about peach during the lesson.,우리는 수업 중 복숭아에 대해 이야기했다.,미학습
기초 필수 영단어,pear,[명사] 배,We talked about pear during the lesson.,우리는 수업 중 배에 대해 이야기했다.,미학습
기초 필수 영단어,melon,[명사] 멜론,We talked about melon during the lesson.,우리는 수업 중 멜론에 대해 이야기했다.,미학습
기초 필수 영단어,berry,[명사] 베리,We talked about berry during the lesson.,우리는 수업 중 베리에 대해 이야기했다.,미학습
기초 필수 영단어,mango,[명사] 망고,We talked about mango during the lesson.,우리는 수업 중 망고에 대해 이야기했다.,미학습
기초 필수 영단어,bread,[명사] 빵,We talked about bread during the lesson.,우리는 수업 중 빵에 대해 이야기했다.,미학습
기초 필수 영단어,rice,[명사] 쌀밥,We talked about rice during the lesson.,우리는 수업 중 쌀밥에 대해 이야기했다.,미학습
기초 필수 영단어,water,[명사] 물,We talked about water during the lesson.,우리는 수업 중 물에 대해 이야기했다.,미학습
기초 필수 영단어,milk,[명사] 우유,We talked about milk during the lesson.,우리는 수업 중 우유에 대해 이야기했다.,미학습
기초 필수 영단어,juice,[명사] 주스,We talked about juice during the lesson.,우리는 수업 중 주스에 대해 이야기했다.,미학습
기초 필수 영단어,coffee,[명사] 커피,We talked about coffee during the lesson.,우리는 수업 중 커피에 대해 이야기했다.,미학습
기초 필수 영단어,tea,[명사] 차,We talked about tea during the lesson.,우리는 수업 중 차에 대해 이야기했다.,미학습
기초 필수 영단어,salt,[명사] 소금,We talked about salt during the lesson.,우리는 수업 중 소금에 대해 이야기했다.,미학습
기초 필수 영단어,sugar,[명사] 설탕,We talked about sugar during the lesson.,우리는 수업 중 설탕에 대해 이야기했다.,미학습
기초 필수 영단어,honey,[명사] 꿀,We talked about honey during the lesson.,우리는 수업 중 꿀에 대해 이야기했다.,미학습
기초 필수 영단어,egg,[명사] 달걀,We talked about egg during the lesson.,우리는 수업 중 달걀에 대해 이야기했다.,미학습
기초 필수 영단어,meat,[명사] 고기,We talked about meat during the lesson.,우리는 수업 중 고기에 대해 이야기했다.,미학습
기초 필수 영단어,fish,[명사] 생선,We talked about fish during the lesson.,우리는 수업 중 생선에 대해 이야기했다.,미학습
기초 필수 영단어,cheese,[명사] 치즈,We talked about cheese during the lesson.,우리는 수업 중 치즈에 대해 이야기했다.,미학습
기초 필수 영단어,soup,[명사] 수프,We talked about soup during the lesson.,우리는 수업 중 수프에 대해 이야기했다.,미학습
기초 필수 영단어,salad,[명사] 샐러드,We talked about salad during the lesson.,우리는 수업 중 샐러드에 대해 이야기했다.,미학습
기초 필수 영단어,meal,[명사] 식사,We talked about meal during the lesson.,우리는 수업 중 식사에 대해 이야기했다.,미학습
기초 필수 영단어,breakfast,[명사] 아침식사,We talked about breakfast during the lesson.,우리는 수업 중 아침식사에 대해 이야기했다.,미학습
기초 필수 영단어,lunch,[명사] 점심식사,We talked about lunch during the lesson.,우리는 수업 중 점심식사에 대해 이야기했다.,미학습
기초 필수 영단어,dinner,[명사] 저녁식사,We talked about dinner during the lesson.,우리는 수업 중 저녁식사에 대해 이야기했다.,미학습
기초 필수 영단어,family,[명사] 가족,We talked about family during the lesson.,우리는 수업 중 가족에 대해 이야기했다.,미학습
기초 필수 영단어,parent,[명사] 부모,We talked about parent during the lesson.,우리는 수업 중 부모에 대해 이야기했다.,미학습
기초 필수 영단어,child,[명사] 아이,We talked about child during the lesson.,우리는 수업 중 아이에 대해 이야기했다.,미학습
기초 필수 영단어,friend,[명사] 친구,We talked about friend during the lesson.,우리는 수업 중 친구에 대해 이야기했다.,미학습
기초 필수 영단어,teacher,[명사] 교사,We talked about teacher during the lesson.,우리는 수업 중 교사에 대해 이야기했다.,미학습
기초 필수 영단어,student,[명사] 학생,We talked about student during the lesson.,우리는 수업 중 학생에 대해 이야기했다.,미학습
기초 필수 영단어,school,[명사] 학교,We talked about school during the lesson.,우리는 수업 중 학교에 대해 이야기했다.,미학습
기초 필수 영단어,class,[명사] 수업,We talked about class during the lesson.,우리는 수업 중 수업에 대해 이야기했다.,미학습
기초 필수 영단어,lesson,[명사] 과목,We talked about lesson during the lesson.,우리는 수업 중 과목에 대해 이야기했다.,미학습
기초 필수 영단어,book,[명사] 책,We talked about book during the lesson.,우리는 수업 중 책에 대해 이야기했다.,미학습
기초 필수 영단어,page,[명사] 쪽,We talked about page during the lesson.,우리는 수업 중 쪽에 대해 이야기했다.,미학습
기초 필수 영단어,paper,[명사] 종이,We talked about paper during the lesson.,우리는 수업 중 종이에 대해 이야기했다.,미학습
기초 필수 영단어,pen,[명사] 펜,We talked about pen during the lesson.,우리는 수업 중 펜에 대해 이야기했다.,미학습
기초 필수 영단어,pencil,[명사] 연필,We talked about pencil during the lesson.,우리는 수업 중 연필에 대해 이야기했다.,미학습
기초 필수 영단어,desk,[명사] 책상,We talked about desk during the lesson.,우리는 수업 중 책상에 대해 이야기했다.,미학습
기초 필수 영단어,chair,[명사] 의자,We talked about chair during the lesson.,우리는 수업 중 의자에 대해 이야기했다.,미학습
기초 필수 영단어,table,[명사] 탁자,We talked about table during the lesson.,우리는 수업 중 탁자에 대해 이야기했다.,미학습
기초 필수 영단어,door,[명사] 문,We talked about door during the lesson.,우리는 수업 중 문에 대해 이야기했다.,미학습
기초 필수 영단어,window,[명사] 창문,We talked about window during the lesson.,우리는 수업 중 창문에 대해 이야기했다.,미학습
기초 필수 영단어,room,[명사] 방,We talked about room during the lesson.,우리는 수업 중 방에 대해 이야기했다.,미학습
기초 필수 영단어,house,[명사] 집,We talked about house during the lesson.,우리는 수업 중 집에 대해 이야기했다.,미학습
기초 필수 영단어,home,[명사] 가정,We talked about home during the lesson.,우리는 수업 중 가정에 대해 이야기했다.,미학습
기초 필수 영단어,kitchen,[명사] 부엌,We talked about kitchen during the lesson.,우리는 수업 중 부엌에 대해 이야기했다.,미학습
기초 필수 영단어,bathroom,[명사] 욕실,We talked about bathroom during the lesson.,우리는 수업 중 욕실에 대해 이야기했다.,미학습
기초 필수 영단어,bedroom,[명사] 침실,We talked about bedroom during the lesson.,우리는 수업 중 침실에 대해 이야기했다.,미학습
기초 필수 영단어,garden,[명사] 정원,We talked about garden during the lesson.,우리는 수업 중 정원에 대해 이야기했다.,미학습
기초 필수 영단어,street,[명사] 거리,We talked about street during the lesson.,우리는 수업 중 거리에 대해 이야기했다.,미학습
기초 필수 영단어,road,[명사] 도로,We talked about road during the lesson.,우리는 수업 중 도로에 대해 이야기했다.,미학습
기초 필수 영단어,city,[명사] 도시,We talked about city during the lesson.,우리는 수업 중 도시에 대해 이야기했다.,미학습
기초 필수 영단어,town,[명사] 마을,We talked about town during the lesson.,우리는 수업 중 마을에 대해 이야기했다.,미학습
기초 필수 영단어,village,[명사] 촌락,We talked about village during the lesson.,우리는 수업 중 촌락에 대해 이야기했다.,미학습
기초 필수 영단어,country,[명사] 나라,We talked about country during the lesson.,우리는 수업 중 나라에 대해 이야기했다.,미학습
기초 필수 영단어,earth,[명사] 지구,We talked about earth during the lesson.,우리는 수업 중 지구에 대해 이야기했다.,미학습
기초 필수 영단어,sky,[명사] 하늘,We talked about sky during the lesson.,우리는 수업 중 하늘에 대해 이야기했다.,미학습
기초 필수 영단어,sun,[명사] 태양,We talked about sun during the lesson.,우리는 수업 중 태양에 대해 이야기했다.,미학습
기초 필수 영단어,moon,[명사] 달,We talked about moon during the lesson.,우리는 수업 중 달에 대해 이야기했다.,미학습
기초 필수 영단어,star,[명사] 별,We talked about star during the lesson.,우리는 수업 중 별에 대해 이야기했다.,미학습
기초 필수 영단어,cloud,[명사] 구름,We talked about cloud during the lesson.,우리는 수업 중 구름에 대해 이야기했다.,미학습
기초 필수 영단어,rain,[명사] 비,We talked about rain during the lesson.,우리는 수업 중 비에 대해 이야기했다.,미학습
기초 필수 영단어,snow,[명사] 눈,We talked about snow during the lesson.,우리는 수업 중 눈에 대해 이야기했다.,미학습
기초 필수 영단어,wind,[명사] 바람,We talked about wind during the lesson.,우리는 수업 중 바람에 대해 이야기했다.,미학습
기초 필수 영단어,fire,[명사] 불,We talked about fire during the lesson.,우리는 수업 중 불에 대해 이야기했다.,미학습
기초 필수 영단어,tree,[명사] 나무,We talked about tree during the lesson.,우리는 수업 중 나무에 대해 이야기했다.,미학습
기초 필수 영단어,flower,[명사] 꽃,We talked about flower during the lesson.,우리는 수업 중 꽃에 대해 이야기했다.,미학습
기초 필수 영단어,grass,[명사] 풀,We talked about grass during the lesson.,우리는 수업 중 풀에 대해 이야기했다.,미학습
기초 필수 영단어,river,[명사] 강,We talked about river during the lesson.,우리는 수업 중 강에 대해 이야기했다.,미학습
기초 필수 영단어,lake,[명사] 호수,We talked about lake during the lesson.,우리는 수업 중 호수에 대해 이야기했다.,미학습
기초 필수 영단어,sea,[명사] 바다,We talked about sea during the lesson.,우리는 수업 중 바다에 대해 이야기했다.,미학습
기초 필수 영단어,mountain,[명사] 산,We talked about mountain during the lesson.,우리는 수업 중 산에 대해 이야기했다.,미학습
기초 필수 영단어,forest,[명사] 숲,We talked about forest during the lesson.,우리는 수업 중 숲에 대해 이야기했다.,미학습
기초 필수 영단어,field,[명사] 들판,We talked about field during the lesson.,우리는 수업 중 들판에 대해 이야기했다.,미학습
기초 필수 영단어,animal,[명사] 동물,We talked about animal during the lesson.,우리는 수업 중 동물에 대해 이야기했다.,미학습
기초 필수 영단어,bird,[명사] 새,We talked about bird during the lesson.,우리는 수업 중 새에 대해 이야기했다.,미학습
기초 필수 영단어,cat,[명사] 고양이,We talked about cat during the lesson.,우리는 수업 중 고양이에 대해 이야기했다.,미학습
기초 필수 영단어,dog,[명사] 개,We talked about dog during the lesson.,우리는 수업 중 개에 대해 이야기했다.,미학습
기초 필수 영단어,horse,[명사] 말,We talked about horse during the lesson.,우리는 수업 중 말에 대해 이야기했다.,미학습
기초 필수 영단어,cow,[명사] 소,We talked about cow during the lesson.,우리는 수업 중 소에 대해 이야기했다.,미학습
기초 필수 영단어,sheep,[명사] 양,We talked about sheep during the lesson.,우리는 수업 중 양에 대해 이야기했다.,미학습
기초 필수 영단어,rabbit,[명사] 토끼,We talked about rabbit during the lesson.,우리는 수업 중 토끼에 대해 이야기했다.,미학습
기초 필수 영단어,mouse,[명사] 쥐,We talked about mouse during the lesson.,우리는 수업 중 쥐에 대해 이야기했다.,미학습
기초 필수 영단어,bear,[명사] 곰,We talked about bear during the lesson.,우리는 수업 중 곰에 대해 이야기했다.,미학습
기초 필수 영단어,lion,[명사] 사자,We talked about lion during the lesson.,우리는 수업 중 사자에 대해 이야기했다.,미학습
기초 필수 영단어,tiger,[명사] 호랑이,We talked about tiger during the lesson.,우리는 수업 중 호랑이에 대해 이야기했다.,미학습
기초 필수 영단어,elephant,[명사] 코끼리,We talked about elephant during the lesson.,우리는 수업 중 코끼리에 대해 이야기했다.,미학습
기초 필수 영단어,monkey,[명사] 원숭이,We talked about monkey during the lesson.,우리는 수업 중 원숭이에 대해 이야기했다.,미학습
기초 필수 영단어,body,[명사] 몸,We talked about body during the lesson.,우리는 수업 중 몸에 대해 이야기했다.,미학습
기초 필수 영단어,head,[명사] 머리,We talked about head during the lesson.,우리는 수업 중 머리에 대해 이야기했다.,미학습
기초 필수 영단어,face,[명사] 얼굴,We talked about face during the lesson.,우리는 수업 중 얼굴에 대해 이야기했다.,미학습
기초 필수 영단어,eye,[명사] 눈,We talked about eye during the lesson.,우리는 수업 중 눈에 대해 이야기했다.,미학습
기초 필수 영단어,ear,[명사] 귀,We talked about ear during the lesson.,우리는 수업 중 귀에 대해 이야기했다.,미학습
기초 필수 영단어,nose,[명사] 코,We talked about nose during the lesson.,우리는 수업 중 코에 대해 이야기했다.,미학습
기초 필수 영단어,mouth,[명사] 입,We talked about mouth during the lesson.,우리는 수업 중 입에 대해 이야기했다.,미학습
기초 필수 영단어,tooth,[명사] 이,We talked about tooth during the lesson.,우리는 수업 중 이에 대해 이야기했다.,미학습
기초 필수 영단어,hand,[명사] 손,We talked about hand during the lesson.,우리는 수업 중 손에 대해 이야기했다.,미학습
기초 필수 영단어,arm,[명사] 팔,We talked about arm during the lesson.,우리는 수업 중 팔에 대해 이야기했다.,미학습
기초 필수 영단어,leg,[명사] 다리,We talked about leg during the lesson.,우리는 수업 중 다리에 대해 이야기했다.,미학습
기초 필수 영단어,foot,[명사] 발,We talked about foot during the lesson.,우리는 수업 중 발에 대해 이야기했다.,미학습
기초 필수 영단어,heart,[명사] 심장,We talked about heart during the lesson.,우리는 수업 중 심장에 대해 이야기했다.,미학습
기초 필수 영단어,mind,[명사] 마음,We talked about mind during the lesson.,우리는 수업 중 마음에 대해 이야기했다.,미학습
기초 필수 영단어,name,[명사] 이름,We talked about name during the lesson.,우리는 수업 중 이름에 대해 이야기했다.,미학습
기초 필수 영단어,number,[명사] 숫자,We talked about number during the lesson.,우리는 수업 중 숫자에 대해 이야기했다.,미학습
기초 필수 영단어,color,[명사] 색,We talked about color during the lesson.,우리는 수업 중 색에 대해 이야기했다.,미학습
기초 필수 영단어,sound,[명사] 소리,We talked about sound during the lesson.,우리는 수업 중 소리에 대해 이야기했다.,미학습
기초 필수 영단어,voice,[명사] 목소리,We talked about voice during the lesson.,우리는 수업 중 목소리에 대해 이야기했다.,미학습
기초 필수 영단어,music,[명사] 음악,We talked about music during the lesson.,우리는 수업 중 음악에 대해 이야기했다.,미학습
기초 필수 영단어,song,[명사] 노래,We talked about song during the lesson.,우리는 수업 중 노래에 대해 이야기했다.,미학습
기초 필수 영단어,picture,[명사] 그림,We talked about picture during the lesson.,우리는 수업 중 그림에 대해 이야기했다.,미학습
기초 필수 영단어,photo,[명사] 사진,We talked about photo during the lesson.,우리는 수업 중 사진에 대해 이야기했다.,미학습
기초 필수 영단어,movie,[명사] 영화,We talked about movie during the lesson.,우리는 수업 중 영화에 대해 이야기했다.,미학습
기초 필수 영단어,sport,[명사] 운동경기,We talked about sport during the lesson.,우리는 수업 중 운동경기에 대해 이야기했다.,미학습
기초 필수 영단어,ball,[명사] 공,We talked about ball during the lesson.,우리는 수업 중 공에 대해 이야기했다.,미학습
기초 필수 영단어,team,[명사] 팀,We talked about team during the lesson.,우리는 수업 중 팀에 대해 이야기했다.,미학습
기초 필수 영단어,player,[명사] 선수,We talked about player during the lesson.,우리는 수업 중 선수에 대해 이야기했다.,미학습
기초 필수 영단어,market,[명사] 시장,We talked about market during the lesson.,우리는 수업 중 시장에 대해 이야기했다.,미학습
기초 필수 영단어,shop,[명사] 가게,We talked about shop during the lesson.,우리는 수업 중 가게에 대해 이야기했다.,미학습
기초 필수 영단어,store,[명사] 상점,We talked about store during the lesson.,우리는 수업 중 상점에 대해 이야기했다.,미학습
기초 필수 영단어,money,[명사] 돈,We talked about money during the lesson.,우리는 수업 중 돈에 대해 이야기했다.,미학습
기초 필수 영단어,price,[명사] 가격,We talked about price during the lesson.,우리는 수업 중 가격에 대해 이야기했다.,미학습
기초 필수 영단어,cost,[명사] 비용,We talked about cost during the lesson.,우리는 수업 중 비용에 대해 이야기했다.,미학습
기초 필수 영단어,gift,[명사] 선물,We talked about gift during the lesson.,우리는 수업 중 선물에 대해 이야기했다.,미학습
기초 필수 영단어,bag,[명사] 가방,We talked about bag during the lesson.,우리는 수업 중 가방에 대해 이야기했다.,미학습
기초 필수 영단어,box,[명사] 상자,We talked about box during the lesson.,우리는 수업 중 상자에 대해 이야기했다.,미학습
기초 필수 영단어,key,[명사] 열쇠,We talked about key during the lesson.,우리는 수업 중 열쇠에 대해 이야기했다.,미학습
기초 필수 영단어,phone,[명사] 전화,We talked about phone during the lesson.,우리는 수업 중 전화에 대해 이야기했다.,미학습
기초 필수 영단어,computer,[명사] 컴퓨터,We talked about computer during the lesson.,우리는 수업 중 컴퓨터에 대해 이야기했다.,미학습
기초 필수 영단어,screen,[명사] 화면,We talked about screen during the lesson.,우리는 수업 중 화면에 대해 이야기했다.,미학습
기초 필수 영단어,camera,[명사] 카메라,We talked about camera during the lesson.,우리는 수업 중 카메라에 대해 이야기했다.,미학습
기초 필수 영단어,radio,[명사] 라디오,We talked about radio during the lesson.,우리는 수업 중 라디오에 대해 이야기했다.,미학습
기초 필수 영단어,clock,[명사] 시계,We talked about clock during the lesson.,우리는 수업 중 시계에 대해 이야기했다.,미학습
기초 필수 영단어,car,[명사] 자동차,We talked about car during the lesson.,우리는 수업 중 자동차에 대해 이야기했다.,미학습
기초 필수 영단어,bus,[명사] 버스,We talked about bus during the lesson.,우리는 수업 중 버스에 대해 이야기했다.,미학습
기초 필수 영단어,train,[명사] 기차,We talked about train during the lesson.,우리는 수업 중 기차에 대해 이야기했다.,미학습
기초 필수 영단어,plane,[명사] 비행기,We talked about plane during the lesson.,우리는 수업 중 비행기에 대해 이야기했다.,미학습
기초 필수 영단어,ship,[명사] 배,We talked about ship during the lesson.,우리는 수업 중 배에 대해 이야기했다.,미학습
기초 필수 영단어,bike,[명사] 자전거,We talked about bike during the lesson.,우리는 수업 중 자전거에 대해 이야기했다.,미학습
기초 필수 영단어,station,[명사] 역,We talked about station during the lesson.,우리는 수업 중 역에 대해 이야기했다.,미학습
기초 필수 영단어,airport,[명사] 공항,We talked about airport during the lesson.,우리는 수업 중 공항에 대해 이야기했다.,미학습
기초 필수 영단어,hotel,[명사] 호텔,We talked about hotel during the lesson.,우리는 수업 중 호텔에 대해 이야기했다.,미학습
기초 필수 영단어,ticket,[명사] 표,We talked about ticket during the lesson.,우리는 수업 중 표에 대해 이야기했다.,미학습
기초 필수 영단어,passport,[명사] 여권,We talked about passport during the lesson.,우리는 수업 중 여권에 대해 이야기했다.,미학습
기초 필수 영단어,map,[명사] 지도,We talked about map during the lesson.,우리는 수업 중 지도에 대해 이야기했다.,미학습
기초 필수 영단어,trip,[명사] 여행,We talked about trip during the lesson.,우리는 수업 중 여행에 대해 이야기했다.,미학습
기초 필수 영단어,travel,[명사] 여행,We talked about travel during the lesson.,우리는 수업 중 여행에 대해 이야기했다.,미학습
기초 필수 영단어,vacation,[명사] 휴가,We talked about vacation during the lesson.,우리는 수업 중 휴가에 대해 이야기했다.,미학습
기초 필수 영단어,morning,[명사] 아침,We talked about morning during the lesson.,우리는 수업 중 아침에 대해 이야기했다.,미학습
기초 필수 영단어,afternoon,[명사] 오후,We talked about afternoon during the lesson.,우리는 수업 중 오후에 대해 이야기했다.,미학습
기초 필수 영단어,evening,[명사] 저녁,We talked about evening during the lesson.,우리는 수업 중 저녁에 대해 이야기했다.,미학습
기초 필수 영단어,night,[명사] 밤,We talked about night during the lesson.,우리는 수업 중 밤에 대해 이야기했다.,미학습
기초 필수 영단어,day,[명사] 날,We talked about day during the lesson.,우리는 수업 중 날에 대해 이야기했다.,미학습
기초 필수 영단어,week,[명사] 주,We talked about week during the lesson.,우리는 수업 중 주에 대해 이야기했다.,미학습
기초 필수 영단어,month,[명사] 달,We talked about month during the lesson.,우리는 수업 중 달에 대해 이야기했다.,미학습
기초 필수 영단어,year,[명사] 해,We talked about year during the lesson.,우리는 수업 중 해에 대해 이야기했다.,미학습
기초 필수 영단어,hour,[명사] 시간,We talked about hour during the lesson.,우리는 수업 중 시간에 대해 이야기했다.,미학습
기초 필수 영단어,minute,[명사] 분,We talked about minute during the lesson.,우리는 수업 중 분에 대해 이야기했다.,미학습
기초 필수 영단어,moment,[명사] 순간,We talked about moment during the lesson.,우리는 수업 중 순간에 대해 이야기했다.,미학습
기초 필수 영단어,job,[명사] 직업,We talked about job during the lesson.,우리는 수업 중 직업에 대해 이야기했다.,미학습
기초 필수 영단어,office,[명사] 사무실,We talked about office during the lesson.,우리는 수업 중 사무실에 대해 이야기했다.,미학습
기초 필수 영단어,company,[명사] 회사,We talked about company during the lesson.,우리는 수업 중 회사에 대해 이야기했다.,미학습
기초 필수 영단어,business,[명사] 사업,We talked about business during the lesson.,우리는 수업 중 사업에 대해 이야기했다.,미학습
기초 필수 영단어,project,[명사] 프로젝트,We talked about project during the lesson.,우리는 수업 중 프로젝트에 대해 이야기했다.,미학습
기초 필수 영단어,goal,[명사] 목표,We talked about goal during the lesson.,우리는 수업 중 목표에 대해 이야기했다.,미학습
기초 필수 영단어,idea,[명사] 생각,We talked about idea during the lesson.,우리는 수업 중 생각에 대해 이야기했다.,미학습
기초 필수 영단어,reason,[명사] 이유,We talked about reason during the lesson.,우리는 수업 중 이유에 대해 이야기했다.,미학습
기초 필수 영단어,answer,[명사] 답,We talked about answer during the lesson.,우리는 수업 중 답에 대해 이야기했다.,미학습
기초 필수 영단어,result,[명사] 결과,We talked about result during the lesson.,우리는 수업 중 결과에 대해 이야기했다.,미학습
기초 필수 영단어,choice,[명사] 선택,We talked about choice during the lesson.,우리는 수업 중 선택에 대해 이야기했다.,미학습
기초 필수 영단어,chance,[명사] 기회,We talked about chance during the lesson.,우리는 수업 중 기회에 대해 이야기했다.,미학습
기초 필수 영단어,growth,[명사] 성장,We talked about growth during the lesson.,우리는 수업 중 성장에 대해 이야기했다.,미학습
기초 필수 영단어,value,[명사] 가치,We talked about value during the lesson.,우리는 수업 중 가치에 대해 이야기했다.,미학습
기초 필수 영단어,quality,[명사] 품질,We talked about quality during the lesson.,우리는 수업 중 품질에 대해 이야기했다.,미학습
기초 필수 영단어,service,[명사] 서비스,We talked about service during the lesson.,우리는 수업 중 서비스에 대해 이야기했다.,미학습
기초 필수 영단어,product,[명사] 제품,We talked about product during the lesson.,우리는 수업 중 제품에 대해 이야기했다.,미학습
기초 필수 영단어,customer,[명사] 고객,We talked about customer during the lesson.,우리는 수업 중 고객에 대해 이야기했다.,미학습
기초 필수 영단어,client,[명사] 의뢰인,We talked about client during the lesson.,우리는 수업 중 의뢰인에 대해 이야기했다.,미학습
기초 필수 영단어,manager,[명사] 관리자,We talked about manager during the lesson.,우리는 수업 중 관리자에 대해 이야기했다.,미학습
기초 필수 영단어,leader,[명사] 지도자,We talked about leader during the lesson.,우리는 수업 중 지도자에 대해 이야기했다.,미학습
기초 필수 영단어,member,[명사] 구성원,We talked about member during the lesson.,우리는 수업 중 구성원에 대해 이야기했다.,미학습
기초 필수 영단어,staff,[명사] 직원,We talked about staff during the lesson.,우리는 수업 중 직원에 대해 이야기했다.,미학습
기초 필수 영단어,worker,[명사] 근로자,We talked about worker during the lesson.,우리는 수업 중 근로자에 대해 이야기했다.,미학습
기초 필수 영단어,skill,[명사] 기술,We talked about skill during the lesson.,우리는 수업 중 기술에 대해 이야기했다.,미학습
기초 필수 영단어,knowledge,[명사] 지식,We talked about knowledge during the lesson.,우리는 수업 중 지식에 대해 이야기했다.,미학습
기초 필수 영단어,study,[명사] 공부,We talked about study during the lesson.,우리는 수업 중 공부에 대해 이야기했다.,미학습
기초 필수 영단어,research,[명사] 연구,We talked about research during the lesson.,우리는 수업 중 연구에 대해 이야기했다.,미학습
기초 필수 영단어,science,[명사] 과학,We talked about science during the lesson.,우리는 수업 중 과학에 대해 이야기했다.,미학습
기초 필수 영단어,history,[명사] 역사,We talked about history during the lesson.,우리는 수업 중 역사에 대해 이야기했다.,미학습
기초 필수 영단어,art,[명사] 예술,We talked about art during the lesson.,우리는 수업 중 예술에 대해 이야기했다.,미학습
기초 필수 영단어,culture,[명사] 문화,We talked about culture during the lesson.,우리는 수업 중 문화에 대해 이야기했다.,미학습
기초 필수 영단어,language,[명사] 언어,We talked about language during the lesson.,우리는 수업 중 언어에 대해 이야기했다.,미학습
기초 필수 영단어,letter,[명사] 글자,We talked about letter during the lesson.,우리는 수업 중 글자에 대해 이야기했다.,미학습
기초 필수 영단어,word,[명사] 단어,We talked about word during the lesson.,우리는 수업 중 단어에 대해 이야기했다.,미학습
기초 필수 영단어,sentence,[명사] 문장,We talked about sentence during the lesson.,우리는 수업 중 문장에 대해 이야기했다.,미학습
기초 필수 영단어,news,[명사] 소식,We talked about news during the lesson.,우리는 수업 중 소식에 대해 이야기했다.,미학습
기초 필수 영단어,report,[명사] 보고서,We talked about report during the lesson.,우리는 수업 중 보고서에 대해 이야기했다.,미학습
기초 필수 영단어,document,[명사] 문서,We talked about document during the lesson.,우리는 수업 중 문서에 대해 이야기했다.,미학습
기초 필수 영단어,record,[명사] 기록,We talked about record during the lesson.,우리는 수업 중 기록에 대해 이야기했다.,미학습
기초 필수 영단어,system,[명사] 체계,We talked about system during the lesson.,우리는 수업 중 체계에 대해 이야기했다.,미학습
기초 필수 영단어,network,[명사] 망,We talked about network during the lesson.,우리는 수업 중 망에 대해 이야기했다.,미학습
기초 필수 영단어,website,[명사] 웹사이트,We talked about website during the lesson.,우리는 수업 중 웹사이트에 대해 이야기했다.,미학습
기초 필수 영단어,email,[명사] 이메일,We talked about email during the lesson.,우리는 수업 중 이메일에 대해 이야기했다.,미학습
기초 필수 영단어,message,[명사] 메시지,We talked about message during the lesson.,우리는 수업 중 메시지에 대해 이야기했다.,미학습
기초 필수 영단어,address,[명사] 주소,We talked about address during the lesson.,우리는 수업 중 주소에 대해 이야기했다.,미학습
기초 필수 영단어,bank,[명사] 은행,We talked about bank during the lesson.,우리는 수업 중 은행에 대해 이야기했다.,미학습
기초 필수 영단어,account,[명사] 계좌,We talked about account during the lesson.,우리는 수업 중 계좌에 대해 이야기했다.,미학습
기초 필수 영단어,budget,[명사] 예산,We talked about budget during the lesson.,우리는 수업 중 예산에 대해 이야기했다.,미학습
기초 필수 영단어,profit,[명사] 이익,We talked about profit during the lesson.,우리는 수업 중 이익에 대해 이야기했다.,미학습
기초 필수 영단어,loss,[명사] 손실,We talked about loss during the lesson.,우리는 수업 중 손실에 대해 이야기했다.,미학습
기초 필수 영단어,risk,[명사] 위험,We talked about risk during the lesson.,우리는 수업 중 위험에 대해 이야기했다.,미학습
기초 필수 영단어,safety,[명사] 안전,We talked about safety during the lesson.,우리는 수업 중 안전에 대해 이야기했다.,미학습
기초 필수 영단어,health,[명사] 건강,We talked about health during the lesson.,우리는 수업 중 건강에 대해 이야기했다.,미학습
기초 필수 영단어,care,[명사] 돌봄,We talked about care during the lesson.,우리는 수업 중 돌봄에 대해 이야기했다.,미학습
기초 필수 영단어,medicine,[명사] 약,We talked about medicine during the lesson.,우리는 수업 중 약에 대해 이야기했다.,미학습
기초 필수 영단어,hospital,[명사] 병원,We talked about hospital during the lesson.,우리는 수업 중 병원에 대해 이야기했다.,미학습
기초 필수 영단어,doctor,[명사] 의사,We talked about doctor during the lesson.,우리는 수업 중 의사에 대해 이야기했다.,미학습
기초 필수 영단어,nurse,[명사] 간호사,We talked about nurse during the lesson.,우리는 수업 중 간호사에 대해 이야기했다.,미학습
기초 필수 영단어,patient,[명사] 환자,We talked about patient during the lesson.,우리는 수업 중 환자에 대해 이야기했다.,미학습
기초 필수 영단어,energy,[명사] 에너지,We talked about energy during the lesson.,우리는 수업 중 에너지에 대해 이야기했다.,미학습
기초 필수 영단어,power,[명사] 힘,We talked about power during the lesson.,우리는 수업 중 힘에 대해 이야기했다.,미학습
기초 필수 영단어,heat,[명사] 열,We talked about heat during the lesson.,우리는 수업 중 열에 대해 이야기했다.,미학습
기초 필수 영단어,space,[명사] 공간,We talked about space during the lesson.,우리는 수업 중 공간에 대해 이야기했다.,미학습
기초 필수 영단어,area,[명사] 지역,We talked about area during the lesson.,우리는 수업 중 지역에 대해 이야기했다.,미학습
기초 필수 영단어,part,[명사] 부분,We talked about part during the lesson.,우리는 수업 중 부분에 대해 이야기했다.,미학습
기초 필수 영단어,side,[명사] 쪽,We talked about side during the lesson.,우리는 수업 중 쪽에 대해 이야기했다.,미학습
기초 필수 영단어,center,[명사] 중심,We talked about center during the lesson.,우리는 수업 중 중심에 대해 이야기했다.,미학습
기초 필수 영단어,edge,[명사] 가장자리,We talked about edge during the lesson.,우리는 수업 중 가장자리에 대해 이야기했다.,미학습
기초 필수 영단어,level,[명사] 수준,We talked about level during the lesson.,우리는 수업 중 수준에 대해 이야기했다.,미학습
기초 필수 영단어,degree,[명사] 정도,We talked about degree during the lesson.,우리는 수업 중 정도에 대해 이야기했다.,미학습
기초 필수 영단어,amount,[명사] 양,We talked about amount during the lesson.,우리는 수업 중 양에 대해 이야기했다.,미학습
기초 필수 영단어,rate,[명사] 비율,We talked about rate during the lesson.,우리는 수업 중 비율에 대해 이야기했다.,미학습
기초 필수 영단어,type,[명사] 유형,We talked about type during the lesson.,우리는 수업 중 유형에 대해 이야기했다.,미학습
기초 필수 영단어,form,[명사] 형태,We talked about form during the lesson.,우리는 수업 중 형태에 대해 이야기했다.,미학습
기초 필수 영단어,shape,[명사] 모양,We talked about shape during the lesson.,우리는 수업 중 모양에 대해 이야기했다.,미학습
기초 필수 영단어,size,[명사] 크기,We talked about size during the lesson.,우리는 수업 중 크기에 대해 이야기했다.,미학습
기초 필수 영단어,weight,[명사] 무게,We talked about weight during the lesson.,우리는 수업 중 무게에 대해 이야기했다.,미학습
기초 필수 영단어,speed,[명사] 속도,We talked about speed during the lesson.,우리는 수업 중 속도에 대해 이야기했다.,미학습
기초 필수 영단어,direction,[명사] 방향,We talked about direction during the lesson.,우리는 수업 중 방향에 대해 이야기했다.,미학습
기초 필수 영단어,position,[명사] 위치,We talked about position during the lesson.,우리는 수업 중 위치에 대해 이야기했다.,미학습
기초 필수 영단어,action,[명사] 행동,We talked about action during the lesson.,우리는 수업 중 행동에 대해 이야기했다.,미학습
기초 필수 영단어,activity,[명사] 활동,We talked about activity during the lesson.,우리는 수업 중 활동에 대해 이야기했다.,미학습
기초 필수 영단어,process,[명사] 과정,We talked about process during the lesson.,우리는 수업 중 과정에 대해 이야기했다.,미학습
기초 필수 영단어,method,[명사] 방법,We talked about method during the lesson.,우리는 수업 중 방법에 대해 이야기했다.,미학습
기초 필수 영단어,tool,[명사] 도구,We talked about tool during the lesson.,우리는 수업 중 도구에 대해 이야기했다.,미학습
기초 필수 영단어,machine,[명사] 기계,We talked about machine during the lesson.,우리는 수업 중 기계에 대해 이야기했다.,미학습
기초 필수 영단어,material,[명사] 재료,We talked about material during the lesson.,우리는 수업 중 재료에 대해 이야기했다.,미학습
기초 필수 영단어,resource,[명사] 자원,We talked about resource during the lesson.,우리는 수업 중 자원에 대해 이야기했다.,미학습
기초 필수 영단어,environment,[명사] 환경,We talked about environment during the lesson.,우리는 수업 중 환경에 대해 이야기했다.,미학습
기초 필수 영단어,weather,[명사] 날씨,We talked about weather during the lesson.,우리는 수업 중 날씨에 대해 이야기했다.,미학습
기초 필수 영단어,season,[명사] 계절,We talked about season during the lesson.,우리는 수업 중 계절에 대해 이야기했다.,미학습
기초 필수 영단어,spring,[명사] 봄,We talked about spring during the lesson.,우리는 수업 중 봄에 대해 이야기했다.,미학습
기초 필수 영단어,summer,[명사] 여름,We talked about summer during the lesson.,우리는 수업 중 여름에 대해 이야기했다.,미학습
기초 필수 영단어,autumn,[명사] 가을,We talked about autumn during the lesson.,우리는 수업 중 가을에 대해 이야기했다.,미학습
기초 필수 영단어,winter,[명사] 겨울,We talked about winter during the lesson.,우리는 수업 중 겨울에 대해 이야기했다.,미학습
기초 필수 영단어,law,[명사] 법,We talked about law during the lesson.,우리는 수업 중 법에 대해 이야기했다.,미학습
기초 필수 영단어,rule,[명사] 규칙,We talked about rule during the lesson.,우리는 수업 중 규칙에 대해 이야기했다.,미학습
기초 필수 영단어,duty,[명사] 의무,We talked about duty during the lesson.,우리는 수업 중 의무에 대해 이야기했다.,미학습
기초 필수 영단어,peace,[명사] 평화,We talked about peace during the lesson.,우리는 수업 중 평화에 대해 이야기했다.,미학습
기초 필수 영단어,war,[명사] 전쟁,We talked about war during the lesson.,우리는 수업 중 전쟁에 대해 이야기했다.,미학습
기초 필수 영단어,policy,[명사] 정책,We talked about policy during the lesson.,우리는 수업 중 정책에 대해 이야기했다.,미학습
기초 필수 영단어,society,[명사] 사회,We talked about society during the lesson.,우리는 수업 중 사회에 대해 이야기했다.,미학습
기초 필수 영단어,community,[명사] 공동체,We talked about community during the lesson.,우리는 수업 중 공동체에 대해 이야기했다.,미학습
기초 필수 영단어,group,[명사] 집단,We talked about group during the lesson.,우리는 수업 중 집단에 대해 이야기했다.,미학습
기초 필수 영단어,public,[명사] 대중,We talked about public during the lesson.,우리는 수업 중 대중에 대해 이야기했다.,미학습
기초 필수 영단어,marketplace,[명사] 시장,We talked about marketplace during the lesson.,우리는 수업 중 시장에 대해 이야기했다.,미학습
기초 필수 영단어,industry,[명사] 산업,We talked about industry during the lesson.,우리는 수업 중 산업에 대해 이야기했다.,미학습
기초 필수 영단어,technology,[명사] 기술,We talked about technology during the lesson.,우리는 수업 중 기술에 대해 이야기했다.,미학습
기초 필수 영단어,design,[명사] 설계,We talked about design during the lesson.,우리는 수업 중 설계에 대해 이야기했다.,미학습
기초 필수 영단어,model,[명사] 모형,We talked about model during the lesson.,우리는 수업 중 모형에 대해 이야기했다.,미학습
기초 필수 영단어,sample,[명사] 견본,We talked about sample during the lesson.,우리는 수업 중 견본에 대해 이야기했다.,미학습
기초 필수 영단어,image,[명사] 이미지,We talked about image during the lesson.,우리는 수업 중 이미지에 대해 이야기했다.,미학습
기초 필수 영단어,memory,[명사] 기억,We talked about memory during the lesson.,우리는 수업 중 기억에 대해 이야기했다.,미학습
기초 필수 영단어,dream,[명사] 꿈,We talked about dream during the lesson.,우리는 수업 중 꿈에 대해 이야기했다.,미학습
기초 필수 영단어,fear,[명사] 두려움,We talked about fear during the lesson.,우리는 수업 중 두려움에 대해 이야기했다.,미학습
기초 필수 영단어,love,[명사] 사랑,We talked about love during the lesson.,우리는 수업 중 사랑에 대해 이야기했다.,미학습
기초 필수 영단어,hate,[명사] 증오,We talked about hate during the lesson.,우리는 수업 중 증오에 대해 이야기했다.,미학습
기초 필수 영단어,joy,[명사] 기쁨,We talked about joy during the lesson.,우리는 수업 중 기쁨에 대해 이야기했다.,미학습
기초 필수 영단어,anger,[명사] 분노,We talked about anger during the lesson.,우리는 수업 중 분노에 대해 이야기했다.,미학습
기초 필수 영단어,sadness,[명사] 슬픔,We talked about sadness during the lesson.,우리는 수업 중 슬픔에 대해 이야기했다.,미학습
기초 필수 영단어,truth,[명사] 진실,We talked about truth during the lesson.,우리는 수업 중 진실에 대해 이야기했다.,미학습
기초 필수 영단어,fact,[명사] 사실,We talked about fact during the lesson.,우리는 수업 중 사실에 대해 이야기했다.,미학습
기초 필수 영단어,opinion,[명사] 의견,We talked about opinion during the lesson.,우리는 수업 중 의견에 대해 이야기했다.,미학습
기초 필수 영단어,advice,[명사] 조언,We talked about advice during the lesson.,우리는 수업 중 조언에 대해 이야기했다.,미학습
기초 필수 영단어,be,[동사] 이다,I want to be calm today.,나는 오늘 차분해지고 싶다.,미학습
기초 필수 영단어,have,[동사] 가지다,I have a clear goal today.,나는 오늘 명확한 목표를 가지고 있다.,미학습
기초 필수 영단어,do,[동사] 하다,We do the task together.,우리는 그 일을 함께 한다.,미학습
기초 필수 영단어,get,[동사] 얻다,I get help from a friend.,나는 친구에게서 도움을 얻는다.,미학습
기초 필수 영단어,see,[동사] 보다,Learners practice how to see in English.,학습자는 영어로 보다 방법을 연습한다.,미학습
기초 필수 영단어,look,[동사] 보다,Learners practice how to look in English.,학습자는 영어로 보다 방법을 연습한다.,미학습
기초 필수 영단어,listen,[동사] 듣다,Learners practice how to listen in English.,학습자는 영어로 듣다 방법을 연습한다.,미학습
기초 필수 영단어,speak,[동사] 말하다,Learners practice how to speak in English.,학습자는 영어로 말하다 방법을 연습한다.,미학습
기초 필수 영단어,ask,[동사] 묻다,Students ask a question in class.,학생들은 수업에서 질문을 한다.,미학습
기초 필수 영단어,read,[동사] 읽다,I read a book every night.,나는 매일 밤 책을 읽는다.,미학습
기초 필수 영단어,write,[동사] 쓰다,She will write a short letter.,그녀는 짧은 편지를 쓸 것이다.,미학습
기초 필수 영단어,teach,[동사] 가르치다,Learners practice how to teach in English.,학습자는 영어로 가르치다 방법을 연습한다.,미학습
기초 필수 영단어,feel,[동사] 느끼다,Learners practice how to feel in English.,학습자는 영어로 느끼다 방법을 연습한다.,미학습
기초 필수 영단어,understand,[동사] 이해하다,Learners practice how to understand in English.,학습자는 영어로 이해하다 방법을 연습한다.,미학습
기초 필수 영단어,like,[동사] 좋아하다,Learners practice how to like in English.,학습자는 영어로 좋아하다 방법을 연습한다.,미학습
기초 필수 영단어,play,[동사] 놀다,Learners practice how to play in English.,학습자는 영어로 놀다 방법을 연습한다.,미학습
기초 필수 영단어,run,[동사] 달리다,Learners practice how to run in English.,학습자는 영어로 달리다 방법을 연습한다.,미학습
기초 필수 영단어,walk,[동사] 걷다,Learners practice how to walk in English.,학습자는 영어로 걷다 방법을 연습한다.,미학습
기초 필수 영단어,stand,[동사] 서다,Learners practice how to stand in English.,학습자는 영어로 서다 방법을 연습한다.,미학습
기초 필수 영단어,sit,[동사] 앉다,Learners practice how to sit in English.,학습자는 영어로 앉다 방법을 연습한다.,미학습
기초 필수 영단어,sleep,[동사] 자다,Learners practice how to sleep in English.,학습자는 영어로 자다 방법을 연습한다.,미학습
기초 필수 영단어,wake,[동사] 깨다,Learners practice how to wake in English.,학습자는 영어로 깨다 방법을 연습한다.,미학습
기초 필수 영단어,eat,[동사] 먹다,We eat dinner at home.,우리는 집에서 저녁을 먹는다.,미학습
기초 필수 영단어,drink,[동사] 마시다,I drink water after exercise.,나는 운동 후에 물을 마신다.,미학습
기초 필수 영단어,buy,[동사] 사다,Learners practice how to buy in English.,학습자는 영어로 사다 방법을 연습한다.,미학습
기초 필수 영단어,sell,[동사] 팔다,Learners practice how to sell in English.,학습자는 영어로 팔다 방법을 연습한다.,미학습
기초 필수 영단어,pay,[동사] 지불하다,Learners practice how to pay in English.,학습자는 영어로 지불하다 방법을 연습한다.,미학습
기초 필수 영단어,send,[동사] 보내다,Learners practice how to send in English.,학습자는 영어로 보내다 방법을 연습한다.,미학습
기초 필수 영단어,open,[동사] 열다,Learners practice how to open in English.,학습자는 영어로 열다 방법을 연습한다.,미학습
기초 필수 영단어,lead,[동사] 이끌다,Learners practice how to lead in English.,학습자는 영어로 이끌다 방법을 연습한다.,미학습
기초 필수 영단어,join,[동사] 가입하다,Learners practice how to join in English.,학습자는 영어로 가입하다 방법을 연습한다.,미학습
기초 필수 영단어,arrive,[동사] 도착하다,Learners practice how to arrive in English.,학습자는 영어로 도착하다 방법을 연습한다.,미학습
기초 필수 영단어,call,[동사] 부르다,Learners practice how to call in English.,학습자는 영어로 부르다 방법을 연습한다.,미학습
기초 필수 영단어,contact,[동사] 연락하다,Learners practice how to contact in English.,학습자는 영어로 연락하다 방법을 연습한다.,미학습
기초 필수 영단어,check,[동사] 확인하다,Learners practice how to check in English.,학습자는 영어로 확인하다 방법을 연습한다.,미학습
기초 필수 영단어,develop,[동사] 개발하다,Learners practice how to develop in English.,학습자는 영어로 개발하다 방법을 연습한다.,미학습
기초 필수 영단어,improve,[동사] 개선하다,Learners practice how to improve in English.,학습자는 영어로 개선하다 방법을 연습한다.,미학습
기초 필수 영단어,reduce,[동사] 줄이다,Learners practice how to reduce in English.,학습자는 영어로 줄이다 방법을 연습한다.,미학습
기초 필수 영단어,increase,[동사] 증가시키다,Learners practice how to increase in English.,학습자는 영어로 증가시키다 방법을 연습한다.,미학습
기초 필수 영단어,compare,[동사] 비교하다,Learners practice how to compare in English.,학습자는 영어로 비교하다 방법을 연습한다.,미학습
기초 필수 영단어,describe,[동사] 묘사하다,Learners practice how to describe in English.,학습자는 영어로 묘사하다 방법을 연습한다.,미학습
기초 필수 영단어,discuss,[동사] 논의하다,Learners practice how to discuss in English.,학습자는 영어로 논의하다 방법을 연습한다.,미학습
기초 필수 영단어,manage,[동사] 관리하다,Learners practice how to manage in English.,학습자는 영어로 관리하다 방법을 연습한다.,미학습
기초 필수 영단어,protect,[동사] 보호하다,Learners practice how to protect in English.,학습자는 영어로 보호하다 방법을 연습한다.,미학습
기초 필수 영단어,serve,[동사] 제공하다,Learners practice how to serve in English.,학습자는 영어로 제공하다 방법을 연습한다.,미학습
기초 필수 영단어,produce,[동사] 생산하다,Learners practice how to produce in English.,학습자는 영어로 생산하다 방법을 연습한다.,미학습
기초 필수 영단어,deliver,[동사] 배달하다,Learners practice how to deliver in English.,학습자는 영어로 배달하다 방법을 연습한다.,미학습
기초 필수 영단어,collect,[동사] 수집하다,Learners practice how to collect in English.,학습자는 영어로 수집하다 방법을 연습한다.,미학습
기초 필수 영단어,organize,[동사] 조직하다,Learners practice how to organize in English.,학습자는 영어로 조직하다 방법을 연습한다.,미학습
기초 필수 영단어,search,[동사] 찾다,Learners practice how to search in English.,학습자는 영어로 찾다 방법을 연습한다.,미학습
기초 필수 영단어,lose,[동사] 잃다,Learners practice how to lose in English.,학습자는 영어로 잃다 방법을 연습한다.,미학습
기초 필수 영단어,hold,[동사] 잡다,Learners practice how to hold in English.,학습자는 영어로 잡다 방법을 연습한다.,미학습
기초 필수 영단어,drive,[동사] 운전하다,Learners practice how to drive in English.,학습자는 영어로 운전하다 방법을 연습한다.,미학습
기초 필수 영단어,fly,[동사] 날다,Learners practice how to fly in English.,학습자는 영어로 날다 방법을 연습한다.,미학습
기초 필수 영단어,swim,[동사] 수영하다,Learners practice how to swim in English.,학습자는 영어로 수영하다 방법을 연습한다.,미학습
기초 필수 영단어,draw,[동사] 그리다,Learners practice how to draw in English.,학습자는 영어로 그리다 방법을 연습한다.,미학습
기초 필수 영단어,paint,[동사] 칠하다,Learners practice how to paint in English.,학습자는 영어로 칠하다 방법을 연습한다.,미학습
기초 필수 영단어,sing,[동사] 노래하다,Learners practice how to sing in English.,학습자는 영어로 노래하다 방법을 연습한다.,미학습
기초 필수 영단어,dance,[동사] 춤추다,Learners practice how to dance in English.,학습자는 영어로 춤추다 방법을 연습한다.,미학습
기초 필수 영단어,cry,[동사] 울다,Learners practice how to cry in English.,학습자는 영어로 울다 방법을 연습한다.,미학습
기초 필수 영단어,rest,[동사] 쉬다,Learners practice how to rest in English.,학습자는 영어로 쉬다 방법을 연습한다.,미학습
기초 필수 영단어,small,[형용사] 작은,The situation is small.,그 상황은 작은 상태이다.,미학습
기초 필수 영단어,large,[형용사] 큰,The situation is large.,그 상황은 큰 상태이다.,미학습
기초 필수 영단어,young,[형용사] 어린,The situation is young.,그 상황은 어린 상태이다.,미학습
기초 필수 영단어,old,[형용사] 나이든,The situation is old.,그 상황은 나이든 상태이다.,미학습
기초 필수 영단어,late,[형용사] 늦은,The situation is late.,그 상황은 늦은 상태이다.,미학습
기초 필수 영단어,bad,[형용사] 나쁜,The situation is bad.,그 상황은 나쁜 상태이다.,미학습
기초 필수 영단어,wrong,[형용사] 틀린,The situation is wrong.,그 상황은 틀린 상태이다.,미학습
기초 필수 영단어,dark,[형용사] 어두운,The situation is dark.,그 상황은 어두운 상태이다.,미학습
기초 필수 영단어,hot,[형용사] 뜨거운,The situation is hot.,그 상황은 뜨거운 상태이다.,미학습
기초 필수 영단어,cold,[형용사] 차가운,The situation is cold.,그 상황은 차가운 상태이다.,미학습
기초 필수 영단어,warm,[형용사] 따뜻한,The situation is warm.,그 상황은 따뜻한 상태이다.,미학습
기초 필수 영단어,cool,[형용사] 시원한,The situation is cool.,그 상황은 시원한 상태이다.,미학습
기초 필수 영단어,fast,[형용사] 빠른,The situation is fast.,그 상황은 빠른 상태이다.,미학습
기초 필수 영단어,slow,[형용사] 느린,The situation is slow.,그 상황은 느린 상태이다.,미학습
기초 필수 영단어,high,[형용사] 높은,The situation is high.,그 상황은 높은 상태이다.,미학습
기초 필수 영단어,low,[형용사] 낮은,The situation is low.,그 상황은 낮은 상태이다.,미학습
기초 필수 영단어,short,[형용사] 짧은,The situation is short.,그 상황은 짧은 상태이다.,미학습
기초 필수 영단어,long,[형용사] 긴,The situation is long.,그 상황은 긴 상태이다.,미학습
기초 필수 영단어,strong,[형용사] 강한,The situation is strong.,그 상황은 강한 상태이다.,미학습
기초 필수 영단어,weak,[형용사] 약한,The situation is weak.,그 상황은 약한 상태이다.,미학습
기초 필수 영단어,dirty,[형용사] 더러운,The situation is dirty.,그 상황은 더러운 상태이다.,미학습
기초 필수 영단어,safe,[형용사] 안전한,The situation is safe.,그 상황은 안전한 상태이다.,미학습
기초 필수 영단어,dangerous,[형용사] 위험한,The situation is dangerous.,그 상황은 위험한 상태이다.,미학습
기초 필수 영단어,sick,[형용사] 아픈,The situation is sick.,그 상황은 아픈 상태이다.,미학습
기초 필수 영단어,happy,[형용사] 행복한,The situation is happy.,그 상황은 행복한 상태이다.,미학습
기초 필수 영단어,sad,[형용사] 슬픈,The situation is sad.,그 상황은 슬픈 상태이다.,미학습
기초 필수 영단어,angry,[형용사] 화난,The situation is angry.,그 상황은 화난 상태이다.,미학습
기초 필수 영단어,afraid,[형용사] 두려운,The situation is afraid.,그 상황은 두려운 상태이다.,미학습
기초 필수 영단어,busy,[형용사] 바쁜,The situation is busy.,그 상황은 바쁜 상태이다.,미학습
기초 필수 영단어,free,[형용사] 자유로운,The situation is free.,그 상황은 자유로운 상태이다.,미학습
기초 필수 영단어,able,[형용사] 할 수 있는,The situation is able.,그 상황은 할 수 있는 상태이다.,미학습
기초 필수 영단어,polite,[형용사] 공손한,The situation is polite.,그 상황은 공손한 상태이다.,미학습
기초 필수 영단어,quiet,[형용사] 조용한,The situation is quiet.,그 상황은 조용한 상태이다.,미학습
기초 필수 영단어,loud,[형용사] 시끄러운,The situation is loud.,그 상황은 시끄러운 상태이다.,미학습
기초 필수 영단어,rich,[형용사] 부유한,The situation is rich.,그 상황은 부유한 상태이다.,미학습
기초 필수 영단어,poor,[형용사] 가난한,The situation is poor.,그 상황은 가난한 상태이다.,미학습
기초 필수 영단어,empty,[형용사] 빈,The situation is empty.,그 상황은 빈 상태이다.,미학습
기초 필수 영단어,heavy,[형용사] 무거운,The situation is heavy.,그 상황은 무거운 상태이다.,미학습
기초 필수 영단어,beautiful,[형용사] 아름다운,The situation is beautiful.,그 상황은 아름다운 상태이다.,미학습
기초 필수 영단어,ugly,[형용사] 못생긴,The situation is ugly.,그 상황은 못생긴 상태이다.,미학습
기초 필수 영단어,important,[형용사] 중요한,The situation is important.,그 상황은 중요한 상태이다.,미학습
기초 필수 영단어,useful,[형용사] 유용한,The situation is useful.,그 상황은 유용한 상태이다.,미학습
기초 필수 영단어,special,[형용사] 특별한,The situation is special.,그 상황은 특별한 상태이다.,미학습
기초 필수 영단어,common,[형용사] 흔한,The situation is common.,그 상황은 흔한 상태이다.,미학습
기초 필수 영단어,private,[형용사] 사적인,The situation is private.,그 상황은 사적인 상태이다.,미학습
기초 필수 영단어,local,[형용사] 지역의,The situation is local.,그 상황은 지역의 상태이다.,미학습
기초 필수 영단어,global,[형용사] 세계적인,The situation is global.,그 상황은 세계적인 상태이다.,미학습
기초 필수 영단어,basic,[형용사] 기본적인,The situation is basic.,그 상황은 기본적인 상태이다.,미학습
기초 필수 영단어,advanced,[형용사] 고급의,The situation is advanced.,그 상황은 고급의 상태이다.,미학습
기초 필수 영단어,natural,[형용사] 자연의,The situation is natural.,그 상황은 자연의 상태이다.,미학습
기초 필수 영단어,modern,[형용사] 현대의,The situation is modern.,그 상황은 현대의 상태이다.,미학습
기초 필수 영단어,quick,[형용사] 빠른,The situation is quick.,그 상황은 빠른 상태이다.,미학습
기초 필수 영단어,careful,[형용사] 주의 깊은,The situation is careful.,그 상황은 주의 깊은 상태이다.,미학습
기초 필수 영단어,possible,[형용사] 가능한,The situation is possible.,그 상황은 가능한 상태이다.,미학습
기초 필수 영단어,main,[형용사] 주요한,The situation is main.,그 상황은 주요한 상태이다.,미학습
기초 필수 영단어,final,[형용사] 최종의,The situation is final.,그 상황은 최종의 상태이다.,미학습
기초 필수 영단어,weekly,[형용사] 매주의,The situation is weekly.,그 상황은 매주의 상태이다.,미학습
기초 필수 영단어,monthly,[형용사] 매월의,The situation is monthly.,그 상황은 매월의 상태이다.,미학습
기초 필수 영단어,accurate,[형용사] 정확한,The situation is accurate.,그 상황은 정확한 상태이다.,미학습
기초 필수 영단어,active,[형용사] 활동적인,The situation is active.,그 상황은 활동적인 상태이다.,미학습
기초 필수 영단어,calm,[형용사] 차분한,The situation is calm.,그 상황은 차분한 상태이다.,미학습
기초 필수 영단어,eager,[형용사] 열망하는,The situation is eager.,그 상황은 열망하는 상태이다.,미학습
기초 필수 영단어,creative,[형용사] 창의적인,The situation is creative.,그 상황은 창의적인 상태이다.,미학습
기초 필수 영단어,usually,[부사] 보통,She worked usually today.,그녀는 오늘 보통 일했다.,미학습
기초 필수 영단어,never,[부사] 결코,She worked never today.,그녀는 오늘 결코 일했다.,미학습
기초 필수 영단어,sometimes,[부사] 가끔,She worked sometimes today.,그녀는 오늘 가끔 일했다.,미학습
기초 필수 영단어,quickly,[부사] 빨리,She worked quickly today.,그녀는 오늘 빨리 일했다.,미학습
기초 필수 영단어,slowly,[부사] 천천히,She worked slowly today.,그녀는 오늘 천천히 일했다.,미학습
기초 필수 영단어,carefully,[부사] 조심스럽게,She worked carefully today.,그녀는 오늘 조심스럽게 일했다.,학습 중
기초 필수 영단어,clearly,[부사] 명확하게,She worked clearly today.,그녀는 오늘 명확하게 일했다.,미학습
기초 필수 영단어,easily,[부사] 쉽게,She worked easily today.,그녀는 오늘 쉽게 일했다.,미학습
중급 필수 영단어,apple,[명사] 사과,We talked about apple during the lesson.,우리는 수업 중 사과에 대해 이야기했다.,미학습
중급 필수 영단어,banana,[명사] 바나나,We talked about banana during the lesson.,우리는 수업 중 바나나에 대해 이야기했다.,미학습
중급 필수 영단어,orange,[명사] 오렌지,We talked about orange during the lesson.,우리는 수업 중 오렌지에 대해 이야기했다.,미학습
중급 필수 영단어,grape,[명사] 포도,We talked about grape during the lesson.,우리는 수업 중 포도에 대해 이야기했다.,미학습
중급 필수 영단어,lemon,[명사] 레몬,We talked about lemon during the lesson.,우리는 수업 중 레몬에 대해 이야기했다.,미학습
중급 필수 영단어,peach,[명사] 복숭아,We talked about peach during the lesson.,우리는 수업 중 복숭아에 대해 이야기했다.,미학습
중급 필수 영단어,pear,[명사] 배,We talked about pear during the lesson.,우리는 수업 중 배에 대해 이야기했다.,미학습
중급 필수 영단어,melon,[명사] 멜론,We talked about melon during the lesson.,우리는 수업 중 멜론에 대해 이야기했다.,미학습
중급 필수 영단어,berry,[명사] 베리,We talked about berry during the lesson.,우리는 수업 중 베리에 대해 이야기했다.,미학습
중급 필수 영단어,mango,[명사] 망고,We talked about mango during the lesson.,우리는 수업 중 망고에 대해 이야기했다.,미학습
중급 필수 영단어,bread,[명사] 빵,We talked about bread during the lesson.,우리는 수업 중 빵에 대해 이야기했다.,미학습
중급 필수 영단어,rice,[명사] 쌀밥,We talked about rice during the lesson.,우리는 수업 중 쌀밥에 대해 이야기했다.,미학습
중급 필수 영단어,water,[명사] 물,We talked about water during the lesson.,우리는 수업 중 물에 대해 이야기했다.,미학습
중급 필수 영단어,milk,[명사] 우유,We talked about milk during the lesson.,우리는 수업 중 우유에 대해 이야기했다.,미학습
중급 필수 영단어,juice,[명사] 주스,We talked about juice during the lesson.,우리는 수업 중 주스에 대해 이야기했다.,미학습
중급 필수 영단어,coffee,[명사] 커피,We talked about coffee during the lesson.,우리는 수업 중 커피에 대해 이야기했다.,미학습
중급 필수 영단어,tea,[명사] 차,We talked about tea during the lesson.,우리는 수업 중 차에 대해 이야기했다.,미학습
중급 필수 영단어,salt,[명사] 소금,We talked about salt during the lesson.,우리는 수업 중 소금에 대해 이야기했다.,미학습
중급 필수 영단어,sugar,[명사] 설탕,We talked about sugar during the lesson.,우리는 수업 중 설탕에 대해 이야기했다.,미학습
중급 필수 영단어,honey,[명사] 꿀,We talked about honey during the lesson.,우리는 수업 중 꿀에 대해 이야기했다.,미학습
중급 필수 영단어,egg,[명사] 달걀,We talked about egg during the lesson.,우리는 수업 중 달걀에 대해 이야기했다.,미학습
중급 필수 영단어,meat,[명사] 고기,We talked about meat during the lesson.,우리는 수업 중 고기에 대해 이야기했다.,미학습
중급 필수 영단어,fish,[명사] 생선,We talked about fish during the lesson.,우리는 수업 중 생선에 대해 이야기했다.,미학습
중급 필수 영단어,cheese,[명사] 치즈,We talked about cheese during the lesson.,우리는 수업 중 치즈에 대해 이야기했다.,미학습
중급 필수 영단어,soup,[명사] 수프,We talked about soup during the lesson.,우리는 수업 중 수프에 대해 이야기했다.,미학습
중급 필수 영단어,salad,[명사] 샐러드,We talked about salad during the lesson.,우리는 수업 중 샐러드에 대해 이야기했다.,미학습
중급 필수 영단어,meal,[명사] 식사,We talked about meal during the lesson.,우리는 수업 중 식사에 대해 이야기했다.,미학습
중급 필수 영단어,breakfast,[명사] 아침식사,We talked about breakfast during the lesson.,우리는 수업 중 아침식사에 대해 이야기했다.,미학습
중급 필수 영단어,lunch,[명사] 점심식사,We talked about lunch during the lesson.,우리는 수업 중 점심식사에 대해 이야기했다.,미학습
중급 필수 영단어,dinner,[명사] 저녁식사,We talked about dinner during the lesson.,우리는 수업 중 저녁식사에 대해 이야기했다.,미학습
중급 필수 영단어,family,[명사] 가족,We talked about family during the lesson.,우리는 수업 중 가족에 대해 이야기했다.,미학습
중급 필수 영단어,parent,[명사] 부모,We talked about parent during the lesson.,우리는 수업 중 부모에 대해 이야기했다.,미학습
중급 필수 영단어,child,[명사] 아이,We talked about child during the lesson.,우리는 수업 중 아이에 대해 이야기했다.,미학습
중급 필수 영단어,friend,[명사] 친구,We talked about friend during the lesson.,우리는 수업 중 친구에 대해 이야기했다.,미학습
중급 필수 영단어,teacher,[명사] 교사,We talked about teacher during the lesson.,우리는 수업 중 교사에 대해 이야기했다.,미학습
중급 필수 영단어,student,[명사] 학생,We talked about student during the lesson.,우리는 수업 중 학생에 대해 이야기했다.,미학습
중급 필수 영단어,school,[명사] 학교,We talked about school during the lesson.,우리는 수업 중 학교에 대해 이야기했다.,미학습
중급 필수 영단어,class,[명사] 수업,We talked about class during the lesson.,우리는 수업 중 수업에 대해 이야기했다.,미학습
중급 필수 영단어,lesson,[명사] 과목,We talked about lesson during the lesson.,우리는 수업 중 과목에 대해 이야기했다.,미학습
중급 필수 영단어,book,[명사] 책,We talked about book during the lesson.,우리는 수업 중 책에 대해 이야기했다.,미학습
중급 필수 영단어,page,[명사] 쪽,We talked about page during the lesson.,우리는 수업 중 쪽에 대해 이야기했다.,미학습
중급 필수 영단어,paper,[명사] 종이,We talked about paper during the lesson.,우리는 수업 중 종이에 대해 이야기했다.,미학습
중급 필수 영단어,pen,[명사] 펜,We talked about pen during the lesson.,우리는 수업 중 펜에 대해 이야기했다.,미학습
중급 필수 영단어,pencil,[명사] 연필,We talked about pencil during the lesson.,우리는 수업 중 연필에 대해 이야기했다.,미학습
중급 필수 영단어,desk,[명사] 책상,We talked about desk during the lesson.,우리는 수업 중 책상에 대해 이야기했다.,미학습
중급 필수 영단어,chair,[명사] 의자,We talked about chair during the lesson.,우리는 수업 중 의자에 대해 이야기했다.,미학습
중급 필수 영단어,table,[명사] 탁자,We talked about table during the lesson.,우리는 수업 중 탁자에 대해 이야기했다.,미학습
중급 필수 영단어,door,[명사] 문,We talked about door during the lesson.,우리는 수업 중 문에 대해 이야기했다.,미학습
중급 필수 영단어,window,[명사] 창문,We talked about window during the lesson.,우리는 수업 중 창문에 대해 이야기했다.,미학습
중급 필수 영단어,room,[명사] 방,We talked about room during the lesson.,우리는 수업 중 방에 대해 이야기했다.,미학습
중급 필수 영단어,house,[명사] 집,We talked about house during the lesson.,우리는 수업 중 집에 대해 이야기했다.,미학습
중급 필수 영단어,home,[명사] 가정,We talked about home during the lesson.,우리는 수업 중 가정에 대해 이야기했다.,미학습
중급 필수 영단어,kitchen,[명사] 부엌,We talked about kitchen during the lesson.,우리는 수업 중 부엌에 대해 이야기했다.,미학습
중급 필수 영단어,bathroom,[명사] 욕실,We talked about bathroom during the lesson.,우리는 수업 중 욕실에 대해 이야기했다.,미학습
중급 필수 영단어,bedroom,[명사] 침실,We talked about bedroom during the lesson.,우리는 수업 중 침실에 대해 이야기했다.,미학습
중급 필수 영단어,garden,[명사] 정원,We talked about garden during the lesson.,우리는 수업 중 정원에 대해 이야기했다.,미학습
중급 필수 영단어,street,[명사] 거리,We talked about street during the lesson.,우리는 수업 중 거리에 대해 이야기했다.,미학습
중급 필수 영단어,road,[명사] 도로,We talked about road during the lesson.,우리는 수업 중 도로에 대해 이야기했다.,미학습
중급 필수 영단어,city,[명사] 도시,We talked about city during the lesson.,우리는 수업 중 도시에 대해 이야기했다.,미학습
중급 필수 영단어,town,[명사] 마을,We talked about town during the lesson.,우리는 수업 중 마을에 대해 이야기했다.,미학습
중급 필수 영단어,village,[명사] 촌락,We talked about village during the lesson.,우리는 수업 중 촌락에 대해 이야기했다.,미학습
중급 필수 영단어,country,[명사] 나라,We talked about country during the lesson.,우리는 수업 중 나라에 대해 이야기했다.,미학습
중급 필수 영단어,world,[명사] 세계,We talked about world during the lesson.,우리는 수업 중 세계에 대해 이야기했다.,미학습
중급 필수 영단어,earth,[명사] 지구,We talked about earth during the lesson.,우리는 수업 중 지구에 대해 이야기했다.,미학습
중급 필수 영단어,sky,[명사] 하늘,We talked about sky during the lesson.,우리는 수업 중 하늘에 대해 이야기했다.,미학습
중급 필수 영단어,sun,[명사] 태양,We talked about sun during the lesson.,우리는 수업 중 태양에 대해 이야기했다.,미학습
중급 필수 영단어,moon,[명사] 달,We talked about moon during the lesson.,우리는 수업 중 달에 대해 이야기했다.,미학습
중급 필수 영단어,star,[명사] 별,We talked about star during the lesson.,우리는 수업 중 별에 대해 이야기했다.,미학습
중급 필수 영단어,cloud,[명사] 구름,We talked about cloud during the lesson.,우리는 수업 중 구름에 대해 이야기했다.,미학습
중급 필수 영단어,rain,[명사] 비,We talked about rain during the lesson.,우리는 수업 중 비에 대해 이야기했다.,미학습
중급 필수 영단어,snow,[명사] 눈,We talked about snow during the lesson.,우리는 수업 중 눈에 대해 이야기했다.,미학습
중급 필수 영단어,wind,[명사] 바람,We talked about wind during the lesson.,우리는 수업 중 바람에 대해 이야기했다.,미학습
중급 필수 영단어,fire,[명사] 불,We talked about fire during the lesson.,우리는 수업 중 불에 대해 이야기했다.,미학습
중급 필수 영단어,tree,[명사] 나무,We talked about tree during the lesson.,우리는 수업 중 나무에 대해 이야기했다.,미학습
중급 필수 영단어,flower,[명사] 꽃,We talked about flower during the lesson.,우리는 수업 중 꽃에 대해 이야기했다.,미학습
중급 필수 영단어,grass,[명사] 풀,We talked about grass during the lesson.,우리는 수업 중 풀에 대해 이야기했다.,미학습
중급 필수 영단어,river,[명사] 강,We talked about river during the lesson.,우리는 수업 중 강에 대해 이야기했다.,미학습
중급 필수 영단어,lake,[명사] 호수,We talked about lake during the lesson.,우리는 수업 중 호수에 대해 이야기했다.,미학습
중급 필수 영단어,sea,[명사] 바다,We talked about sea during the lesson.,우리는 수업 중 바다에 대해 이야기했다.,미학습
중급 필수 영단어,mountain,[명사] 산,We talked about mountain during the lesson.,우리는 수업 중 산에 대해 이야기했다.,미학습
중급 필수 영단어,forest,[명사] 숲,We talked about forest during the lesson.,우리는 수업 중 숲에 대해 이야기했다.,미학습
중급 필수 영단어,field,[명사] 들판,We talked about field during the lesson.,우리는 수업 중 들판에 대해 이야기했다.,미학습
중급 필수 영단어,animal,[명사] 동물,We talked about animal during the lesson.,우리는 수업 중 동물에 대해 이야기했다.,미학습
중급 필수 영단어,bird,[명사] 새,We talked about bird during the lesson.,우리는 수업 중 새에 대해 이야기했다.,미학습
중급 필수 영단어,cat,[명사] 고양이,We talked about cat during the lesson.,우리는 수업 중 고양이에 대해 이야기했다.,미학습
중급 필수 영단어,dog,[명사] 개,We talked about dog during the lesson.,우리는 수업 중 개에 대해 이야기했다.,미학습
중급 필수 영단어,horse,[명사] 말,We talked about horse during the lesson.,우리는 수업 중 말에 대해 이야기했다.,미학습
중급 필수 영단어,cow,[명사] 소,We talked about cow during the lesson.,우리는 수업 중 소에 대해 이야기했다.,미학습
중급 필수 영단어,sheep,[명사] 양,We talked about sheep during the lesson.,우리는 수업 중 양에 대해 이야기했다.,미학습
중급 필수 영단어,rabbit,[명사] 토끼,We talked about rabbit during the lesson.,우리는 수업 중 토끼에 대해 이야기했다.,미학습
중급 필수 영단어,mouse,[명사] 쥐,We talked about mouse during the lesson.,우리는 수업 중 쥐에 대해 이야기했다.,미학습
중급 필수 영단어,bear,[명사] 곰,We talked about bear during the lesson.,우리는 수업 중 곰에 대해 이야기했다.,미학습
중급 필수 영단어,lion,[명사] 사자,We talked about lion during the lesson.,우리는 수업 중 사자에 대해 이야기했다.,미학습
중급 필수 영단어,tiger,[명사] 호랑이,We talked about tiger during the lesson.,우리는 수업 중 호랑이에 대해 이야기했다.,미학습
중급 필수 영단어,elephant,[명사] 코끼리,We talked about elephant during the lesson.,우리는 수업 중 코끼리에 대해 이야기했다.,미학습
중급 필수 영단어,monkey,[명사] 원숭이,We talked about monkey during the lesson.,우리는 수업 중 원숭이에 대해 이야기했다.,미학습
중급 필수 영단어,body,[명사] 몸,We talked about body during the lesson.,우리는 수업 중 몸에 대해 이야기했다.,미학습
중급 필수 영단어,head,[명사] 머리,We talked about head during the lesson.,우리는 수업 중 머리에 대해 이야기했다.,미학습
중급 필수 영단어,face,[명사] 얼굴,We talked about face during the lesson.,우리는 수업 중 얼굴에 대해 이야기했다.,미학습
중급 필수 영단어,eye,[명사] 눈,We talked about eye during the lesson.,우리는 수업 중 눈에 대해 이야기했다.,미학습
중급 필수 영단어,ear,[명사] 귀,We talked about ear during the lesson.,우리는 수업 중 귀에 대해 이야기했다.,미학습
중급 필수 영단어,nose,[명사] 코,We talked about nose during the lesson.,우리는 수업 중 코에 대해 이야기했다.,미학습
중급 필수 영단어,mouth,[명사] 입,We talked about mouth during the lesson.,우리는 수업 중 입에 대해 이야기했다.,미학습
중급 필수 영단어,tooth,[명사] 이,We talked about tooth during the lesson.,우리는 수업 중 이에 대해 이야기했다.,미학습
중급 필수 영단어,hand,[명사] 손,We talked about hand during the lesson.,우리는 수업 중 손에 대해 이야기했다.,미학습
중급 필수 영단어,arm,[명사] 팔,We talked about arm during the lesson.,우리는 수업 중 팔에 대해 이야기했다.,미학습
중급 필수 영단어,leg,[명사] 다리,We talked about leg during the lesson.,우리는 수업 중 다리에 대해 이야기했다.,미학습
중급 필수 영단어,foot,[명사] 발,We talked about foot during the lesson.,우리는 수업 중 발에 대해 이야기했다.,미학습
중급 필수 영단어,heart,[명사] 심장,We talked about heart during the lesson.,우리는 수업 중 심장에 대해 이야기했다.,미학습
중급 필수 영단어,mind,[명사] 마음,We talked about mind during the lesson.,우리는 수업 중 마음에 대해 이야기했다.,미학습
중급 필수 영단어,name,[명사] 이름,We talked about name during the lesson.,우리는 수업 중 이름에 대해 이야기했다.,미학습
중급 필수 영단어,number,[명사] 숫자,We talked about number during the lesson.,우리는 수업 중 숫자에 대해 이야기했다.,미학습
중급 필수 영단어,color,[명사] 색,We talked about color during the lesson.,우리는 수업 중 색에 대해 이야기했다.,미학습
중급 필수 영단어,sound,[명사] 소리,We talked about sound during the lesson.,우리는 수업 중 소리에 대해 이야기했다.,미학습
중급 필수 영단어,voice,[명사] 목소리,We talked about voice during the lesson.,우리는 수업 중 목소리에 대해 이야기했다.,미학습
중급 필수 영단어,music,[명사] 음악,We talked about music during the lesson.,우리는 수업 중 음악에 대해 이야기했다.,미학습
중급 필수 영단어,song,[명사] 노래,We talked about song during the lesson.,우리는 수업 중 노래에 대해 이야기했다.,미학습
중급 필수 영단어,picture,[명사] 그림,We talked about picture during the lesson.,우리는 수업 중 그림에 대해 이야기했다.,미학습
중급 필수 영단어,photo,[명사] 사진,We talked about photo during the lesson.,우리는 수업 중 사진에 대해 이야기했다.,미학습
중급 필수 영단어,movie,[명사] 영화,We talked about movie during the lesson.,우리는 수업 중 영화에 대해 이야기했다.,미학습
중급 필수 영단어,game,[명사] 게임,We talked about game during the lesson.,우리는 수업 중 게임에 대해 이야기했다.,미학습
중급 필수 영단어,sport,[명사] 운동경기,We talked about sport during the lesson.,우리는 수업 중 운동경기에 대해 이야기했다.,미학습
중급 필수 영단어,ball,[명사] 공,We talked about ball during the lesson.,우리는 수업 중 공에 대해 이야기했다.,미학습
중급 필수 영단어,team,[명사] 팀,We talked about team during the lesson.,우리는 수업 중 팀에 대해 이야기했다.,미학습
중급 필수 영단어,player,[명사] 선수,We talked about player during the lesson.,우리는 수업 중 선수에 대해 이야기했다.,미학습
중급 필수 영단어,market,[명사] 시장,We talked about market during the lesson.,우리는 수업 중 시장에 대해 이야기했다.,미학습
중급 필수 영단어,shop,[명사] 가게,We talked about shop during the lesson.,우리는 수업 중 가게에 대해 이야기했다.,미학습
중급 필수 영단어,store,[명사] 상점,We talked about store during the lesson.,우리는 수업 중 상점에 대해 이야기했다.,미학습
중급 필수 영단어,money,[명사] 돈,We talked about money during the lesson.,우리는 수업 중 돈에 대해 이야기했다.,미학습
중급 필수 영단어,price,[명사] 가격,We talked about price during the lesson.,우리는 수업 중 가격에 대해 이야기했다.,암기 완료
중급 필수 영단어,cost,[명사] 비용,We talked about cost during the lesson.,우리는 수업 중 비용에 대해 이야기했다.,미학습
중급 필수 영단어,gift,[명사] 선물,We talked about gift during the lesson.,우리는 수업 중 선물에 대해 이야기했다.,미학습
중급 필수 영단어,bag,[명사] 가방,We talked about bag during the lesson.,우리는 수업 중 가방에 대해 이야기했다.,미학습
중급 필수 영단어,box,[명사] 상자,We talked about box during the lesson.,우리는 수업 중 상자에 대해 이야기했다.,미학습
중급 필수 영단어,key,[명사] 열쇠,We talked about key during the lesson.,우리는 수업 중 열쇠에 대해 이야기했다.,미학습
중급 필수 영단어,phone,[명사] 전화,We talked about phone during the lesson.,우리는 수업 중 전화에 대해 이야기했다.,미학습
중급 필수 영단어,computer,[명사] 컴퓨터,We talked about computer during the lesson.,우리는 수업 중 컴퓨터에 대해 이야기했다.,미학습
중급 필수 영단어,screen,[명사] 화면,We talked about screen during the lesson.,우리는 수업 중 화면에 대해 이야기했다.,미학습
중급 필수 영단어,camera,[명사] 카메라,We talked about camera during the lesson.,우리는 수업 중 카메라에 대해 이야기했다.,미학습
중급 필수 영단어,radio,[명사] 라디오,We talked about radio during the lesson.,우리는 수업 중 라디오에 대해 이야기했다.,미학습
중급 필수 영단어,clock,[명사] 시계,We talked about clock during the lesson.,우리는 수업 중 시계에 대해 이야기했다.,미학습
중급 필수 영단어,watch,[명사] 손목시계,We talked about watch during the lesson.,우리는 수업 중 손목시계에 대해 이야기했다.,미학습
중급 필수 영단어,car,[명사] 자동차,We talked about car during the lesson.,우리는 수업 중 자동차에 대해 이야기했다.,미학습
중급 필수 영단어,bus,[명사] 버스,We talked about bus during the lesson.,우리는 수업 중 버스에 대해 이야기했다.,미학습
중급 필수 영단어,train,[명사] 기차,We talked about train during the lesson.,우리는 수업 중 기차에 대해 이야기했다.,미학습
중급 필수 영단어,plane,[명사] 비행기,We talked about plane during the lesson.,우리는 수업 중 비행기에 대해 이야기했다.,미학습
중급 필수 영단어,ship,[명사] 배,We talked about ship during the lesson.,우리는 수업 중 배에 대해 이야기했다.,미학습
중급 필수 영단어,bike,[명사] 자전거,We talked about bike during the lesson.,우리는 수업 중 자전거에 대해 이야기했다.,미학습
중급 필수 영단어,station,[명사] 역,We talked about station during the lesson.,우리는 수업 중 역에 대해 이야기했다.,미학습
중급 필수 영단어,airport,[명사] 공항,We talked about airport during the lesson.,우리는 수업 중 공항에 대해 이야기했다.,미학습
중급 필수 영단어,hotel,[명사] 호텔,We talked about hotel during the lesson.,우리는 수업 중 호텔에 대해 이야기했다.,미학습
중급 필수 영단어,ticket,[명사] 표,We talked about ticket during the lesson.,우리는 수업 중 표에 대해 이야기했다.,미학습
중급 필수 영단어,passport,[명사] 여권,We talked about passport during the lesson.,우리는 수업 중 여권에 대해 이야기했다.,미학습
중급 필수 영단어,map,[명사] 지도,We talked about map during the lesson.,우리는 수업 중 지도에 대해 이야기했다.,미학습
중급 필수 영단어,trip,[명사] 여행,We talked about trip during the lesson.,우리는 수업 중 여행에 대해 이야기했다.,미학습
중급 필수 영단어,travel,[명사] 여행,We talked about travel during the lesson.,우리는 수업 중 여행에 대해 이야기했다.,미학습
중급 필수 영단어,vacation,[명사] 휴가,We talked about vacation during the lesson.,우리는 수업 중 휴가에 대해 이야기했다.,미학습
중급 필수 영단어,morning,[명사] 아침,We talked about morning during the lesson.,우리는 수업 중 아침에 대해 이야기했다.,미학습
중급 필수 영단어,afternoon,[명사] 오후,We talked about afternoon during the lesson.,우리는 수업 중 오후에 대해 이야기했다.,미학습
중급 필수 영단어,evening,[명사] 저녁,We talked about evening during the lesson.,우리는 수업 중 저녁에 대해 이야기했다.,미학습
중급 필수 영단어,night,[명사] 밤,We talked about night during the lesson.,우리는 수업 중 밤에 대해 이야기했다.,미학습
중급 필수 영단어,day,[명사] 날,We talked about day during the lesson.,우리는 수업 중 날에 대해 이야기했다.,미학습
중급 필수 영단어,week,[명사] 주,We talked about week during the lesson.,우리는 수업 중 주에 대해 이야기했다.,미학습
중급 필수 영단어,month,[명사] 달,We talked about month during the lesson.,우리는 수업 중 달에 대해 이야기했다.,미학습
중급 필수 영단어,year,[명사] 해,We talked about year during the lesson.,우리는 수업 중 해에 대해 이야기했다.,미학습
중급 필수 영단어,time,[명사] 시간,We talked about time during the lesson.,우리는 수업 중 시간에 대해 이야기했다.,미학습
중급 필수 영단어,hour,[명사] 시간,We talked about hour during the lesson.,우리는 수업 중 시간에 대해 이야기했다.,미학습
중급 필수 영단어,minute,[명사] 분,We talked about minute during the lesson.,우리는 수업 중 분에 대해 이야기했다.,미학습
중급 필수 영단어,moment,[명사] 순간,We talked about moment during the lesson.,우리는 수업 중 순간에 대해 이야기했다.,미학습
중급 필수 영단어,life,[명사] 삶,We talked about life during the lesson.,우리는 수업 중 삶에 대해 이야기했다.,미학습
중급 필수 영단어,work,[명사] 일,We talked about work during the lesson.,우리는 수업 중 일에 대해 이야기했다.,미학습
중급 필수 영단어,job,[명사] 직업,We talked about job during the lesson.,우리는 수업 중 직업에 대해 이야기했다.,미학습
중급 필수 영단어,office,[명사] 사무실,We talked about office during the lesson.,우리는 수업 중 사무실에 대해 이야기했다.,미학습
중급 필수 영단어,company,[명사] 회사,We talked about company during the lesson.,우리는 수업 중 회사에 대해 이야기했다.,미학습
중급 필수 영단어,business,[명사] 사업,We talked about business during the lesson.,우리는 수업 중 사업에 대해 이야기했다.,미학습
중급 필수 영단어,project,[명사] 프로젝트,We talked about project during the lesson.,우리는 수업 중 프로젝트에 대해 이야기했다.,미학습
중급 필수 영단어,plan,[명사] 계획,We talked about plan during the lesson.,우리는 수업 중 계획에 대해 이야기했다.,미학습
중급 필수 영단어,goal,[명사] 목표,We talked about goal during the lesson.,우리는 수업 중 목표에 대해 이야기했다.,미학습
중급 필수 영단어,idea,[명사] 생각,We talked about idea during the lesson.,우리는 수업 중 생각에 대해 이야기했다.,미학습
중급 필수 영단어,reason,[명사] 이유,We talked about reason during the lesson.,우리는 수업 중 이유에 대해 이야기했다.,미학습
중급 필수 영단어,problem,[명사] 문제,We talked about problem during the lesson.,우리는 수업 중 문제에 대해 이야기했다.,미학습
중급 필수 영단어,answer,[명사] 답,We talked about answer during the lesson.,우리는 수업 중 답에 대해 이야기했다.,미학습
중급 필수 영단어,question,[명사] 질문,We talked about question during the lesson.,우리는 수업 중 질문에 대해 이야기했다.,미학습
중급 필수 영단어,result,[명사] 결과,We talked about result during the lesson.,우리는 수업 중 결과에 대해 이야기했다.,미학습
중급 필수 영단어,choice,[명사] 선택,We talked about choice during the lesson.,우리는 수업 중 선택에 대해 이야기했다.,미학습
중급 필수 영단어,chance,[명사] 기회,We talked about chance during the lesson.,우리는 수업 중 기회에 대해 이야기했다.,미학습
중급 필수 영단어,change,[명사] 변화,We talked about change during the lesson.,우리는 수업 중 변화에 대해 이야기했다.,미학습
중급 필수 영단어,growth,[명사] 성장,We talked about growth during the lesson.,우리는 수업 중 성장에 대해 이야기했다.,미학습
중급 필수 영단어,value,[명사] 가치,We talked about value during the lesson.,우리는 수업 중 가치에 대해 이야기했다.,미학습
중급 필수 영단어,quality,[명사] 품질,We talked about quality during the lesson.,우리는 수업 중 품질에 대해 이야기했다.,미학습
중급 필수 영단어,service,[명사] 서비스,We talked about service during the lesson.,우리는 수업 중 서비스에 대해 이야기했다.,미학습
중급 필수 영단어,product,[명사] 제품,We talked about product during the lesson.,우리는 수업 중 제품에 대해 이야기했다.,미학습
중급 필수 영단어,client,[명사] 의뢰인,We talked about client during the lesson.,우리는 수업 중 의뢰인에 대해 이야기했다.,미학습
중급 필수 영단어,manager,[명사] 관리자,We talked about manager during the lesson.,우리는 수업 중 관리자에 대해 이야기했다.,미학습
중급 필수 영단어,leader,[명사] 지도자,We talked about leader during the lesson.,우리는 수업 중 지도자에 대해 이야기했다.,미학습
중급 필수 영단어,member,[명사] 구성원,We talked about member during the lesson.,우리는 수업 중 구성원에 대해 이야기했다.,미학습
중급 필수 영단어,staff,[명사] 직원,We talked about staff during the lesson.,우리는 수업 중 직원에 대해 이야기했다.,미학습
중급 필수 영단어,worker,[명사] 근로자,We talked about worker during the lesson.,우리는 수업 중 근로자에 대해 이야기했다.,미학습
중급 필수 영단어,skill,[명사] 기술,We talked about skill during the lesson.,우리는 수업 중 기술에 대해 이야기했다.,미학습
중급 필수 영단어,knowledge,[명사] 지식,We talked about knowledge during the lesson.,우리는 수업 중 지식에 대해 이야기했다.,미학습
중급 필수 영단어,study,[명사] 공부,We talked about study during the lesson.,우리는 수업 중 공부에 대해 이야기했다.,미학습
중급 필수 영단어,research,[명사] 연구,We talked about research during the lesson.,우리는 수업 중 연구에 대해 이야기했다.,미학습
중급 필수 영단어,science,[명사] 과학,We talked about science during the lesson.,우리는 수업 중 과학에 대해 이야기했다.,미학습
중급 필수 영단어,history,[명사] 역사,We talked about history during the lesson.,우리는 수업 중 역사에 대해 이야기했다.,미학습
중급 필수 영단어,art,[명사] 예술,We talked about art during the lesson.,우리는 수업 중 예술에 대해 이야기했다.,미학습
중급 필수 영단어,culture,[명사] 문화,We talked about culture during the lesson.,우리는 수업 중 문화에 대해 이야기했다.,미학습
중급 필수 영단어,language,[명사] 언어,We talked about language during the lesson.,우리는 수업 중 언어에 대해 이야기했다.,미학습
중급 필수 영단어,letter,[명사] 글자,We talked about letter during the lesson.,우리는 수업 중 글자에 대해 이야기했다.,미학습
중급 필수 영단어,word,[명사] 단어,We talked about word during the lesson.,우리는 수업 중 단어에 대해 이야기했다.,미학습
중급 필수 영단어,sentence,[명사] 문장,We talked about sentence during the lesson.,우리는 수업 중 문장에 대해 이야기했다.,미학습
중급 필수 영단어,story,[명사] 이야기,We talked about story during the lesson.,우리는 수업 중 이야기에 대해 이야기했다.,미학습
중급 필수 영단어,news,[명사] 소식,We talked about news during the lesson.,우리는 수업 중 소식에 대해 이야기했다.,미학습
중급 필수 영단어,report,[명사] 보고서,We talked about report during the lesson.,우리는 수업 중 보고서에 대해 이야기했다.,미학습
중급 필수 영단어,document,[명사] 문서,We talked about document during the lesson.,우리는 수업 중 문서에 대해 이야기했다.,미학습
중급 필수 영단어,record,[명사] 기록,We talked about record during the lesson.,우리는 수업 중 기록에 대해 이야기했다.,미학습
중급 필수 영단어,system,[명사] 체계,We talked about system during the lesson.,우리는 수업 중 체계에 대해 이야기했다.,미학습
중급 필수 영단어,network,[명사] 망,We talked about network during the lesson.,우리는 수업 중 망에 대해 이야기했다.,미학습
중급 필수 영단어,website,[명사] 웹사이트,We talked about website during the lesson.,우리는 수업 중 웹사이트에 대해 이야기했다.,미학습
중급 필수 영단어,email,[명사] 이메일,We talked about email during the lesson.,우리는 수업 중 이메일에 대해 이야기했다.,미학습
중급 필수 영단어,message,[명사] 메시지,We talked about message during the lesson.,우리는 수업 중 메시지에 대해 이야기했다.,미학습
중급 필수 영단어,address,[명사] 주소,We talked about address during the lesson.,우리는 수업 중 주소에 대해 이야기했다.,미학습
중급 필수 영단어,bank,[명사] 은행,We talked about bank during the lesson.,우리는 수업 중 은행에 대해 이야기했다.,미학습
중급 필수 영단어,account,[명사] 계좌,We talked about account during the lesson.,우리는 수업 중 계좌에 대해 이야기했다.,미학습
중급 필수 영단어,budget,[명사] 예산,We talked about budget during the lesson.,우리는 수업 중 예산에 대해 이야기했다.,미학습
중급 필수 영단어,profit,[명사] 이익,We talked about profit during the lesson.,우리는 수업 중 이익에 대해 이야기했다.,미학습
중급 필수 영단어,loss,[명사] 손실,We talked about loss during the lesson.,우리는 수업 중 손실에 대해 이야기했다.,미학습
중급 필수 영단어,risk,[명사] 위험,We talked about risk during the lesson.,우리는 수업 중 위험에 대해 이야기했다.,미학습
중급 필수 영단어,safety,[명사] 안전,We talked about safety during the lesson.,우리는 수업 중 안전에 대해 이야기했다.,미학습
중급 필수 영단어,health,[명사] 건강,We talked about health during the lesson.,우리는 수업 중 건강에 대해 이야기했다.,미학습
중급 필수 영단어,care,[명사] 돌봄,We talked about care during the lesson.,우리는 수업 중 돌봄에 대해 이야기했다.,미학습
중급 필수 영단어,medicine,[명사] 약,We talked about medicine during the lesson.,우리는 수업 중 약에 대해 이야기했다.,미학습
중급 필수 영단어,hospital,[명사] 병원,We talked about hospital during the lesson.,우리는 수업 중 병원에 대해 이야기했다.,미학습
중급 필수 영단어,doctor,[명사] 의사,We talked about doctor during the lesson.,우리는 수업 중 의사에 대해 이야기했다.,미학습
중급 필수 영단어,nurse,[명사] 간호사,We talked about nurse during the lesson.,우리는 수업 중 간호사에 대해 이야기했다.,미학습
중급 필수 영단어,patient,[명사] 환자,We talked about patient during the lesson.,우리는 수업 중 환자에 대해 이야기했다.,미학습
중급 필수 영단어,energy,[명사] 에너지,We talked about energy during the lesson.,우리는 수업 중 에너지에 대해 이야기했다.,미학습
중급 필수 영단어,power,[명사] 힘,We talked about power during the lesson.,우리는 수업 중 힘에 대해 이야기했다.,미학습
중급 필수 영단어,light,[명사] 빛,We talked about light during the lesson.,우리는 수업 중 빛에 대해 이야기했다.,미학습
중급 필수 영단어,heat,[명사] 열,We talked about heat during the lesson.,우리는 수업 중 열에 대해 이야기했다.,미학습
중급 필수 영단어,space,[명사] 공간,We talked about space during the lesson.,우리는 수업 중 공간에 대해 이야기했다.,미학습
중급 필수 영단어,area,[명사] 지역,We talked about area during the lesson.,우리는 수업 중 지역에 대해 이야기했다.,미학습
중급 필수 영단어,place,[명사] 장소,We talked about place during the lesson.,우리는 수업 중 장소에 대해 이야기했다.,미학습
중급 필수 영단어,point,[명사] 요점,We talked about point during the lesson.,우리는 수업 중 요점에 대해 이야기했다.,미학습
중급 필수 영단어,part,[명사] 부분,We talked about part during the lesson.,우리는 수업 중 부분에 대해 이야기했다.,미학습
중급 필수 영단어,side,[명사] 쪽,We talked about side during the lesson.,우리는 수업 중 쪽에 대해 이야기했다.,미학습
중급 필수 영단어,center,[명사] 중심,We talked about center during the lesson.,우리는 수업 중 중심에 대해 이야기했다.,미학습
중급 필수 영단어,edge,[명사] 가장자리,We talked about edge during the lesson.,우리는 수업 중 가장자리에 대해 이야기했다.,미학습
중급 필수 영단어,level,[명사] 수준,We talked about level during the lesson.,우리는 수업 중 수준에 대해 이야기했다.,미학습
중급 필수 영단어,degree,[명사] 정도,We talked about degree during the lesson.,우리는 수업 중 정도에 대해 이야기했다.,미학습
중급 필수 영단어,amount,[명사] 양,We talked about amount during the lesson.,우리는 수업 중 양에 대해 이야기했다.,미학습
중급 필수 영단어,rate,[명사] 비율,We talked about rate during the lesson.,우리는 수업 중 비율에 대해 이야기했다.,미학습
중급 필수 영단어,type,[명사] 유형,We talked about type during the lesson.,우리는 수업 중 유형에 대해 이야기했다.,미학습
중급 필수 영단어,kind,[명사] 종류,We talked about kind during the lesson.,우리는 수업 중 종류에 대해 이야기했다.,미학습
중급 필수 영단어,form,[명사] 형태,We talked about form during the lesson.,우리는 수업 중 형태에 대해 이야기했다.,미학습
중급 필수 영단어,shape,[명사] 모양,We talked about shape during the lesson.,우리는 수업 중 모양에 대해 이야기했다.,미학습
중급 필수 영단어,size,[명사] 크기,We talked about size during the lesson.,우리는 수업 중 크기에 대해 이야기했다.,미학습
중급 필수 영단어,weight,[명사] 무게,We talked about weight during the lesson.,우리는 수업 중 무게에 대해 이야기했다.,미학습
중급 필수 영단어,speed,[명사] 속도,We talked about speed during the lesson.,우리는 수업 중 속도에 대해 이야기했다.,미학습
중급 필수 영단어,direction,[명사] 방향,We talked about direction during the lesson.,우리는 수업 중 방향에 대해 이야기했다.,미학습
중급 필수 영단어,position,[명사] 위치,We talked about position during the lesson.,우리는 수업 중 위치에 대해 이야기했다.,미학습
중급 필수 영단어,action,[명사] 행동,We talked about action during the lesson.,우리는 수업 중 행동에 대해 이야기했다.,미학습
중급 필수 영단어,activity,[명사] 활동,We talked about activity during the lesson.,우리는 수업 중 활동에 대해 이야기했다.,미학습
중급 필수 영단어,method,[명사] 방법,We talked about method during the lesson.,우리는 수업 중 방법에 대해 이야기했다.,미학습
중급 필수 영단어,tool,[명사] 도구,We talked about tool during the lesson.,우리는 수업 중 도구에 대해 이야기했다.,미학습
중급 필수 영단어,machine,[명사] 기계,We talked about machine during the lesson.,우리는 수업 중 기계에 대해 이야기했다.,미학습
중급 필수 영단어,resource,[명사] 자원,We talked about resource during the lesson.,우리는 수업 중 자원에 대해 이야기했다.,미학습
중급 필수 영단어,environment,[명사] 환경,We talked about environment during the lesson.,우리는 수업 중 환경에 대해 이야기했다.,미학습
중급 필수 영단어,nature,[명사] 자연,We talked about nature during the lesson.,우리는 수업 중 자연에 대해 이야기했다.,미학습
중급 필수 영단어,weather,[명사] 날씨,We talked about weather during the lesson.,우리는 수업 중 날씨에 대해 이야기했다.,미학습
중급 필수 영단어,season,[명사] 계절,We talked about season during the lesson.,우리는 수업 중 계절에 대해 이야기했다.,미학습
중급 필수 영단어,spring,[명사] 봄,We talked about spring during the lesson.,우리는 수업 중 봄에 대해 이야기했다.,미학습
중급 필수 영단어,summer,[명사] 여름,We talked about summer during the lesson.,우리는 수업 중 여름에 대해 이야기했다.,미학습
중급 필수 영단어,autumn,[명사] 가을,We talked about autumn during the lesson.,우리는 수업 중 가을에 대해 이야기했다.,미학습
중급 필수 영단어,winter,[명사] 겨울,We talked about winter during the lesson.,우리는 수업 중 겨울에 대해 이야기했다.,미학습
중급 필수 영단어,law,[명사] 법,We talked about law during the lesson.,우리는 수업 중 법에 대해 이야기했다.,미학습
중급 필수 영단어,rule,[명사] 규칙,We talked about rule during the lesson.,우리는 수업 중 규칙에 대해 이야기했다.,미학습
중급 필수 영단어,right,[명사] 권리,We talked about right during the lesson.,우리는 수업 중 권리에 대해 이야기했다.,미학습
중급 필수 영단어,duty,[명사] 의무,We talked about duty during the lesson.,우리는 수업 중 의무에 대해 이야기했다.,미학습
중급 필수 영단어,peace,[명사] 평화,We talked about peace during the lesson.,우리는 수업 중 평화에 대해 이야기했다.,미학습
중급 필수 영단어,war,[명사] 전쟁,We talked about war during the lesson.,우리는 수업 중 전쟁에 대해 이야기했다.,미학습
중급 필수 영단어,policy,[명사] 정책,We talked about policy during the lesson.,우리는 수업 중 정책에 대해 이야기했다.,미학습
중급 필수 영단어,society,[명사] 사회,We talked about society during the lesson.,우리는 수업 중 사회에 대해 이야기했다.,미학습
중급 필수 영단어,group,[명사] 집단,We talked about group during the lesson.,우리는 수업 중 집단에 대해 이야기했다.,미학습
중급 필수 영단어,public,[명사] 대중,We talked about public during the lesson.,우리는 수업 중 대중에 대해 이야기했다.,미학습
중급 필수 영단어,marketplace,[명사] 시장,We talked about marketplace during the lesson.,우리는 수업 중 시장에 대해 이야기했다.,미학습
중급 필수 영단어,industry,[명사] 산업,We talked about industry during the lesson.,우리는 수업 중 산업에 대해 이야기했다.,미학습
중급 필수 영단어,technology,[명사] 기술,We talked about technology during the lesson.,우리는 수업 중 기술에 대해 이야기했다.,미학습
중급 필수 영단어,model,[명사] 모형,We talked about model during the lesson.,우리는 수업 중 모형에 대해 이야기했다.,미학습
중급 필수 영단어,sample,[명사] 견본,We talked about sample during the lesson.,우리는 수업 중 견본에 대해 이야기했다.,미학습
중급 필수 영단어,image,[명사] 이미지,We talked about image during the lesson.,우리는 수업 중 이미지에 대해 이야기했다.,미학습
중급 필수 영단어,memory,[명사] 기억,We talked about memory during the lesson.,우리는 수업 중 기억에 대해 이야기했다.,미학습
중급 필수 영단어,dream,[명사] 꿈,We talked about dream during the lesson.,우리는 수업 중 꿈에 대해 이야기했다.,미학습
중급 필수 영단어,hope,[명사] 희망,We talked about hope during the lesson.,우리는 수업 중 희망에 대해 이야기했다.,미학습
중급 필수 영단어,fear,[명사] 두려움,We talked about fear during the lesson.,우리는 수업 중 두려움에 대해 이야기했다.,미학습
중급 필수 영단어,love,[명사] 사랑,We talked about love during the lesson.,우리는 수업 중 사랑에 대해 이야기했다.,미학습
중급 필수 영단어,hate,[명사] 증오,We talked about hate during the lesson.,우리는 수업 중 증오에 대해 이야기했다.,미학습
중급 필수 영단어,joy,[명사] 기쁨,We talked about joy during the lesson.,우리는 수업 중 기쁨에 대해 이야기했다.,미학습
중급 필수 영단어,anger,[명사] 분노,We talked about anger during the lesson.,우리는 수업 중 분노에 대해 이야기했다.,미학습
중급 필수 영단어,sadness,[명사] 슬픔,We talked about sadness during the lesson.,우리는 수업 중 슬픔에 대해 이야기했다.,미학습
중급 필수 영단어,truth,[명사] 진실,We talked about truth during the lesson.,우리는 수업 중 진실에 대해 이야기했다.,미학습
중급 필수 영단어,fact,[명사] 사실,We talked about fact during the lesson.,우리는 수업 중 사실에 대해 이야기했다.,미학습
중급 필수 영단어,opinion,[명사] 의견,We talked about opinion during the lesson.,우리는 수업 중 의견에 대해 이야기했다.,미학습
중급 필수 영단어,advice,[명사] 조언,We talked about advice during the lesson.,우리는 수업 중 조언에 대해 이야기했다.,미학습
중급 필수 영단어,be,[동사] 이다,I want to be calm today.,나는 오늘 차분해지고 싶다.,미학습
중급 필수 영단어,have,[동사] 가지다,I have a clear goal today.,나는 오늘 명확한 목표를 가지고 있다.,미학습
중급 필수 영단어,do,[동사] 하다,We do the task together.,우리는 그 일을 함께 한다.,미학습
중급 필수 영단어,make,[동사] 만들다,They make a useful plan.,그들은 유용한 계획을 만든다.,미학습
중급 필수 영단어,get,[동사] 얻다,I get help from a friend.,나는 친구에게서 도움을 얻는다.,미학습
중급 필수 영단어,go,[동사] 가다,We go to school in the morning.,우리는 아침에 학교에 간다.,미학습
중급 필수 영단어,come,[동사] 오다,Please come to the office early.,사무실에 일찍 오세요.,미학습
중급 필수 영단어,see,[동사] 보다,Learners practice how to see in English.,학습자는 영어로 보다 방법을 연습한다.,미학습
중급 필수 영단어,look,[동사] 보다,Learners practice how to look in English.,학습자는 영어로 보다 방법을 연습한다.,미학습
중급 필수 영단어,hear,[동사] 듣다,Learners practice how to hear in English.,학습자는 영어로 듣다 방법을 연습한다.,미학습
중급 필수 영단어,listen,[동사] 듣다,Learners practice how to listen in English.,학습자는 영어로 듣다 방법을 연습한다.,미학습
중급 필수 영단어,speak,[동사] 말하다,Learners practice how to speak in English.,학습자는 영어로 말하다 방법을 연습한다.,미학습
중급 필수 영단어,say,[동사] 말하다,Please say the word clearly.,그 단어를 명확하게 말하세요.,미학습
중급 필수 영단어,tell,[동사] 말하다,I will tell the story tomorrow.,나는 내일 그 이야기를 말할 것이다.,미학습
중급 필수 영단어,ask,[동사] 묻다,Students ask a question in class.,학생들은 수업에서 질문을 한다.,미학습
중급 필수 영단어,read,[동사] 읽다,I read a book every night.,나는 매일 밤 책을 읽는다.,미학습
중급 필수 영단어,write,[동사] 쓰다,She will write a short letter.,그녀는 짧은 편지를 쓸 것이다.,미학습
중급 필수 영단어,learn,[동사] 배우다,Learners practice how to learn in English.,학습자는 영어로 배우다 방법을 연습한다.,미학습
중급 필수 영단어,teach,[동사] 가르치다,Learners practice how to teach in English.,학습자는 영어로 가르치다 방법을 연습한다.,미학습
중급 필수 영단어,know,[동사] 알다,Learners practice how to know in English.,학습자는 영어로 알다 방법을 연습한다.,미학습
중급 필수 영단어,think,[동사] 생각하다,Learners practice how to think in English.,학습자는 영어로 생각하다 방법을 연습한다.,미학습
중급 필수 영단어,feel,[동사] 느끼다,Learners practice how to feel in English.,학습자는 영어로 느끼다 방법을 연습한다.,미학습
중급 필수 영단어,believe,[동사] 믿다,Learners practice how to believe in English.,학습자는 영어로 믿다 방법을 연습한다.,미학습
중급 필수 영단어,remember,[동사] 기억하다,Learners practice how to remember in English.,학습자는 영어로 기억하다 방법을 연습한다.,미학습
중급 필수 영단어,forget,[동사] 잊다,Learners practice how to forget in English.,학습자는 영어로 잊다 방법을 연습한다.,미학습
중급 필수 영단어,understand,[동사] 이해하다,Learners practice how to understand in English.,학습자는 영어로 이해하다 방법을 연습한다.,미학습
중급 필수 영단어,try,[동사] 시도하다,Learners practice how to try in English.,학습자는 영어로 시도하다 방법을 연습한다.,미학습
중급 필수 영단어,use,[동사] 사용하다,Learners practice how to use in English.,학습자는 영어로 사용하다 방법을 연습한다.,미학습
중급 필수 영단어,want,[동사] 원하다,Learners practice how to want in English.,학습자는 영어로 원하다 방법을 연습한다.,미학습
중급 필수 영단어,like,[동사] 좋아하다,Learners practice how to like in English.,학습자는 영어로 좋아하다 방법을 연습한다.,미학습
중급 필수 영단어,play,[동사] 놀다,Learners practice how to play in English.,학습자는 영어로 놀다 방법을 연습한다.,미학습
중급 필수 영단어,run,[동사] 달리다,Learners practice how to run in English.,학습자는 영어로 달리다 방법을 연습한다.,미학습
중급 필수 영단어,walk,[동사] 걷다,Learners practice how to walk in English.,학습자는 영어로 걷다 방법을 연습한다.,미학습
중급 필수 영단어,stand,[동사] 서다,Learners practice how to stand in English.,학습자는 영어로 서다 방법을 연습한다.,미학습
중급 필수 영단어,sit,[동사] 앉다,Learners practice how to sit in English.,학습자는 영어로 앉다 방법을 연습한다.,미학습
중급 필수 영단어,sleep,[동사] 자다,Learners practice how to sleep in English.,학습자는 영어로 자다 방법을 연습한다.,미학습
중급 필수 영단어,wake,[동사] 깨다,Learners practice how to wake in English.,학습자는 영어로 깨다 방법을 연습한다.,미학습
중급 필수 영단어,eat,[동사] 먹다,We eat dinner at home.,우리는 집에서 저녁을 먹는다.,미학습
중급 필수 영단어,drink,[동사] 마시다,I drink water after exercise.,나는 운동 후에 물을 마신다.,미학습
중급 필수 영단어,cook,[동사] 요리하다,Learners practice how to cook in English.,학습자는 영어로 요리하다 방법을 연습한다.,미학습
중급 필수 영단어,buy,[동사] 사다,Learners practice how to buy in English.,학습자는 영어로 사다 방법을 연습한다.,미학습
중급 필수 영단어,sell,[동사] 팔다,Learners practice how to sell in English.,학습자는 영어로 팔다 방법을 연습한다.,미학습
중급 필수 영단어,pay,[동사] 지불하다,Learners practice how to pay in English.,학습자는 영어로 지불하다 방법을 연습한다.,미학습
중급 필수 영단어,spend,[동사] 쓰다,Learners practice how to spend in English.,학습자는 영어로 쓰다 방법을 연습한다.,미학습
중급 필수 영단어,save,[동사] 저축하다,Learners practice how to save in English.,학습자는 영어로 저축하다 방법을 연습한다.,미학습
중급 필수 영단어,give,[동사] 주다,Learners practice how to give in English.,학습자는 영어로 주다 방법을 연습한다.,미학습
중급 필수 영단어,take,[동사] 가져가다,Learners practice how to take in English.,학습자는 영어로 가져가다 방법을 연습한다.,미학습
중급 필수 영단어,bring,[동사] 가져오다,Learners practice how to bring in English.,학습자는 영어로 가져오다 방법을 연습한다.,미학습
중급 필수 영단어,send,[동사] 보내다,Learners practice how to send in English.,학습자는 영어로 보내다 방법을 연습한다.,미학습
중급 필수 영단어,receive,[동사] 받다,Learners practice how to receive in English.,학습자는 영어로 받다 방법을 연습한다.,미학습
중급 필수 영단어,open,[동사] 열다,Learners practice how to open in English.,학습자는 영어로 열다 방법을 연습한다.,미학습
중급 필수 영단어,close,[동사] 닫다,Learners practice how to close in English.,학습자는 영어로 닫다 방법을 연습한다.,미학습
중급 필수 영단어,start,[동사] 시작하다,Learners practice how to start in English.,학습자는 영어로 시작하다 방법을 연습한다.,미학습
중급 필수 영단어,finish,[동사] 끝내다,Learners practice how to finish in English.,학습자는 영어로 끝내다 방법을 연습한다.,미학습
중급 필수 영단어,stop,[동사] 멈추다,Learners practice how to stop in English.,학습자는 영어로 멈추다 방법을 연습한다.,미학습
중급 필수 영단어,move,[동사] 움직이다,Learners practice how to move in English.,학습자는 영어로 움직이다 방법을 연습한다.,미학습
중급 필수 영단어,turn,[동사] 돌리다,Learners practice how to turn in English.,학습자는 영어로 돌리다 방법을 연습한다.,미학습
중급 필수 영단어,follow,[동사] 따르다,Learners practice how to follow in English.,학습자는 영어로 따르다 방법을 연습한다.,미학습
중급 필수 영단어,lead,[동사] 이끌다,Learners practice how to lead in English.,학습자는 영어로 이끌다 방법을 연습한다.,미학습
중급 필수 영단어,meet,[동사] 만나다,Learners practice how to meet in English.,학습자는 영어로 만나다 방법을 연습한다.,미학습
중급 필수 영단어,join,[동사] 가입하다,Learners practice how to join in English.,학습자는 영어로 가입하다 방법을 연습한다.,미학습
중급 필수 영단어,leave,[동사] 떠나다,Learners practice how to leave in English.,학습자는 영어로 떠나다 방법을 연습한다.,미학습
중급 필수 영단어,arrive,[동사] 도착하다,Learners practice how to arrive in English.,학습자는 영어로 도착하다 방법을 연습한다.,미학습
중급 필수 영단어,visit,[동사] 방문하다,Learners practice how to visit in English.,학습자는 영어로 방문하다 방법을 연습한다.,미학습
중급 필수 영단어,call,[동사] 부르다,Learners practice how to call in English.,학습자는 영어로 부르다 방법을 연습한다.,미학습
중급 필수 영단어,contact,[동사] 연락하다,Learners practice how to contact in English.,학습자는 영어로 연락하다 방법을 연습한다.,미학습
중급 필수 영단어,check,[동사] 확인하다,Learners practice how to check in English.,학습자는 영어로 확인하다 방법을 연습한다.,미학습
중급 필수 영단어,choose,[동사] 선택하다,Learners practice how to choose in English.,학습자는 영어로 선택하다 방법을 연습한다.,미학습
중급 필수 영단어,decide,[동사] 결정하다,Learners practice how to decide in English.,학습자는 영어로 결정하다 방법을 연습한다.,미학습
중급 필수 영단어,grow,[동사] 자라다,Learners practice how to grow in English.,학습자는 영어로 자라다 방법을 연습한다.,미학습
중급 필수 영단어,build,[동사] 짓다,Learners practice how to build in English.,학습자는 영어로 짓다 방법을 연습한다.,미학습
중급 필수 영단어,create,[동사] 창조하다,Learners practice how to create in English.,학습자는 영어로 창조하다 방법을 연습한다.,미학습
중급 필수 영단어,develop,[동사] 개발하다,Learners practice how to develop in English.,학습자는 영어로 개발하다 방법을 연습한다.,미학습
중급 필수 영단어,improve,[동사] 개선하다,Learners practice how to improve in English.,학습자는 영어로 개선하다 방법을 연습한다.,미학습
중급 필수 영단어,increase,[동사] 증가시키다,Learners practice how to increase in English.,학습자는 영어로 증가시키다 방법을 연습한다.,미학습
중급 필수 영단어,compare,[동사] 비교하다,Learners practice how to compare in English.,학습자는 영어로 비교하다 방법을 연습한다.,미학습
중급 필수 영단어,explain,[동사] 설명하다,Learners practice how to explain in English.,학습자는 영어로 설명하다 방법을 연습한다.,미학습
중급 필수 영단어,describe,[동사] 묘사하다,Learners practice how to describe in English.,학습자는 영어로 묘사하다 방법을 연습한다.,미학습
중급 필수 영단어,discuss,[동사] 논의하다,Learners practice how to discuss in English.,학습자는 영어로 논의하다 방법을 연습한다.,미학습
중급 필수 영단어,agree,[동사] 동의하다,Learners practice how to agree in English.,학습자는 영어로 동의하다 방법을 연습한다.,미학습
중급 필수 영단어,prepare,[동사] 준비하다,Learners practice how to prepare in English.,학습자는 영어로 준비하다 방법을 연습한다.,미학습
중급 필수 영단어,protect,[동사] 보호하다,Learners practice how to protect in English.,학습자는 영어로 보호하다 방법을 연습한다.,미학습
중급 필수 영단어,serve,[동사] 제공하다,Learners practice how to serve in English.,학습자는 영어로 제공하다 방법을 연습한다.,미학습
중급 필수 영단어,produce,[동사] 생산하다,Learners practice how to produce in English.,학습자는 영어로 생산하다 방법을 연습한다.,미학습
중급 필수 영단어,deliver,[동사] 배달하다,Learners practice how to deliver in English.,학습자는 영어로 배달하다 방법을 연습한다.,미학습
중급 필수 영단어,collect,[동사] 수집하다,Learners practice how to collect in English.,학습자는 영어로 수집하다 방법을 연습한다.,미학습
중급 필수 영단어,search,[동사] 찾다,Learners practice how to search in English.,학습자는 영어로 찾다 방법을 연습한다.,미학습
중급 필수 영단어,find,[동사] 찾다,Learners practice how to find in English.,학습자는 영어로 찾다 방법을 연습한다.,미학습
중급 필수 영단어,lose,[동사] 잃다,Learners practice how to lose in English.,학습자는 영어로 잃다 방법을 연습한다.,미학습
중급 필수 영단어,keep,[동사] 유지하다,Learners practice how to keep in English.,학습자는 영어로 유지하다 방법을 연습한다.,미학습
중급 필수 영단어,hold,[동사] 잡다,Learners practice how to hold in English.,학습자는 영어로 잡다 방법을 연습한다.,미학습
중급 필수 영단어,carry,[동사] 나르다,Learners practice how to carry in English.,학습자는 영어로 나르다 방법을 연습한다.,미학습
중급 필수 영단어,drive,[동사] 운전하다,Learners practice how to drive in English.,학습자는 영어로 운전하다 방법을 연습한다.,미학습
중급 필수 영단어,fly,[동사] 날다,Learners practice how to fly in English.,학습자는 영어로 날다 방법을 연습한다.,미학습
중급 필수 영단어,swim,[동사] 수영하다,Learners practice how to swim in English.,학습자는 영어로 수영하다 방법을 연습한다.,미학습
중급 필수 영단어,draw,[동사] 그리다,Learners practice how to draw in English.,학습자는 영어로 그리다 방법을 연습한다.,미학습
중급 필수 영단어,paint,[동사] 칠하다,Learners practice how to paint in English.,학습자는 영어로 칠하다 방법을 연습한다.,미학습
중급 필수 영단어,sing,[동사] 노래하다,Learners practice how to sing in English.,학습자는 영어로 노래하다 방법을 연습한다.,미학습
중급 필수 영단어,dance,[동사] 춤추다,Learners practice how to dance in English.,학습자는 영어로 춤추다 방법을 연습한다.,미학습
중급 필수 영단어,laugh,[동사] 웃다,Learners practice how to laugh in English.,학습자는 영어로 웃다 방법을 연습한다.,미학습
중급 필수 영단어,cry,[동사] 울다,Learners practice how to cry in English.,학습자는 영어로 울다 방법을 연습한다.,미학습
중급 필수 영단어,wait,[동사] 기다리다,Learners practice how to wait in English.,학습자는 영어로 기다리다 방법을 연습한다.,미학습
중급 필수 영단어,rest,[동사] 쉬다,Learners practice how to rest in English.,학습자는 영어로 쉬다 방법을 연습한다.,미학습
중급 필수 영단어,small,[형용사] 작은,The situation is small.,그 상황은 작은 상태이다.,미학습
중급 필수 영단어,large,[형용사] 큰,The situation is large.,그 상황은 큰 상태이다.,미학습
중급 필수 영단어,young,[형용사] 어린,The situation is young.,그 상황은 어린 상태이다.,미학습
중급 필수 영단어,old,[형용사] 나이든,The situation is old.,그 상황은 나이든 상태이다.,미학습
중급 필수 영단어,new,[형용사] 새로운,The situation is new.,그 상황은 새로운 상태이다.,미학습
중급 필수 영단어,early,[형용사] 이른,The situation is early.,그 상황은 이른 상태이다.,미학습
중급 필수 영단어,late,[형용사] 늦은,The situation is late.,그 상황은 늦은 상태이다.,미학습
중급 필수 영단어,good,[형용사] 좋은,The situation is good.,그 상황은 좋은 상태이다.,미학습
중급 필수 영단어,bad,[형용사] 나쁜,The situation is bad.,그 상황은 나쁜 상태이다.,미학습
중급 필수 영단어,wrong,[형용사] 틀린,The situation is wrong.,그 상황은 틀린 상태이다.,미학습
중급 필수 영단어,easy,[형용사] 쉬운,The situation is easy.,그 상황은 쉬운 상태이다.,미학습
중급 필수 영단어,hard,[형용사] 어려운,The situation is hard.,그 상황은 어려운 상태이다.,미학습
중급 필수 영단어,simple,[형용사] 단순한,The situation is simple.,그 상황은 단순한 상태이다.,미학습
중급 필수 영단어,clear,[형용사] 명확한,The situation is clear.,그 상황은 명확한 상태이다.,미학습
중급 필수 영단어,dark,[형용사] 어두운,The situation is dark.,그 상황은 어두운 상태이다.,미학습
중급 필수 영단어,bright,[형용사] 밝은,The situation is bright.,그 상황은 밝은 상태이다.,미학습
중급 필수 영단어,hot,[형용사] 뜨거운,The situation is hot.,그 상황은 뜨거운 상태이다.,미학습
중급 필수 영단어,cold,[형용사] 차가운,The situation is cold.,그 상황은 차가운 상태이다.,미학습
중급 필수 영단어,warm,[형용사] 따뜻한,The situation is warm.,그 상황은 따뜻한 상태이다.,미학습
중급 필수 영단어,cool,[형용사] 시원한,The situation is cool.,그 상황은 시원한 상태이다.,미학습
중급 필수 영단어,fast,[형용사] 빠른,The situation is fast.,그 상황은 빠른 상태이다.,미학습
중급 필수 영단어,slow,[형용사] 느린,The situation is slow.,그 상황은 느린 상태이다.,미학습
중급 필수 영단어,high,[형용사] 높은,The situation is high.,그 상황은 높은 상태이다.,미학습
중급 필수 영단어,low,[형용사] 낮은,The situation is low.,그 상황은 낮은 상태이다.,미학습
중급 필수 영단어,short,[형용사] 짧은,The situation is short.,그 상황은 짧은 상태이다.,미학습
중급 필수 영단어,long,[형용사] 긴,The situation is long.,그 상황은 긴 상태이다.,미학습
중급 필수 영단어,strong,[형용사] 강한,The situation is strong.,그 상황은 강한 상태이다.,미학습
중급 필수 영단어,weak,[형용사] 약한,The situation is weak.,그 상황은 약한 상태이다.,미학습
중급 필수 영단어,clean,[형용사] 깨끗한,The situation is clean.,그 상황은 깨끗한 상태이다.,미학습
중급 필수 영단어,dirty,[형용사] 더러운,The situation is dirty.,그 상황은 더러운 상태이다.,암기 완료
중급 필수 영단어,safe,[형용사] 안전한,The situation is safe.,그 상황은 안전한 상태이다.,미학습
중급 필수 영단어,dangerous,[형용사] 위험한,The situation is dangerous.,그 상황은 위험한 상태이다.,미학습
중급 필수 영단어,healthy,[형용사] 건강한,The situation is healthy.,그 상황은 건강한 상태이다.,미학습
중급 필수 영단어,sick,[형용사] 아픈,The situation is sick.,그 상황은 아픈 상태이다.,미학습
중급 필수 영단어,happy,[형용사] 행복한,The situation is happy.,그 상황은 행복한 상태이다.,미학습
중급 필수 영단어,sad,[형용사] 슬픈,The situation is sad.,그 상황은 슬픈 상태이다.,미학습
중급 필수 영단어,angry,[형용사] 화난,The situation is angry.,그 상황은 화난 상태이다.,미학습
중급 필수 영단어,afraid,[형용사] 두려운,The situation is afraid.,그 상황은 두려운 상태이다.,미학습
중급 필수 영단어,busy,[형용사] 바쁜,The situation is busy.,그 상황은 바쁜 상태이다.,미학습
중급 필수 영단어,free,[형용사] 자유로운,The situation is free.,그 상황은 자유로운 상태이다.,미학습
중급 필수 영단어,ready,[형용사] 준비된,The situation is ready.,그 상황은 준비된 상태이다.,미학습
중급 필수 영단어,able,[형용사] 할 수 있는,The situation is able.,그 상황은 할 수 있는 상태이다.,미학습
중급 필수 영단어,polite,[형용사] 공손한,The situation is polite.,그 상황은 공손한 상태이다.,미학습
중급 필수 영단어,quiet,[형용사] 조용한,The situation is quiet.,그 상황은 조용한 상태이다.,미학습
중급 필수 영단어,loud,[형용사] 시끄러운,The situation is loud.,그 상황은 시끄러운 상태이다.,미학습
중급 필수 영단어,rich,[형용사] 부유한,The situation is rich.,그 상황은 부유한 상태이다.,미학습
중급 필수 영단어,poor,[형용사] 가난한,The situation is poor.,그 상황은 가난한 상태이다.,미학습
중급 필수 영단어,full,[형용사] 가득 찬,The situation is full.,그 상황은 가득 찬 상태이다.,미학습
중급 필수 영단어,empty,[형용사] 빈,The situation is empty.,그 상황은 빈 상태이다.,미학습
중급 필수 영단어,heavy,[형용사] 무거운,The situation is heavy.,그 상황은 무거운 상태이다.,미학습
중급 필수 영단어,beautiful,[형용사] 아름다운,The situation is beautiful.,그 상황은 아름다운 상태이다.,미학습
중급 필수 영단어,ugly,[형용사] 못생긴,The situation is ugly.,그 상황은 못생긴 상태이다.,미학습
중급 필수 영단어,important,[형용사] 중요한,The situation is important.,그 상황은 중요한 상태이다.,미학습
중급 필수 영단어,useful,[형용사] 유용한,The situation is useful.,그 상황은 유용한 상태이다.,미학습
중급 필수 영단어,special,[형용사] 특별한,The situation is special.,그 상황은 특별한 상태이다.,미학습
중급 필수 영단어,common,[형용사] 흔한,The situation is common.,그 상황은 흔한 상태이다.,미학습
중급 필수 영단어,private,[형용사] 사적인,The situation is private.,그 상황은 사적인 상태이다.,미학습
중급 필수 영단어,local,[형용사] 지역의,The situation is local.,그 상황은 지역의 상태이다.,미학습
중급 필수 영단어,global,[형용사] 세계적인,The situation is global.,그 상황은 세계적인 상태이다.,미학습
중급 필수 영단어,basic,[형용사] 기본적인,The situation is basic.,그 상황은 기본적인 상태이다.,미학습
중급 필수 영단어,advanced,[형용사] 고급의,The situation is advanced.,그 상황은 고급의 상태이다.,학습 중
중급 필수 영단어,natural,[형용사] 자연의,The situation is natural.,그 상황은 자연의 상태이다.,미학습
중급 필수 영단어,modern,[형용사] 현대의,The situation is modern.,그 상황은 현대의 상태이다.,미학습
중급 필수 영단어,quick,[형용사] 빠른,The situation is quick.,그 상황은 빠른 상태이다.,미학습
중급 필수 영단어,careful,[형용사] 주의 깊은,The situation is careful.,그 상황은 주의 깊은 상태이다.,미학습
중급 필수 영단어,possible,[형용사] 가능한,The situation is possible.,그 상황은 가능한 상태이다.,미학습
중급 필수 영단어,main,[형용사] 주요한,The situation is main.,그 상황은 주요한 상태이다.,미학습
중급 필수 영단어,final,[형용사] 최종의,The situation is final.,그 상황은 최종의 상태이다.,미학습
중급 필수 영단어,daily,[형용사] 매일의,The situation is daily.,그 상황은 매일의 상태이다.,미학습
중급 필수 영단어,weekly,[형용사] 매주의,The situation is weekly.,그 상황은 매주의 상태이다.,미학습
중급 필수 영단어,monthly,[형용사] 매월의,The situation is monthly.,그 상황은 매월의 상태이다.,미학습
중급 필수 영단어,active,[형용사] 활동적인,The situation is active.,그 상황은 활동적인 상태이다.,미학습
중급 필수 영단어,calm,[형용사] 차분한,The situation is calm.,그 상황은 차분한 상태이다.,미학습
중급 필수 영단어,eager,[형용사] 열망하는,The situation is eager.,그 상황은 열망하는 상태이다.,미학습
중급 필수 영단어,usually,[부사] 보통,She worked usually today.,그녀는 오늘 보통 일했다.,미학습
중급 필수 영단어,often,[부사] 자주,She worked often today.,그녀는 오늘 자주 일했다.,미학습
중급 필수 영단어,always,[부사] 항상,She worked always today.,그녀는 오늘 항상 일했다.,미학습
중급 필수 영단어,never,[부사] 결코,She worked never today.,그녀는 오늘 결코 일했다.,미학습
중급 필수 영단어,sometimes,[부사] 가끔,She worked sometimes today.,그녀는 오늘 가끔 일했다.,미학습
중급 필수 영단어,quickly,[부사] 빨리,She worked quickly today.,그녀는 오늘 빨리 일했다.,미학습
중급 필수 영단어,slowly,[부사] 천천히,She worked slowly today.,그녀는 오늘 천천히 일했다.,미학습
중급 필수 영단어,carefully,[부사] 조심스럽게,She worked carefully today.,그녀는 오늘 조심스럽게 일했다.,미학습
중급 필수 영단어,clearly,[부사] 명확하게,She worked clearly today.,그녀는 오늘 명확하게 일했다.,미학습
중급 필수 영단어,easily,[부사] 쉽게,She worked easily today.,그녀는 오늘 쉽게 일했다.,미학습
고급 필수 영단어,apple,[명사] 사과,We talked about apple during the lesson.,우리는 수업 중 사과에 대해 이야기했다.,미학습
고급 필수 영단어,banana,[명사] 바나나,We talked about banana during the lesson.,우리는 수업 중 바나나에 대해 이야기했다.,미학습
고급 필수 영단어,orange,[명사] 오렌지,We talked about orange during the lesson.,우리는 수업 중 오렌지에 대해 이야기했다.,미학습
고급 필수 영단어,grape,[명사] 포도,We talked about grape during the lesson.,우리는 수업 중 포도에 대해 이야기했다.,미학습
고급 필수 영단어,lemon,[명사] 레몬,We talked about lemon during the lesson.,우리는 수업 중 레몬에 대해 이야기했다.,미학습
고급 필수 영단어,peach,[명사] 복숭아,We talked about peach during the lesson.,우리는 수업 중 복숭아에 대해 이야기했다.,미학습
고급 필수 영단어,pear,[명사] 배,We talked about pear during the lesson.,우리는 수업 중 배에 대해 이야기했다.,미학습
고급 필수 영단어,melon,[명사] 멜론,We talked about melon during the lesson.,우리는 수업 중 멜론에 대해 이야기했다.,미학습
고급 필수 영단어,berry,[명사] 베리,We talked about berry during the lesson.,우리는 수업 중 베리에 대해 이야기했다.,미학습
고급 필수 영단어,mango,[명사] 망고,We talked about mango during the lesson.,우리는 수업 중 망고에 대해 이야기했다.,미학습
고급 필수 영단어,bread,[명사] 빵,We talked about bread during the lesson.,우리는 수업 중 빵에 대해 이야기했다.,미학습
고급 필수 영단어,rice,[명사] 쌀밥,We talked about rice during the lesson.,우리는 수업 중 쌀밥에 대해 이야기했다.,미학습
고급 필수 영단어,water,[명사] 물,We talked about water during the lesson.,우리는 수업 중 물에 대해 이야기했다.,미학습
고급 필수 영단어,milk,[명사] 우유,We talked about milk during the lesson.,우리는 수업 중 우유에 대해 이야기했다.,미학습
고급 필수 영단어,juice,[명사] 주스,We talked about juice during the lesson.,우리는 수업 중 주스에 대해 이야기했다.,미학습
고급 필수 영단어,coffee,[명사] 커피,We talked about coffee during the lesson.,우리는 수업 중 커피에 대해 이야기했다.,미학습
고급 필수 영단어,tea,[명사] 차,We talked about tea during the lesson.,우리는 수업 중 차에 대해 이야기했다.,미학습
고급 필수 영단어,salt,[명사] 소금,We talked about salt during the lesson.,우리는 수업 중 소금에 대해 이야기했다.,미학습
고급 필수 영단어,sugar,[명사] 설탕,We talked about sugar during the lesson.,우리는 수업 중 설탕에 대해 이야기했다.,미학습
고급 필수 영단어,honey,[명사] 꿀,We talked about honey during the lesson.,우리는 수업 중 꿀에 대해 이야기했다.,미학습
고급 필수 영단어,egg,[명사] 달걀,We talked about egg during the lesson.,우리는 수업 중 달걀에 대해 이야기했다.,미학습
고급 필수 영단어,meat,[명사] 고기,We talked about meat during the lesson.,우리는 수업 중 고기에 대해 이야기했다.,미학습
고급 필수 영단어,fish,[명사] 생선,We talked about fish during the lesson.,우리는 수업 중 생선에 대해 이야기했다.,미학습
고급 필수 영단어,cheese,[명사] 치즈,We talked about cheese during the lesson.,우리는 수업 중 치즈에 대해 이야기했다.,미학습
고급 필수 영단어,soup,[명사] 수프,We talked about soup during the lesson.,우리는 수업 중 수프에 대해 이야기했다.,미학습
고급 필수 영단어,salad,[명사] 샐러드,We talked about salad during the lesson.,우리는 수업 중 샐러드에 대해 이야기했다.,미학습
고급 필수 영단어,meal,[명사] 식사,We talked about meal during the lesson.,우리는 수업 중 식사에 대해 이야기했다.,미학습
고급 필수 영단어,breakfast,[명사] 아침식사,We talked about breakfast during the lesson.,우리는 수업 중 아침식사에 대해 이야기했다.,미학습
고급 필수 영단어,lunch,[명사] 점심식사,We talked about lunch during the lesson.,우리는 수업 중 점심식사에 대해 이야기했다.,미학습
고급 필수 영단어,dinner,[명사] 저녁식사,We talked about dinner during the lesson.,우리는 수업 중 저녁식사에 대해 이야기했다.,미학습
고급 필수 영단어,family,[명사] 가족,We talked about family during the lesson.,우리는 수업 중 가족에 대해 이야기했다.,미학습
고급 필수 영단어,parent,[명사] 부모,We talked about parent during the lesson.,우리는 수업 중 부모에 대해 이야기했다.,미학습
고급 필수 영단어,child,[명사] 아이,We talked about child during the lesson.,우리는 수업 중 아이에 대해 이야기했다.,미학습
고급 필수 영단어,friend,[명사] 친구,We talked about friend during the lesson.,우리는 수업 중 친구에 대해 이야기했다.,미학습
고급 필수 영단어,teacher,[명사] 교사,We talked about teacher during the lesson.,우리는 수업 중 교사에 대해 이야기했다.,미학습
고급 필수 영단어,student,[명사] 학생,We talked about student during the lesson.,우리는 수업 중 학생에 대해 이야기했다.,미학습
고급 필수 영단어,school,[명사] 학교,We talked about school during the lesson.,우리는 수업 중 학교에 대해 이야기했다.,미학습
고급 필수 영단어,class,[명사] 수업,We talked about class during the lesson.,우리는 수업 중 수업에 대해 이야기했다.,미학습
고급 필수 영단어,lesson,[명사] 과목,We talked about lesson during the lesson.,우리는 수업 중 과목에 대해 이야기했다.,미학습
고급 필수 영단어,book,[명사] 책,We talked about book during the lesson.,우리는 수업 중 책에 대해 이야기했다.,미학습
고급 필수 영단어,page,[명사] 쪽,We talked about page during the lesson.,우리는 수업 중 쪽에 대해 이야기했다.,미학습
고급 필수 영단어,paper,[명사] 종이,We talked about paper during the lesson.,우리는 수업 중 종이에 대해 이야기했다.,미학습
고급 필수 영단어,pen,[명사] 펜,We talked about pen during the lesson.,우리는 수업 중 펜에 대해 이야기했다.,미학습
고급 필수 영단어,pencil,[명사] 연필,We talked about pencil during the lesson.,우리는 수업 중 연필에 대해 이야기했다.,미학습
고급 필수 영단어,desk,[명사] 책상,We talked about desk during the lesson.,우리는 수업 중 책상에 대해 이야기했다.,미학습
고급 필수 영단어,chair,[명사] 의자,We talked about chair during the lesson.,우리는 수업 중 의자에 대해 이야기했다.,미학습
고급 필수 영단어,table,[명사] 탁자,We talked about table during the lesson.,우리는 수업 중 탁자에 대해 이야기했다.,미학습
고급 필수 영단어,door,[명사] 문,We talked about door during the lesson.,우리는 수업 중 문에 대해 이야기했다.,미학습
고급 필수 영단어,window,[명사] 창문,We talked about window during the lesson.,우리는 수업 중 창문에 대해 이야기했다.,미학습
고급 필수 영단어,room,[명사] 방,We talked about room during the lesson.,우리는 수업 중 방에 대해 이야기했다.,미학습
고급 필수 영단어,house,[명사] 집,We talked about house during the lesson.,우리는 수업 중 집에 대해 이야기했다.,미학습
고급 필수 영단어,home,[명사] 가정,We talked about home during the lesson.,우리는 수업 중 가정에 대해 이야기했다.,미학습
고급 필수 영단어,kitchen,[명사] 부엌,We talked about kitchen during the lesson.,우리는 수업 중 부엌에 대해 이야기했다.,미학습
고급 필수 영단어,bathroom,[명사] 욕실,We talked about bathroom during the lesson.,우리는 수업 중 욕실에 대해 이야기했다.,미학습
고급 필수 영단어,bedroom,[명사] 침실,We talked about bedroom during the lesson.,우리는 수업 중 침실에 대해 이야기했다.,미학습
고급 필수 영단어,garden,[명사] 정원,We talked about garden during the lesson.,우리는 수업 중 정원에 대해 이야기했다.,미학습
고급 필수 영단어,street,[명사] 거리,We talked about street during the lesson.,우리는 수업 중 거리에 대해 이야기했다.,미학습
고급 필수 영단어,road,[명사] 도로,We talked about road during the lesson.,우리는 수업 중 도로에 대해 이야기했다.,미학습
고급 필수 영단어,city,[명사] 도시,We talked about city during the lesson.,우리는 수업 중 도시에 대해 이야기했다.,미학습
고급 필수 영단어,town,[명사] 마을,We talked about town during the lesson.,우리는 수업 중 마을에 대해 이야기했다.,미학습
고급 필수 영단어,village,[명사] 촌락,We talked about village during the lesson.,우리는 수업 중 촌락에 대해 이야기했다.,미학습
고급 필수 영단어,country,[명사] 나라,We talked about country during the lesson.,우리는 수업 중 나라에 대해 이야기했다.,미학습
고급 필수 영단어,world,[명사] 세계,We talked about world during the lesson.,우리는 수업 중 세계에 대해 이야기했다.,미학습
고급 필수 영단어,earth,[명사] 지구,We talked about earth during the lesson.,우리는 수업 중 지구에 대해 이야기했다.,미학습
고급 필수 영단어,sky,[명사] 하늘,We talked about sky during the lesson.,우리는 수업 중 하늘에 대해 이야기했다.,미학습
고급 필수 영단어,sun,[명사] 태양,We talked about sun during the lesson.,우리는 수업 중 태양에 대해 이야기했다.,미학습
고급 필수 영단어,moon,[명사] 달,We talked about moon during the lesson.,우리는 수업 중 달에 대해 이야기했다.,미학습
고급 필수 영단어,star,[명사] 별,We talked about star during the lesson.,우리는 수업 중 별에 대해 이야기했다.,미학습
고급 필수 영단어,cloud,[명사] 구름,We talked about cloud during the lesson.,우리는 수업 중 구름에 대해 이야기했다.,미학습
고급 필수 영단어,rain,[명사] 비,We talked about rain during the lesson.,우리는 수업 중 비에 대해 이야기했다.,미학습
고급 필수 영단어,snow,[명사] 눈,We talked about snow during the lesson.,우리는 수업 중 눈에 대해 이야기했다.,미학습
고급 필수 영단어,wind,[명사] 바람,We talked about wind during the lesson.,우리는 수업 중 바람에 대해 이야기했다.,미학습
고급 필수 영단어,fire,[명사] 불,We talked about fire during the lesson.,우리는 수업 중 불에 대해 이야기했다.,미학습
고급 필수 영단어,tree,[명사] 나무,We talked about tree during the lesson.,우리는 수업 중 나무에 대해 이야기했다.,미학습
고급 필수 영단어,flower,[명사] 꽃,We talked about flower during the lesson.,우리는 수업 중 꽃에 대해 이야기했다.,미학습
고급 필수 영단어,grass,[명사] 풀,We talked about grass during the lesson.,우리는 수업 중 풀에 대해 이야기했다.,미학습
고급 필수 영단어,river,[명사] 강,We talked about river during the lesson.,우리는 수업 중 강에 대해 이야기했다.,미학습
고급 필수 영단어,lake,[명사] 호수,We talked about lake during the lesson.,우리는 수업 중 호수에 대해 이야기했다.,미학습
고급 필수 영단어,sea,[명사] 바다,We talked about sea during the lesson.,우리는 수업 중 바다에 대해 이야기했다.,미학습
고급 필수 영단어,mountain,[명사] 산,We talked about mountain during the lesson.,우리는 수업 중 산에 대해 이야기했다.,미학습
고급 필수 영단어,forest,[명사] 숲,We talked about forest during the lesson.,우리는 수업 중 숲에 대해 이야기했다.,미학습
고급 필수 영단어,field,[명사] 들판,We talked about field during the lesson.,우리는 수업 중 들판에 대해 이야기했다.,미학습
고급 필수 영단어,animal,[명사] 동물,We talked about animal during the lesson.,우리는 수업 중 동물에 대해 이야기했다.,미학습
고급 필수 영단어,bird,[명사] 새,We talked about bird during the lesson.,우리는 수업 중 새에 대해 이야기했다.,미학습
고급 필수 영단어,cat,[명사] 고양이,We talked about cat during the lesson.,우리는 수업 중 고양이에 대해 이야기했다.,미학습
고급 필수 영단어,dog,[명사] 개,We talked about dog during the lesson.,우리는 수업 중 개에 대해 이야기했다.,미학습
고급 필수 영단어,horse,[명사] 말,We talked about horse during the lesson.,우리는 수업 중 말에 대해 이야기했다.,미학습
고급 필수 영단어,cow,[명사] 소,We talked about cow during the lesson.,우리는 수업 중 소에 대해 이야기했다.,미학습
고급 필수 영단어,sheep,[명사] 양,We talked about sheep during the lesson.,우리는 수업 중 양에 대해 이야기했다.,미학습
고급 필수 영단어,rabbit,[명사] 토끼,We talked about rabbit during the lesson.,우리는 수업 중 토끼에 대해 이야기했다.,미학습
고급 필수 영단어,mouse,[명사] 쥐,We talked about mouse during the lesson.,우리는 수업 중 쥐에 대해 이야기했다.,미학습
고급 필수 영단어,bear,[명사] 곰,We talked about bear during the lesson.,우리는 수업 중 곰에 대해 이야기했다.,학습 중
고급 필수 영단어,lion,[명사] 사자,We talked about lion during the lesson.,우리는 수업 중 사자에 대해 이야기했다.,미학습
고급 필수 영단어,tiger,[명사] 호랑이,We talked about tiger during the lesson.,우리는 수업 중 호랑이에 대해 이야기했다.,미학습
고급 필수 영단어,elephant,[명사] 코끼리,We talked about elephant during the lesson.,우리는 수업 중 코끼리에 대해 이야기했다.,미학습
고급 필수 영단어,monkey,[명사] 원숭이,We talked about monkey during the lesson.,우리는 수업 중 원숭이에 대해 이야기했다.,미학습
고급 필수 영단어,body,[명사] 몸,We talked about body during the lesson.,우리는 수업 중 몸에 대해 이야기했다.,미학습
고급 필수 영단어,head,[명사] 머리,We talked about head during the lesson.,우리는 수업 중 머리에 대해 이야기했다.,미학습
고급 필수 영단어,face,[명사] 얼굴,We talked about face during the lesson.,우리는 수업 중 얼굴에 대해 이야기했다.,미학습
고급 필수 영단어,eye,[명사] 눈,We talked about eye during the lesson.,우리는 수업 중 눈에 대해 이야기했다.,미학습
고급 필수 영단어,ear,[명사] 귀,We talked about ear during the lesson.,우리는 수업 중 귀에 대해 이야기했다.,미학습
고급 필수 영단어,nose,[명사] 코,We talked about nose during the lesson.,우리는 수업 중 코에 대해 이야기했다.,미학습
고급 필수 영단어,mouth,[명사] 입,We talked about mouth during the lesson.,우리는 수업 중 입에 대해 이야기했다.,미학습
고급 필수 영단어,tooth,[명사] 이,We talked about tooth during the lesson.,우리는 수업 중 이에 대해 이야기했다.,미학습
고급 필수 영단어,hand,[명사] 손,We talked about hand during the lesson.,우리는 수업 중 손에 대해 이야기했다.,미학습
고급 필수 영단어,arm,[명사] 팔,We talked about arm during the lesson.,우리는 수업 중 팔에 대해 이야기했다.,미학습
고급 필수 영단어,leg,[명사] 다리,We talked about leg during the lesson.,우리는 수업 중 다리에 대해 이야기했다.,미학습
고급 필수 영단어,foot,[명사] 발,We talked about foot during the lesson.,우리는 수업 중 발에 대해 이야기했다.,미학습
고급 필수 영단어,heart,[명사] 심장,We talked about heart during the lesson.,우리는 수업 중 심장에 대해 이야기했다.,미학습
고급 필수 영단어,mind,[명사] 마음,We talked about mind during the lesson.,우리는 수업 중 마음에 대해 이야기했다.,미학습
고급 필수 영단어,name,[명사] 이름,We talked about name during the lesson.,우리는 수업 중 이름에 대해 이야기했다.,미학습
고급 필수 영단어,number,[명사] 숫자,We talked about number during the lesson.,우리는 수업 중 숫자에 대해 이야기했다.,미학습
고급 필수 영단어,color,[명사] 색,We talked about color during the lesson.,우리는 수업 중 색에 대해 이야기했다.,미학습
고급 필수 영단어,sound,[명사] 소리,We talked about sound during the lesson.,우리는 수업 중 소리에 대해 이야기했다.,미학습
고급 필수 영단어,voice,[명사] 목소리,We talked about voice during the lesson.,우리는 수업 중 목소리에 대해 이야기했다.,미학습
고급 필수 영단어,music,[명사] 음악,We talked about music during the lesson.,우리는 수업 중 음악에 대해 이야기했다.,미학습
고급 필수 영단어,song,[명사] 노래,We talked about song during the lesson.,우리는 수업 중 노래에 대해 이야기했다.,미학습
고급 필수 영단어,picture,[명사] 그림,We talked about picture during the lesson.,우리는 수업 중 그림에 대해 이야기했다.,미학습
고급 필수 영단어,photo,[명사] 사진,We talked about photo during the lesson.,우리는 수업 중 사진에 대해 이야기했다.,미학습
고급 필수 영단어,movie,[명사] 영화,We talked about movie during the lesson.,우리는 수업 중 영화에 대해 이야기했다.,미학습
고급 필수 영단어,game,[명사] 게임,We talked about game during the lesson.,우리는 수업 중 게임에 대해 이야기했다.,미학습
고급 필수 영단어,sport,[명사] 운동경기,We talked about sport during the lesson.,우리는 수업 중 운동경기에 대해 이야기했다.,미학습
고급 필수 영단어,ball,[명사] 공,We talked about ball during the lesson.,우리는 수업 중 공에 대해 이야기했다.,미학습
고급 필수 영단어,team,[명사] 팀,We talked about team during the lesson.,우리는 수업 중 팀에 대해 이야기했다.,미학습
고급 필수 영단어,player,[명사] 선수,We talked about player during the lesson.,우리는 수업 중 선수에 대해 이야기했다.,미학습
고급 필수 영단어,market,[명사] 시장,We talked about market during the lesson.,우리는 수업 중 시장에 대해 이야기했다.,미학습
고급 필수 영단어,shop,[명사] 가게,We talked about shop during the lesson.,우리는 수업 중 가게에 대해 이야기했다.,미학습
고급 필수 영단어,store,[명사] 상점,We talked about store during the lesson.,우리는 수업 중 상점에 대해 이야기했다.,미학습
고급 필수 영단어,money,[명사] 돈,We talked about money during the lesson.,우리는 수업 중 돈에 대해 이야기했다.,미학습
고급 필수 영단어,price,[명사] 가격,We talked about price during the lesson.,우리는 수업 중 가격에 대해 이야기했다.,미학습
고급 필수 영단어,cost,[명사] 비용,We talked about cost during the lesson.,우리는 수업 중 비용에 대해 이야기했다.,미학습
고급 필수 영단어,gift,[명사] 선물,We talked about gift during the lesson.,우리는 수업 중 선물에 대해 이야기했다.,미학습
고급 필수 영단어,bag,[명사] 가방,We talked about bag during the lesson.,우리는 수업 중 가방에 대해 이야기했다.,미학습
고급 필수 영단어,box,[명사] 상자,We talked about box during the lesson.,우리는 수업 중 상자에 대해 이야기했다.,미학습
고급 필수 영단어,key,[명사] 열쇠,We talked about key during the lesson.,우리는 수업 중 열쇠에 대해 이야기했다.,미학습
고급 필수 영단어,phone,[명사] 전화,We talked about phone during the lesson.,우리는 수업 중 전화에 대해 이야기했다.,미학습
고급 필수 영단어,computer,[명사] 컴퓨터,We talked about computer during the lesson.,우리는 수업 중 컴퓨터에 대해 이야기했다.,미학습
고급 필수 영단어,screen,[명사] 화면,We talked about screen during the lesson.,우리는 수업 중 화면에 대해 이야기했다.,미학습
고급 필수 영단어,camera,[명사] 카메라,We talked about camera during the lesson.,우리는 수업 중 카메라에 대해 이야기했다.,미학습
고급 필수 영단어,radio,[명사] 라디오,We talked about radio during the lesson.,우리는 수업 중 라디오에 대해 이야기했다.,미학습
고급 필수 영단어,clock,[명사] 시계,We talked about clock during the lesson.,우리는 수업 중 시계에 대해 이야기했다.,미학습
고급 필수 영단어,watch,[명사] 손목시계,We talked about watch during the lesson.,우리는 수업 중 손목시계에 대해 이야기했다.,미학습
고급 필수 영단어,car,[명사] 자동차,We talked about car during the lesson.,우리는 수업 중 자동차에 대해 이야기했다.,미학습
고급 필수 영단어,bus,[명사] 버스,We talked about bus during the lesson.,우리는 수업 중 버스에 대해 이야기했다.,미학습
고급 필수 영단어,train,[명사] 기차,We talked about train during the lesson.,우리는 수업 중 기차에 대해 이야기했다.,미학습
고급 필수 영단어,plane,[명사] 비행기,We talked about plane during the lesson.,우리는 수업 중 비행기에 대해 이야기했다.,미학습
고급 필수 영단어,ship,[명사] 배,We talked about ship during the lesson.,우리는 수업 중 배에 대해 이야기했다.,미학습
고급 필수 영단어,bike,[명사] 자전거,We talked about bike during the lesson.,우리는 수업 중 자전거에 대해 이야기했다.,미학습
고급 필수 영단어,station,[명사] 역,We talked about station during the lesson.,우리는 수업 중 역에 대해 이야기했다.,미학습
고급 필수 영단어,airport,[명사] 공항,We talked about airport during the lesson.,우리는 수업 중 공항에 대해 이야기했다.,미학습
고급 필수 영단어,hotel,[명사] 호텔,We talked about hotel during the lesson.,우리는 수업 중 호텔에 대해 이야기했다.,미학습
고급 필수 영단어,ticket,[명사] 표,We talked about ticket during the lesson.,우리는 수업 중 표에 대해 이야기했다.,미학습
고급 필수 영단어,passport,[명사] 여권,We talked about passport during the lesson.,우리는 수업 중 여권에 대해 이야기했다.,미학습
고급 필수 영단어,map,[명사] 지도,We talked about map during the lesson.,우리는 수업 중 지도에 대해 이야기했다.,미학습
고급 필수 영단어,trip,[명사] 여행,We talked about trip during the lesson.,우리는 수업 중 여행에 대해 이야기했다.,미학습
고급 필수 영단어,travel,[명사] 여행,We talked about travel during the lesson.,우리는 수업 중 여행에 대해 이야기했다.,미학습
고급 필수 영단어,vacation,[명사] 휴가,We talked about vacation during the lesson.,우리는 수업 중 휴가에 대해 이야기했다.,미학습
고급 필수 영단어,morning,[명사] 아침,We talked about morning during the lesson.,우리는 수업 중 아침에 대해 이야기했다.,미학습
고급 필수 영단어,afternoon,[명사] 오후,We talked about afternoon during the lesson.,우리는 수업 중 오후에 대해 이야기했다.,미학습
고급 필수 영단어,evening,[명사] 저녁,We talked about evening during the lesson.,우리는 수업 중 저녁에 대해 이야기했다.,미학습
고급 필수 영단어,night,[명사] 밤,We talked about night during the lesson.,우리는 수업 중 밤에 대해 이야기했다.,미학습
고급 필수 영단어,day,[명사] 날,We talked about day during the lesson.,우리는 수업 중 날에 대해 이야기했다.,미학습
고급 필수 영단어,week,[명사] 주,We talked about week during the lesson.,우리는 수업 중 주에 대해 이야기했다.,미학습
고급 필수 영단어,month,[명사] 달,We talked about month during the lesson.,우리는 수업 중 달에 대해 이야기했다.,미학습
고급 필수 영단어,year,[명사] 해,We talked about year during the lesson.,우리는 수업 중 해에 대해 이야기했다.,미학습
고급 필수 영단어,time,[명사] 시간,We talked about time during the lesson.,우리는 수업 중 시간에 대해 이야기했다.,미학습
고급 필수 영단어,hour,[명사] 시간,We talked about hour during the lesson.,우리는 수업 중 시간에 대해 이야기했다.,미학습
고급 필수 영단어,minute,[명사] 분,We talked about minute during the lesson.,우리는 수업 중 분에 대해 이야기했다.,미학습
고급 필수 영단어,moment,[명사] 순간,We talked about moment during the lesson.,우리는 수업 중 순간에 대해 이야기했다.,미학습
고급 필수 영단어,life,[명사] 삶,We talked about life during the lesson.,우리는 수업 중 삶에 대해 이야기했다.,미학습
고급 필수 영단어,work,[명사] 일,We talked about work during the lesson.,우리는 수업 중 일에 대해 이야기했다.,미학습
고급 필수 영단어,job,[명사] 직업,We talked about job during the lesson.,우리는 수업 중 직업에 대해 이야기했다.,미학습
고급 필수 영단어,office,[명사] 사무실,We talked about office during the lesson.,우리는 수업 중 사무실에 대해 이야기했다.,미학습
고급 필수 영단어,company,[명사] 회사,We talked about company during the lesson.,우리는 수업 중 회사에 대해 이야기했다.,미학습
고급 필수 영단어,business,[명사] 사업,We talked about business during the lesson.,우리는 수업 중 사업에 대해 이야기했다.,미학습
고급 필수 영단어,project,[명사] 프로젝트,We talked about project during the lesson.,우리는 수업 중 프로젝트에 대해 이야기했다.,미학습
고급 필수 영단어,plan,[명사] 계획,We talked about plan during the lesson.,우리는 수업 중 계획에 대해 이야기했다.,미학습
고급 필수 영단어,goal,[명사] 목표,We talked about goal during the lesson.,우리는 수업 중 목표에 대해 이야기했다.,미학습
고급 필수 영단어,idea,[명사] 생각,We talked about idea during the lesson.,우리는 수업 중 생각에 대해 이야기했다.,미학습
고급 필수 영단어,reason,[명사] 이유,We talked about reason during the lesson.,우리는 수업 중 이유에 대해 이야기했다.,미학습
고급 필수 영단어,problem,[명사] 문제,We talked about problem during the lesson.,우리는 수업 중 문제에 대해 이야기했다.,미학습
고급 필수 영단어,answer,[명사] 답,We talked about answer during the lesson.,우리는 수업 중 답에 대해 이야기했다.,미학습
고급 필수 영단어,question,[명사] 질문,We talked about question during the lesson.,우리는 수업 중 질문에 대해 이야기했다.,미학습
고급 필수 영단어,result,[명사] 결과,We talked about result during the lesson.,우리는 수업 중 결과에 대해 이야기했다.,미학습
고급 필수 영단어,choice,[명사] 선택,We talked about choice during the lesson.,우리는 수업 중 선택에 대해 이야기했다.,미학습
고급 필수 영단어,chance,[명사] 기회,We talked about chance during the lesson.,우리는 수업 중 기회에 대해 이야기했다.,미학습
고급 필수 영단어,change,[명사] 변화,We talked about change during the lesson.,우리는 수업 중 변화에 대해 이야기했다.,미학습
고급 필수 영단어,growth,[명사] 성장,We talked about growth during the lesson.,우리는 수업 중 성장에 대해 이야기했다.,미학습
고급 필수 영단어,value,[명사] 가치,We talked about value during the lesson.,우리는 수업 중 가치에 대해 이야기했다.,미학습
고급 필수 영단어,quality,[명사] 품질,We talked about quality during the lesson.,우리는 수업 중 품질에 대해 이야기했다.,미학습
고급 필수 영단어,service,[명사] 서비스,We talked about service during the lesson.,우리는 수업 중 서비스에 대해 이야기했다.,미학습
고급 필수 영단어,product,[명사] 제품,We talked about product during the lesson.,우리는 수업 중 제품에 대해 이야기했다.,미학습
고급 필수 영단어,customer,[명사] 고객,We talked about customer during the lesson.,우리는 수업 중 고객에 대해 이야기했다.,미학습
고급 필수 영단어,client,[명사] 의뢰인,We talked about client during the lesson.,우리는 수업 중 의뢰인에 대해 이야기했다.,미학습
고급 필수 영단어,manager,[명사] 관리자,We talked about manager during the lesson.,우리는 수업 중 관리자에 대해 이야기했다.,미학습
고급 필수 영단어,leader,[명사] 지도자,We talked about leader during the lesson.,우리는 수업 중 지도자에 대해 이야기했다.,미학습
고급 필수 영단어,member,[명사] 구성원,We talked about member during the lesson.,우리는 수업 중 구성원에 대해 이야기했다.,미학습
고급 필수 영단어,staff,[명사] 직원,We talked about staff during the lesson.,우리는 수업 중 직원에 대해 이야기했다.,미학습
고급 필수 영단어,worker,[명사] 근로자,We talked about worker during the lesson.,우리는 수업 중 근로자에 대해 이야기했다.,미학습
고급 필수 영단어,skill,[명사] 기술,We talked about skill during the lesson.,우리는 수업 중 기술에 대해 이야기했다.,미학습
고급 필수 영단어,knowledge,[명사] 지식,We talked about knowledge during the lesson.,우리는 수업 중 지식에 대해 이야기했다.,미학습
고급 필수 영단어,study,[명사] 공부,We talked about study during the lesson.,우리는 수업 중 공부에 대해 이야기했다.,미학습
고급 필수 영단어,research,[명사] 연구,We talked about research during the lesson.,우리는 수업 중 연구에 대해 이야기했다.,미학습
고급 필수 영단어,science,[명사] 과학,We talked about science during the lesson.,우리는 수업 중 과학에 대해 이야기했다.,미학습
고급 필수 영단어,history,[명사] 역사,We talked about history during the lesson.,우리는 수업 중 역사에 대해 이야기했다.,미학습
고급 필수 영단어,art,[명사] 예술,We talked about art during the lesson.,우리는 수업 중 예술에 대해 이야기했다.,미학습
고급 필수 영단어,culture,[명사] 문화,We talked about culture during the lesson.,우리는 수업 중 문화에 대해 이야기했다.,미학습
고급 필수 영단어,language,[명사] 언어,We talked about language during the lesson.,우리는 수업 중 언어에 대해 이야기했다.,미학습
고급 필수 영단어,letter,[명사] 글자,We talked about letter during the lesson.,우리는 수업 중 글자에 대해 이야기했다.,미학습
고급 필수 영단어,word,[명사] 단어,We talked about word during the lesson.,우리는 수업 중 단어에 대해 이야기했다.,미학습
고급 필수 영단어,sentence,[명사] 문장,We talked about sentence during the lesson.,우리는 수업 중 문장에 대해 이야기했다.,미학습
고급 필수 영단어,story,[명사] 이야기,We talked about story during the lesson.,우리는 수업 중 이야기에 대해 이야기했다.,미학습
고급 필수 영단어,news,[명사] 소식,We talked about news during the lesson.,우리는 수업 중 소식에 대해 이야기했다.,미학습
고급 필수 영단어,report,[명사] 보고서,We talked about report during the lesson.,우리는 수업 중 보고서에 대해 이야기했다.,미학습
고급 필수 영단어,document,[명사] 문서,We talked about document during the lesson.,우리는 수업 중 문서에 대해 이야기했다.,미학습
고급 필수 영단어,record,[명사] 기록,We talked about record during the lesson.,우리는 수업 중 기록에 대해 이야기했다.,미학습
고급 필수 영단어,system,[명사] 체계,We talked about system during the lesson.,우리는 수업 중 체계에 대해 이야기했다.,미학습
고급 필수 영단어,network,[명사] 망,We talked about network during the lesson.,우리는 수업 중 망에 대해 이야기했다.,미학습
고급 필수 영단어,website,[명사] 웹사이트,We talked about website during the lesson.,우리는 수업 중 웹사이트에 대해 이야기했다.,미학습
고급 필수 영단어,email,[명사] 이메일,We talked about email during the lesson.,우리는 수업 중 이메일에 대해 이야기했다.,미학습
고급 필수 영단어,message,[명사] 메시지,We talked about message during the lesson.,우리는 수업 중 메시지에 대해 이야기했다.,미학습
고급 필수 영단어,address,[명사] 주소,We talked about address during the lesson.,우리는 수업 중 주소에 대해 이야기했다.,미학습
고급 필수 영단어,bank,[명사] 은행,We talked about bank during the lesson.,우리는 수업 중 은행에 대해 이야기했다.,미학습
고급 필수 영단어,account,[명사] 계좌,We talked about account during the lesson.,우리는 수업 중 계좌에 대해 이야기했다.,미학습
고급 필수 영단어,budget,[명사] 예산,We talked about budget during the lesson.,우리는 수업 중 예산에 대해 이야기했다.,미학습
고급 필수 영단어,profit,[명사] 이익,We talked about profit during the lesson.,우리는 수업 중 이익에 대해 이야기했다.,미학습
고급 필수 영단어,loss,[명사] 손실,We talked about loss during the lesson.,우리는 수업 중 손실에 대해 이야기했다.,미학습
고급 필수 영단어,risk,[명사] 위험,We talked about risk during the lesson.,우리는 수업 중 위험에 대해 이야기했다.,미학습
고급 필수 영단어,safety,[명사] 안전,We talked about safety during the lesson.,우리는 수업 중 안전에 대해 이야기했다.,미학습
고급 필수 영단어,health,[명사] 건강,We talked about health during the lesson.,우리는 수업 중 건강에 대해 이야기했다.,미학습
고급 필수 영단어,care,[명사] 돌봄,We talked about care during the lesson.,우리는 수업 중 돌봄에 대해 이야기했다.,미학습
고급 필수 영단어,medicine,[명사] 약,We talked about medicine during the lesson.,우리는 수업 중 약에 대해 이야기했다.,미학습
고급 필수 영단어,hospital,[명사] 병원,We talked about hospital during the lesson.,우리는 수업 중 병원에 대해 이야기했다.,미학습
고급 필수 영단어,doctor,[명사] 의사,We talked about doctor during the lesson.,우리는 수업 중 의사에 대해 이야기했다.,미학습
고급 필수 영단어,nurse,[명사] 간호사,We talked about nurse during the lesson.,우리는 수업 중 간호사에 대해 이야기했다.,미학습
고급 필수 영단어,patient,[명사] 환자,We talked about patient during the lesson.,우리는 수업 중 환자에 대해 이야기했다.,미학습
고급 필수 영단어,energy,[명사] 에너지,We talked about energy during the lesson.,우리는 수업 중 에너지에 대해 이야기했다.,미학습
고급 필수 영단어,power,[명사] 힘,We talked about power during the lesson.,우리는 수업 중 힘에 대해 이야기했다.,미학습
고급 필수 영단어,light,[명사] 빛,We talked about light during the lesson.,우리는 수업 중 빛에 대해 이야기했다.,미학습
고급 필수 영단어,heat,[명사] 열,We talked about heat during the lesson.,우리는 수업 중 열에 대해 이야기했다.,미학습
고급 필수 영단어,space,[명사] 공간,We talked about space during the lesson.,우리는 수업 중 공간에 대해 이야기했다.,미학습
고급 필수 영단어,area,[명사] 지역,We talked about area during the lesson.,우리는 수업 중 지역에 대해 이야기했다.,미학습
고급 필수 영단어,place,[명사] 장소,We talked about place during the lesson.,우리는 수업 중 장소에 대해 이야기했다.,미학습
고급 필수 영단어,point,[명사] 요점,We talked about point during the lesson.,우리는 수업 중 요점에 대해 이야기했다.,미학습
고급 필수 영단어,part,[명사] 부분,We talked about part during the lesson.,우리는 수업 중 부분에 대해 이야기했다.,미학습
고급 필수 영단어,side,[명사] 쪽,We talked about side during the lesson.,우리는 수업 중 쪽에 대해 이야기했다.,미학습
고급 필수 영단어,center,[명사] 중심,We talked about center during the lesson.,우리는 수업 중 중심에 대해 이야기했다.,미학습
고급 필수 영단어,edge,[명사] 가장자리,We talked about edge during the lesson.,우리는 수업 중 가장자리에 대해 이야기했다.,미학습
고급 필수 영단어,level,[명사] 수준,We talked about level during the lesson.,우리는 수업 중 수준에 대해 이야기했다.,미학습
고급 필수 영단어,degree,[명사] 정도,We talked about degree during the lesson.,우리는 수업 중 정도에 대해 이야기했다.,미학습
고급 필수 영단어,amount,[명사] 양,We talked about amount during the lesson.,우리는 수업 중 양에 대해 이야기했다.,미학습
고급 필수 영단어,rate,[명사] 비율,We talked about rate during the lesson.,우리는 수업 중 비율에 대해 이야기했다.,미학습
고급 필수 영단어,type,[명사] 유형,We talked about type during the lesson.,우리는 수업 중 유형에 대해 이야기했다.,미학습
고급 필수 영단어,kind,[명사] 종류,We talked about kind during the lesson.,우리는 수업 중 종류에 대해 이야기했다.,미학습
고급 필수 영단어,form,[명사] 형태,We talked about form during the lesson.,우리는 수업 중 형태에 대해 이야기했다.,미학습
고급 필수 영단어,shape,[명사] 모양,We talked about shape during the lesson.,우리는 수업 중 모양에 대해 이야기했다.,미학습
고급 필수 영단어,size,[명사] 크기,We talked about size during the lesson.,우리는 수업 중 크기에 대해 이야기했다.,미학습
고급 필수 영단어,weight,[명사] 무게,We talked about weight during the lesson.,우리는 수업 중 무게에 대해 이야기했다.,미학습
고급 필수 영단어,speed,[명사] 속도,We talked about speed during the lesson.,우리는 수업 중 속도에 대해 이야기했다.,미학습
고급 필수 영단어,direction,[명사] 방향,We talked about direction during the lesson.,우리는 수업 중 방향에 대해 이야기했다.,미학습
고급 필수 영단어,position,[명사] 위치,We talked about position during the lesson.,우리는 수업 중 위치에 대해 이야기했다.,미학습
고급 필수 영단어,action,[명사] 행동,We talked about action during the lesson.,우리는 수업 중 행동에 대해 이야기했다.,미학습
고급 필수 영단어,activity,[명사] 활동,We talked about activity during the lesson.,우리는 수업 중 활동에 대해 이야기했다.,미학습
고급 필수 영단어,process,[명사] 과정,We talked about process during the lesson.,우리는 수업 중 과정에 대해 이야기했다.,미학습
고급 필수 영단어,method,[명사] 방법,We talked about method during the lesson.,우리는 수업 중 방법에 대해 이야기했다.,미학습
고급 필수 영단어,tool,[명사] 도구,We talked about tool during the lesson.,우리는 수업 중 도구에 대해 이야기했다.,미학습
고급 필수 영단어,machine,[명사] 기계,We talked about machine during the lesson.,우리는 수업 중 기계에 대해 이야기했다.,미학습
고급 필수 영단어,material,[명사] 재료,We talked about material during the lesson.,우리는 수업 중 재료에 대해 이야기했다.,미학습
고급 필수 영단어,resource,[명사] 자원,We talked about resource during the lesson.,우리는 수업 중 자원에 대해 이야기했다.,미학습
고급 필수 영단어,environment,[명사] 환경,We talked about environment during the lesson.,우리는 수업 중 환경에 대해 이야기했다.,미학습
고급 필수 영단어,nature,[명사] 자연,We talked about nature during the lesson.,우리는 수업 중 자연에 대해 이야기했다.,미학습
고급 필수 영단어,weather,[명사] 날씨,We talked about weather during the lesson.,우리는 수업 중 날씨에 대해 이야기했다.,미학습
고급 필수 영단어,season,[명사] 계절,We talked about season during the lesson.,우리는 수업 중 계절에 대해 이야기했다.,미학습
고급 필수 영단어,spring,[명사] 봄,We talked about spring during the lesson.,우리는 수업 중 봄에 대해 이야기했다.,미학습
고급 필수 영단어,summer,[명사] 여름,We talked about summer during the lesson.,우리는 수업 중 여름에 대해 이야기했다.,미학습
고급 필수 영단어,autumn,[명사] 가을,We talked about autumn during the lesson.,우리는 수업 중 가을에 대해 이야기했다.,미학습
고급 필수 영단어,winter,[명사] 겨울,We talked about winter during the lesson.,우리는 수업 중 겨울에 대해 이야기했다.,미학습
고급 필수 영단어,law,[명사] 법,We talked about law during the lesson.,우리는 수업 중 법에 대해 이야기했다.,미학습
고급 필수 영단어,rule,[명사] 규칙,We talked about rule during the lesson.,우리는 수업 중 규칙에 대해 이야기했다.,미학습
고급 필수 영단어,right,[명사] 권리,We talked about right during the lesson.,우리는 수업 중 권리에 대해 이야기했다.,미학습
고급 필수 영단어,duty,[명사] 의무,We talked about duty during the lesson.,우리는 수업 중 의무에 대해 이야기했다.,미학습
고급 필수 영단어,peace,[명사] 평화,We talked about peace during the lesson.,우리는 수업 중 평화에 대해 이야기했다.,미학습
고급 필수 영단어,war,[명사] 전쟁,We talked about war during the lesson.,우리는 수업 중 전쟁에 대해 이야기했다.,미학습
고급 필수 영단어,policy,[명사] 정책,We talked about policy during the lesson.,우리는 수업 중 정책에 대해 이야기했다.,미학습
고급 필수 영단어,society,[명사] 사회,We talked about society during the lesson.,우리는 수업 중 사회에 대해 이야기했다.,미학습
고급 필수 영단어,community,[명사] 공동체,We talked about community during the lesson.,우리는 수업 중 공동체에 대해 이야기했다.,미학습
고급 필수 영단어,group,[명사] 집단,We talked about group during the lesson.,우리는 수업 중 집단에 대해 이야기했다.,미학습
고급 필수 영단어,public,[명사] 대중,We talked about public during the lesson.,우리는 수업 중 대중에 대해 이야기했다.,미학습
고급 필수 영단어,marketplace,[명사] 시장,We talked about marketplace during the lesson.,우리는 수업 중 시장에 대해 이야기했다.,미학습
고급 필수 영단어,industry,[명사] 산업,We talked about industry during the lesson.,우리는 수업 중 산업에 대해 이야기했다.,미학습
고급 필수 영단어,technology,[명사] 기술,We talked about technology during the lesson.,우리는 수업 중 기술에 대해 이야기했다.,미학습
고급 필수 영단어,design,[명사] 설계,We talked about design during the lesson.,우리는 수업 중 설계에 대해 이야기했다.,미학습
고급 필수 영단어,model,[명사] 모형,We talked about model during the lesson.,우리는 수업 중 모형에 대해 이야기했다.,미학습
고급 필수 영단어,sample,[명사] 견본,We talked about sample during the lesson.,우리는 수업 중 견본에 대해 이야기했다.,미학습
고급 필수 영단어,image,[명사] 이미지,We talked about image during the lesson.,우리는 수업 중 이미지에 대해 이야기했다.,미학습
고급 필수 영단어,memory,[명사] 기억,We talked about memory during the lesson.,우리는 수업 중 기억에 대해 이야기했다.,미학습
고급 필수 영단어,dream,[명사] 꿈,We talked about dream during the lesson.,우리는 수업 중 꿈에 대해 이야기했다.,미학습
고급 필수 영단어,hope,[명사] 희망,We talked about hope during the lesson.,우리는 수업 중 희망에 대해 이야기했다.,미학습
고급 필수 영단어,fear,[명사] 두려움,We talked about fear during the lesson.,우리는 수업 중 두려움에 대해 이야기했다.,미학습
고급 필수 영단어,love,[명사] 사랑,We talked about love during the lesson.,우리는 수업 중 사랑에 대해 이야기했다.,미학습
고급 필수 영단어,hate,[명사] 증오,We talked about hate during the lesson.,우리는 수업 중 증오에 대해 이야기했다.,미학습
고급 필수 영단어,joy,[명사] 기쁨,We talked about joy during the lesson.,우리는 수업 중 기쁨에 대해 이야기했다.,미학습
고급 필수 영단어,anger,[명사] 분노,We talked about anger during the lesson.,우리는 수업 중 분노에 대해 이야기했다.,미학습
고급 필수 영단어,sadness,[명사] 슬픔,We talked about sadness during the lesson.,우리는 수업 중 슬픔에 대해 이야기했다.,미학습
고급 필수 영단어,truth,[명사] 진실,We talked about truth during the lesson.,우리는 수업 중 진실에 대해 이야기했다.,미학습
고급 필수 영단어,fact,[명사] 사실,We talked about fact during the lesson.,우리는 수업 중 사실에 대해 이야기했다.,미학습
고급 필수 영단어,opinion,[명사] 의견,We talked about opinion during the lesson.,우리는 수업 중 의견에 대해 이야기했다.,미학습
고급 필수 영단어,advice,[명사] 조언,We talked about advice during the lesson.,우리는 수업 중 조언에 대해 이야기했다.,미학습
고급 필수 영단어,be,[동사] 이다,I want to be calm today.,나는 오늘 차분해지고 싶다.,미학습
고급 필수 영단어,have,[동사] 가지다,I have a clear goal today.,나는 오늘 명확한 목표를 가지고 있다.,미학습
고급 필수 영단어,do,[동사] 하다,We do the task together.,우리는 그 일을 함께 한다.,미학습
고급 필수 영단어,make,[동사] 만들다,They make a useful plan.,그들은 유용한 계획을 만든다.,미학습
고급 필수 영단어,get,[동사] 얻다,I get help from a friend.,나는 친구에게서 도움을 얻는다.,미학습
고급 필수 영단어,go,[동사] 가다,We go to school in the morning.,우리는 아침에 학교에 간다.,미학습
고급 필수 영단어,come,[동사] 오다,Please come to the office early.,사무실에 일찍 오세요.,미학습
고급 필수 영단어,see,[동사] 보다,Learners practice how to see in English.,학습자는 영어로 보다 방법을 연습한다.,미학습
고급 필수 영단어,look,[동사] 보다,Learners practice how to look in English.,학습자는 영어로 보다 방법을 연습한다.,암기 완료
고급 필수 영단어,hear,[동사] 듣다,Learners practice how to hear in English.,학습자는 영어로 듣다 방법을 연습한다.,미학습
고급 필수 영단어,listen,[동사] 듣다,Learners practice how to listen in English.,학습자는 영어로 듣다 방법을 연습한다.,미학습
고급 필수 영단어,speak,[동사] 말하다,Learners practice how to speak in English.,학습자는 영어로 말하다 방법을 연습한다.,미학습
고급 필수 영단어,say,[동사] 말하다,Please say the word clearly.,그 단어를 명확하게 말하세요.,미학습
고급 필수 영단어,tell,[동사] 말하다,I will tell the story tomorrow.,나는 내일 그 이야기를 말할 것이다.,미학습
고급 필수 영단어,ask,[동사] 묻다,Students ask a question in class.,학생들은 수업에서 질문을 한다.,미학습
고급 필수 영단어,read,[동사] 읽다,I read a book every night.,나는 매일 밤 책을 읽는다.,미학습
고급 필수 영단어,write,[동사] 쓰다,She will write a short letter.,그녀는 짧은 편지를 쓸 것이다.,미학습
고급 필수 영단어,learn,[동사] 배우다,Learners practice how to learn in English.,학습자는 영어로 배우다 방법을 연습한다.,미학습
고급 필수 영단어,teach,[동사] 가르치다,Learners practice how to teach in English.,학습자는 영어로 가르치다 방법을 연습한다.,미학습
고급 필수 영단어,know,[동사] 알다,Learners practice how to know in English.,학습자는 영어로 알다 방법을 연습한다.,미학습
고급 필수 영단어,think,[동사] 생각하다,Learners practice how to think in English.,학습자는 영어로 생각하다 방법을 연습한다.,미학습
고급 필수 영단어,feel,[동사] 느끼다,Learners practice how to feel in English.,학습자는 영어로 느끼다 방법을 연습한다.,미학습
고급 필수 영단어,believe,[동사] 믿다,Learners practice how to believe in English.,학습자는 영어로 믿다 방법을 연습한다.,미학습
고급 필수 영단어,remember,[동사] 기억하다,Learners practice how to remember in English.,학습자는 영어로 기억하다 방법을 연습한다.,미학습
고급 필수 영단어,forget,[동사] 잊다,Learners practice how to forget in English.,학습자는 영어로 잊다 방법을 연습한다.,미학습
고급 필수 영단어,understand,[동사] 이해하다,Learners practice how to understand in English.,학습자는 영어로 이해하다 방법을 연습한다.,미학습
고급 필수 영단어,try,[동사] 시도하다,Learners practice how to try in English.,학습자는 영어로 시도하다 방법을 연습한다.,미학습
고급 필수 영단어,use,[동사] 사용하다,Learners practice how to use in English.,학습자는 영어로 사용하다 방법을 연습한다.,미학습
고급 필수 영단어,want,[동사] 원하다,Learners practice how to want in English.,학습자는 영어로 원하다 방법을 연습한다.,미학습
고급 필수 영단어,like,[동사] 좋아하다,Learners practice how to like in English.,학습자는 영어로 좋아하다 방법을 연습한다.,미학습
고급 필수 영단어,play,[동사] 놀다,Learners practice how to play in English.,학습자는 영어로 놀다 방법을 연습한다.,미학습
고급 필수 영단어,run,[동사] 달리다,Learners practice how to run in English.,학습자는 영어로 달리다 방법을 연습한다.,미학습
고급 필수 영단어,walk,[동사] 걷다,Learners practice how to walk in English.,학습자는 영어로 걷다 방법을 연습한다.,미학습
고급 필수 영단어,stand,[동사] 서다,Learners practice how to stand in English.,학습자는 영어로 서다 방법을 연습한다.,미학습
고급 필수 영단어,sit,[동사] 앉다,Learners practice how to sit in English.,학습자는 영어로 앉다 방법을 연습한다.,미학습
고급 필수 영단어,sleep,[동사] 자다,Learners practice how to sleep in English.,학습자는 영어로 자다 방법을 연습한다.,미학습
고급 필수 영단어,wake,[동사] 깨다,Learners practice how to wake in English.,학습자는 영어로 깨다 방법을 연습한다.,미학습
고급 필수 영단어,eat,[동사] 먹다,We eat dinner at home.,우리는 집에서 저녁을 먹는다.,미학습
고급 필수 영단어,drink,[동사] 마시다,I drink water after exercise.,나는 운동 후에 물을 마신다.,미학습
고급 필수 영단어,cook,[동사] 요리하다,Learners practice how to cook in English.,학습자는 영어로 요리하다 방법을 연습한다.,미학습
고급 필수 영단어,buy,[동사] 사다,Learners practice how to buy in English.,학습자는 영어로 사다 방법을 연습한다.,미학습
고급 필수 영단어,sell,[동사] 팔다,Learners practice how to sell in English.,학습자는 영어로 팔다 방법을 연습한다.,미학습
고급 필수 영단어,pay,[동사] 지불하다,Learners practice how to pay in English.,학습자는 영어로 지불하다 방법을 연습한다.,미학습
고급 필수 영단어,spend,[동사] 쓰다,Learners practice how to spend in English.,학습자는 영어로 쓰다 방법을 연습한다.,미학습
고급 필수 영단어,save,[동사] 저축하다,Learners practice how to save in English.,학습자는 영어로 저축하다 방법을 연습한다.,미학습
고급 필수 영단어,give,[동사] 주다,Learners practice how to give in English.,학습자는 영어로 주다 방법을 연습한다.,미학습
고급 필수 영단어,take,[동사] 가져가다,Learners practice how to take in English.,학습자는 영어로 가져가다 방법을 연습한다.,미학습
고급 필수 영단어,bring,[동사] 가져오다,Learners practice how to bring in English.,학습자는 영어로 가져오다 방법을 연습한다.,미학습
고급 필수 영단어,send,[동사] 보내다,Learners practice how to send in English.,학습자는 영어로 보내다 방법을 연습한다.,미학습
고급 필수 영단어,receive,[동사] 받다,Learners practice how to receive in English.,학습자는 영어로 받다 방법을 연습한다.,미학습
고급 필수 영단어,open,[동사] 열다,Learners practice how to open in English.,학습자는 영어로 열다 방법을 연습한다.,미학습
고급 필수 영단어,close,[동사] 닫다,Learners practice how to close in English.,학습자는 영어로 닫다 방법을 연습한다.,미학습
고급 필수 영단어,start,[동사] 시작하다,Learners practice how to start in English.,학습자는 영어로 시작하다 방법을 연습한다.,미학습
고급 필수 영단어,finish,[동사] 끝내다,Learners practice how to finish in English.,학습자는 영어로 끝내다 방법을 연습한다.,미학습
고급 필수 영단어,stop,[동사] 멈추다,Learners practice how to stop in English.,학습자는 영어로 멈추다 방법을 연습한다.,미학습
고급 필수 영단어,move,[동사] 움직이다,Learners practice how to move in English.,학습자는 영어로 움직이다 방법을 연습한다.,미학습
고급 필수 영단어,turn,[동사] 돌리다,Learners practice how to turn in English.,학습자는 영어로 돌리다 방법을 연습한다.,미학습
고급 필수 영단어,follow,[동사] 따르다,Learners practice how to follow in English.,학습자는 영어로 따르다 방법을 연습한다.,미학습
고급 필수 영단어,lead,[동사] 이끌다,Learners practice how to lead in English.,학습자는 영어로 이끌다 방법을 연습한다.,미학습
고급 필수 영단어,meet,[동사] 만나다,Learners practice how to meet in English.,학습자는 영어로 만나다 방법을 연습한다.,미학습
고급 필수 영단어,join,[동사] 가입하다,Learners practice how to join in English.,학습자는 영어로 가입하다 방법을 연습한다.,미학습
고급 필수 영단어,leave,[동사] 떠나다,Learners practice how to leave in English.,학습자는 영어로 떠나다 방법을 연습한다.,미학습
고급 필수 영단어,arrive,[동사] 도착하다,Learners practice how to arrive in English.,학습자는 영어로 도착하다 방법을 연습한다.,미학습
고급 필수 영단어,visit,[동사] 방문하다,Learners practice how to visit in English.,학습자는 영어로 방문하다 방법을 연습한다.,미학습
고급 필수 영단어,call,[동사] 부르다,Learners practice how to call in English.,학습자는 영어로 부르다 방법을 연습한다.,미학습
고급 필수 영단어,contact,[동사] 연락하다,Learners practice how to contact in English.,학습자는 영어로 연락하다 방법을 연습한다.,미학습
고급 필수 영단어,check,[동사] 확인하다,Learners practice how to check in English.,학습자는 영어로 확인하다 방법을 연습한다.,미학습
고급 필수 영단어,choose,[동사] 선택하다,Learners practice how to choose in English.,학습자는 영어로 선택하다 방법을 연습한다.,미학습
고급 필수 영단어,decide,[동사] 결정하다,Learners practice how to decide in English.,학습자는 영어로 결정하다 방법을 연습한다.,미학습
고급 필수 영단어,grow,[동사] 자라다,Learners practice how to grow in English.,학습자는 영어로 자라다 방법을 연습한다.,미학습
고급 필수 영단어,build,[동사] 짓다,Learners practice how to build in English.,학습자는 영어로 짓다 방법을 연습한다.,미학습
고급 필수 영단어,create,[동사] 창조하다,Learners practice how to create in English.,학습자는 영어로 창조하다 방법을 연습한다.,미학습
고급 필수 영단어,develop,[동사] 개발하다,Learners practice how to develop in English.,학습자는 영어로 개발하다 방법을 연습한다.,미학습
고급 필수 영단어,improve,[동사] 개선하다,Learners practice how to improve in English.,학습자는 영어로 개선하다 방법을 연습한다.,미학습
고급 필수 영단어,reduce,[동사] 줄이다,Learners practice how to reduce in English.,학습자는 영어로 줄이다 방법을 연습한다.,미학습
고급 필수 영단어,increase,[동사] 증가시키다,Learners practice how to increase in English.,학습자는 영어로 증가시키다 방법을 연습한다.,미학습
고급 필수 영단어,compare,[동사] 비교하다,Learners practice how to compare in English.,학습자는 영어로 비교하다 방법을 연습한다.,미학습
고급 필수 영단어,explain,[동사] 설명하다,Learners practice how to explain in English.,학습자는 영어로 설명하다 방법을 연습한다.,미학습
고급 필수 영단어,describe,[동사] 묘사하다,Learners practice how to describe in English.,학습자는 영어로 묘사하다 방법을 연습한다.,미학습
고급 필수 영단어,discuss,[동사] 논의하다,Learners practice how to discuss in English.,학습자는 영어로 논의하다 방법을 연습한다.,미학습
고급 필수 영단어,agree,[동사] 동의하다,Learners practice how to agree in English.,학습자는 영어로 동의하다 방법을 연습한다.,미학습
고급 필수 영단어,prepare,[동사] 준비하다,Learners practice how to prepare in English.,학습자는 영어로 준비하다 방법을 연습한다.,미학습
고급 필수 영단어,manage,[동사] 관리하다,Learners practice how to manage in English.,학습자는 영어로 관리하다 방법을 연습한다.,미학습
고급 필수 영단어,protect,[동사] 보호하다,Learners practice how to protect in English.,학습자는 영어로 보호하다 방법을 연습한다.,미학습
고급 필수 영단어,serve,[동사] 제공하다,Learners practice how to serve in English.,학습자는 영어로 제공하다 방법을 연습한다.,미학습
고급 필수 영단어,produce,[동사] 생산하다,Learners practice how to produce in English.,학습자는 영어로 생산하다 방법을 연습한다.,미학습
고급 필수 영단어,deliver,[동사] 배달하다,Learners practice how to deliver in English.,학습자는 영어로 배달하다 방법을 연습한다.,미학습
고급 필수 영단어,collect,[동사] 수집하다,Learners practice how to collect in English.,학습자는 영어로 수집하다 방법을 연습한다.,미학습
고급 필수 영단어,organize,[동사] 조직하다,Learners practice how to organize in English.,학습자는 영어로 조직하다 방법을 연습한다.,미학습
고급 필수 영단어,search,[동사] 찾다,Learners practice how to search in English.,학습자는 영어로 찾다 방법을 연습한다.,미학습
고급 필수 영단어,find,[동사] 찾다,Learners practice how to find in English.,학습자는 영어로 찾다 방법을 연습한다.,미학습
고급 필수 영단어,lose,[동사] 잃다,Learners practice how to lose in English.,학습자는 영어로 잃다 방법을 연습한다.,미학습
고급 필수 영단어,keep,[동사] 유지하다,Learners practice how to keep in English.,학습자는 영어로 유지하다 방법을 연습한다.,미학습
고급 필수 영단어,hold,[동사] 잡다,Learners practice how to hold in English.,학습자는 영어로 잡다 방법을 연습한다.,미학습
고급 필수 영단어,carry,[동사] 나르다,Learners practice how to carry in English.,학습자는 영어로 나르다 방법을 연습한다.,미학습
고급 필수 영단어,drive,[동사] 운전하다,Learners practice how to drive in English.,학습자는 영어로 운전하다 방법을 연습한다.,미학습
고급 필수 영단어,fly,[동사] 날다,Learners practice how to fly in English.,학습자는 영어로 날다 방법을 연습한다.,미학습
고급 필수 영단어,swim,[동사] 수영하다,Learners practice how to swim in English.,학습자는 영어로 수영하다 방법을 연습한다.,미학습
고급 필수 영단어,draw,[동사] 그리다,Learners practice how to draw in English.,학습자는 영어로 그리다 방법을 연습한다.,미학습
고급 필수 영단어,paint,[동사] 칠하다,Learners practice how to paint in English.,학습자는 영어로 칠하다 방법을 연습한다.,미학습
고급 필수 영단어,sing,[동사] 노래하다,Learners practice how to sing in English.,학습자는 영어로 노래하다 방법을 연습한다.,미학습
고급 필수 영단어,dance,[동사] 춤추다,Learners practice how to dance in English.,학습자는 영어로 춤추다 방법을 연습한다.,미학습
고급 필수 영단어,laugh,[동사] 웃다,Learners practice how to laugh in English.,학습자는 영어로 웃다 방법을 연습한다.,미학습
고급 필수 영단어,cry,[동사] 울다,Learners practice how to cry in English.,학습자는 영어로 울다 방법을 연습한다.,미학습
고급 필수 영단어,wait,[동사] 기다리다,Learners practice how to wait in English.,학습자는 영어로 기다리다 방법을 연습한다.,미학습
고급 필수 영단어,rest,[동사] 쉬다,Learners practice how to rest in English.,학습자는 영어로 쉬다 방법을 연습한다.,미학습
고급 필수 영단어,small,[형용사] 작은,The situation is small.,그 상황은 작은 상태이다.,미학습
고급 필수 영단어,large,[형용사] 큰,The situation is large.,그 상황은 큰 상태이다.,미학습
고급 필수 영단어,young,[형용사] 어린,The situation is young.,그 상황은 어린 상태이다.,미학습
고급 필수 영단어,old,[형용사] 나이든,The situation is old.,그 상황은 나이든 상태이다.,미학습
고급 필수 영단어,new,[형용사] 새로운,The situation is new.,그 상황은 새로운 상태이다.,미학습
고급 필수 영단어,early,[형용사] 이른,The situation is early.,그 상황은 이른 상태이다.,미학습
고급 필수 영단어,late,[형용사] 늦은,The situation is late.,그 상황은 늦은 상태이다.,미학습
고급 필수 영단어,good,[형용사] 좋은,The situation is good.,그 상황은 좋은 상태이다.,미학습
고급 필수 영단어,bad,[형용사] 나쁜,The situation is bad.,그 상황은 나쁜 상태이다.,미학습
고급 필수 영단어,wrong,[형용사] 틀린,The situation is wrong.,그 상황은 틀린 상태이다.,미학습
고급 필수 영단어,easy,[형용사] 쉬운,The situation is easy.,그 상황은 쉬운 상태이다.,미학습
고급 필수 영단어,hard,[형용사] 어려운,The situation is hard.,그 상황은 어려운 상태이다.,미학습
고급 필수 영단어,simple,[형용사] 단순한,The situation is simple.,그 상황은 단순한 상태이다.,미학습
고급 필수 영단어,clear,[형용사] 명확한,The situation is clear.,그 상황은 명확한 상태이다.,미학습
고급 필수 영단어,dark,[형용사] 어두운,The situation is dark.,그 상황은 어두운 상태이다.,미학습
고급 필수 영단어,bright,[형용사] 밝은,The situation is bright.,그 상황은 밝은 상태이다.,미학습
고급 필수 영단어,hot,[형용사] 뜨거운,The situation is hot.,그 상황은 뜨거운 상태이다.,미학습
고급 필수 영단어,cold,[형용사] 차가운,The situation is cold.,그 상황은 차가운 상태이다.,미학습
고급 필수 영단어,warm,[형용사] 따뜻한,The situation is warm.,그 상황은 따뜻한 상태이다.,미학습
고급 필수 영단어,cool,[형용사] 시원한,The situation is cool.,그 상황은 시원한 상태이다.,미학습
고급 필수 영단어,fast,[형용사] 빠른,The situation is fast.,그 상황은 빠른 상태이다.,미학습
고급 필수 영단어,slow,[형용사] 느린,The situation is slow.,그 상황은 느린 상태이다.,미학습
고급 필수 영단어,high,[형용사] 높은,The situation is high.,그 상황은 높은 상태이다.,미학습
고급 필수 영단어,low,[형용사] 낮은,The situation is low.,그 상황은 낮은 상태이다.,미학습
고급 필수 영단어,short,[형용사] 짧은,The situation is short.,그 상황은 짧은 상태이다.,미학습
고급 필수 영단어,long,[형용사] 긴,The situation is long.,그 상황은 긴 상태이다.,미학습
고급 필수 영단어,strong,[형용사] 강한,The situation is strong.,그 상황은 강한 상태이다.,미학습
고급 필수 영단어,weak,[형용사] 약한,The situation is weak.,그 상황은 약한 상태이다.,미학습
고급 필수 영단어,clean,[형용사] 깨끗한,The situation is clean.,그 상황은 깨끗한 상태이다.,미학습
고급 필수 영단어,dirty,[형용사] 더러운,The situation is dirty.,그 상황은 더러운 상태이다.,미학습
고급 필수 영단어,safe,[형용사] 안전한,The situation is safe.,그 상황은 안전한 상태이다.,미학습
고급 필수 영단어,dangerous,[형용사] 위험한,The situation is dangerous.,그 상황은 위험한 상태이다.,미학습
고급 필수 영단어,healthy,[형용사] 건강한,The situation is healthy.,그 상황은 건강한 상태이다.,미학습
고급 필수 영단어,sick,[형용사] 아픈,The situation is sick.,그 상황은 아픈 상태이다.,미학습
고급 필수 영단어,happy,[형용사] 행복한,The situation is happy.,그 상황은 행복한 상태이다.,미학습
고급 필수 영단어,sad,[형용사] 슬픈,The situation is sad.,그 상황은 슬픈 상태이다.,미학습
고급 필수 영단어,angry,[형용사] 화난,The situation is angry.,그 상황은 화난 상태이다.,미학습
고급 필수 영단어,afraid,[형용사] 두려운,The situation is afraid.,그 상황은 두려운 상태이다.,미학습
고급 필수 영단어,busy,[형용사] 바쁜,The situation is busy.,그 상황은 바쁜 상태이다.,미학습
고급 필수 영단어,free,[형용사] 자유로운,The situation is free.,그 상황은 자유로운 상태이다.,미학습
고급 필수 영단어,ready,[형용사] 준비된,The situation is ready.,그 상황은 준비된 상태이다.,미학습
고급 필수 영단어,able,[형용사] 할 수 있는,The situation is able.,그 상황은 할 수 있는 상태이다.,미학습
고급 필수 영단어,polite,[형용사] 공손한,The situation is polite.,그 상황은 공손한 상태이다.,미학습
고급 필수 영단어,quiet,[형용사] 조용한,The situation is quiet.,그 상황은 조용한 상태이다.,미학습
고급 필수 영단어,loud,[형용사] 시끄러운,The situation is loud.,그 상황은 시끄러운 상태이다.,미학습
고급 필수 영단어,rich,[형용사] 부유한,The situation is rich.,그 상황은 부유한 상태이다.,미학습
고급 필수 영단어,poor,[형용사] 가난한,The situation is poor.,그 상황은 가난한 상태이다.,미학습
고급 필수 영단어,full,[형용사] 가득 찬,The situation is full.,그 상황은 가득 찬 상태이다.,미학습
고급 필수 영단어,empty,[형용사] 빈,The situation is empty.,그 상황은 빈 상태이다.,미학습
고급 필수 영단어,heavy,[형용사] 무거운,The situation is heavy.,그 상황은 무거운 상태이다.,미학습
고급 필수 영단어,beautiful,[형용사] 아름다운,The situation is beautiful.,그 상황은 아름다운 상태이다.,미학습
고급 필수 영단어,ugly,[형용사] 못생긴,The situation is ugly.,그 상황은 못생긴 상태이다.,미학습
고급 필수 영단어,important,[형용사] 중요한,The situation is important.,그 상황은 중요한 상태이다.,미학습
고급 필수 영단어,useful,[형용사] 유용한,The situation is useful.,그 상황은 유용한 상태이다.,미학습
고급 필수 영단어,special,[형용사] 특별한,The situation is special.,그 상황은 특별한 상태이다.,미학습
고급 필수 영단어,common,[형용사] 흔한,The situation is common.,그 상황은 흔한 상태이다.,미학습
고급 필수 영단어,private,[형용사] 사적인,The situation is private.,그 상황은 사적인 상태이다.,미학습
고급 필수 영단어,local,[형용사] 지역의,The situation is local.,그 상황은 지역의 상태이다.,미학습
고급 필수 영단어,global,[형용사] 세계적인,The situation is global.,그 상황은 세계적인 상태이다.,미학습
고급 필수 영단어,basic,[형용사] 기본적인,The situation is basic.,그 상황은 기본적인 상태이다.,미학습
고급 필수 영단어,advanced,[형용사] 고급의,The situation is advanced.,그 상황은 고급의 상태이다.,미학습
고급 필수 영단어,natural,[형용사] 자연의,The situation is natural.,그 상황은 자연의 상태이다.,미학습
고급 필수 영단어,modern,[형용사] 현대의,The situation is modern.,그 상황은 현대의 상태이다.,미학습
고급 필수 영단어,quick,[형용사] 빠른,The situation is quick.,그 상황은 빠른 상태이다.,미학습
고급 필수 영단어,careful,[형용사] 주의 깊은,The situation is careful.,그 상황은 주의 깊은 상태이다.,미학습
고급 필수 영단어,possible,[형용사] 가능한,The situation is possible.,그 상황은 가능한 상태이다.,미학습
고급 필수 영단어,main,[형용사] 주요한,The situation is main.,그 상황은 주요한 상태이다.,미학습
고급 필수 영단어,final,[형용사] 최종의,The situation is final.,그 상황은 최종의 상태이다.,미학습
고급 필수 영단어,daily,[형용사] 매일의,The situation is daily.,그 상황은 매일의 상태이다.,미학습
고급 필수 영단어,weekly,[형용사] 매주의,The situation is weekly.,그 상황은 매주의 상태이다.,미학습
고급 필수 영단어,monthly,[형용사] 매월의,The situation is monthly.,그 상황은 매월의 상태이다.,미학습
고급 필수 영단어,accurate,[형용사] 정확한,The situation is accurate.,그 상황은 정확한 상태이다.,미학습
고급 필수 영단어,active,[형용사] 활동적인,The situation is active.,그 상황은 활동적인 상태이다.,미학습
고급 필수 영단어,calm,[형용사] 차분한,The situation is calm.,그 상황은 차분한 상태이다.,미학습
고급 필수 영단어,eager,[형용사] 열망하는,The situation is eager.,그 상황은 열망하는 상태이다.,미학습
고급 필수 영단어,creative,[형용사] 창의적인,The situation is creative.,그 상황은 창의적인 상태이다.,미학습
고급 필수 영단어,usually,[부사] 보통,She worked usually today.,그녀는 오늘 보통 일했다.,미학습
고급 필수 영단어,often,[부사] 자주,She worked often today.,그녀는 오늘 자주 일했다.,미학습
고급 필수 영단어,always,[부사] 항상,She worked always today.,그녀는 오늘 항상 일했다.,미학습
고급 필수 영단어,never,[부사] 결코,She worked never today.,그녀는 오늘 결코 일했다.,미학습
고급 필수 영단어,sometimes,[부사] 가끔,She worked sometimes today.,그녀는 오늘 가끔 일했다.,미학습
고급 필수 영단어,quickly,[부사] 빨리,She worked quickly today.,그녀는 오늘 빨리 일했다.,미학습
고급 필수 영단어,slowly,[부사] 천천히,She worked slowly today.,그녀는 오늘 천천히 일했다.,미학습
고급 필수 영단어,carefully,[부사] 조심스럽게,She worked carefully today.,그녀는 오늘 조심스럽게 일했다.,미학습
고급 필수 영단어,clearly,[부사] 명확하게,She worked clearly today.,그녀는 오늘 명확하게 일했다.,미학습
고급 필수 영단어,easily,[부사] 쉽게,She worked easily today.,그녀는 오늘 쉽게 일했다.,미학습
여행 영어,apple,[명사] 사과,We talked about apple during the lesson.,우리는 수업 중 사과에 대해 이야기했다.,미학습
여행 영어,banana,[명사] 바나나,We talked about banana during the lesson.,우리는 수업 중 바나나에 대해 이야기했다.,미학습
여행 영어,orange,[명사] 오렌지,We talked about orange during the lesson.,우리는 수업 중 오렌지에 대해 이야기했다.,미학습
여행 영어,grape,[명사] 포도,We talked about grape during the lesson.,우리는 수업 중 포도에 대해 이야기했다.,미학습
여행 영어,lemon,[명사] 레몬,We talked about lemon during the lesson.,우리는 수업 중 레몬에 대해 이야기했다.,미학습
여행 영어,peach,[명사] 복숭아,We talked about peach during the lesson.,우리는 수업 중 복숭아에 대해 이야기했다.,미학습
여행 영어,pear,[명사] 배,We talked about pear during the lesson.,우리는 수업 중 배에 대해 이야기했다.,미학습
여행 영어,melon,[명사] 멜론,We talked about melon during the lesson.,우리는 수업 중 멜론에 대해 이야기했다.,미학습
여행 영어,berry,[명사] 베리,We talked about berry during the lesson.,우리는 수업 중 베리에 대해 이야기했다.,미학습
여행 영어,mango,[명사] 망고,We talked about mango during the lesson.,우리는 수업 중 망고에 대해 이야기했다.,미학습
여행 영어,bread,[명사] 빵,We talked about bread during the lesson.,우리는 수업 중 빵에 대해 이야기했다.,미학습
여행 영어,rice,[명사] 쌀밥,We talked about rice during the lesson.,우리는 수업 중 쌀밥에 대해 이야기했다.,미학습
여행 영어,water,[명사] 물,We talked about water during the lesson.,우리는 수업 중 물에 대해 이야기했다.,미학습
여행 영어,milk,[명사] 우유,We talked about milk during the lesson.,우리는 수업 중 우유에 대해 이야기했다.,미학습
여행 영어,juice,[명사] 주스,We talked about juice during the lesson.,우리는 수업 중 주스에 대해 이야기했다.,미학습
여행 영어,coffee,[명사] 커피,We talked about coffee during the lesson.,우리는 수업 중 커피에 대해 이야기했다.,미학습
여행 영어,tea,[명사] 차,We talked about tea during the lesson.,우리는 수업 중 차에 대해 이야기했다.,미학습
여행 영어,salt,[명사] 소금,We talked about salt during the lesson.,우리는 수업 중 소금에 대해 이야기했다.,미학습
여행 영어,sugar,[명사] 설탕,We talked about sugar during the lesson.,우리는 수업 중 설탕에 대해 이야기했다.,미학습
여행 영어,honey,[명사] 꿀,We talked about honey during the lesson.,우리는 수업 중 꿀에 대해 이야기했다.,미학습
여행 영어,egg,[명사] 달걀,We talked about egg during the lesson.,우리는 수업 중 달걀에 대해 이야기했다.,미학습
여행 영어,meat,[명사] 고기,We talked about meat during the lesson.,우리는 수업 중 고기에 대해 이야기했다.,미학습
여행 영어,fish,[명사] 생선,We talked about fish during the lesson.,우리는 수업 중 생선에 대해 이야기했다.,미학습
여행 영어,cheese,[명사] 치즈,We talked about cheese during the lesson.,우리는 수업 중 치즈에 대해 이야기했다.,미학습
여행 영어,soup,[명사] 수프,We talked about soup during the lesson.,우리는 수업 중 수프에 대해 이야기했다.,미학습
여행 영어,salad,[명사] 샐러드,We talked about salad during the lesson.,우리는 수업 중 샐러드에 대해 이야기했다.,미학습
여행 영어,meal,[명사] 식사,We talked about meal during the lesson.,우리는 수업 중 식사에 대해 이야기했다.,미학습
여행 영어,lunch,[명사] 점심식사,We talked about lunch during the lesson.,우리는 수업 중 점심식사에 대해 이야기했다.,미학습
여행 영어,dinner,[명사] 저녁식사,We talked about dinner during the lesson.,우리는 수업 중 저녁식사에 대해 이야기했다.,미학습
여행 영어,family,[명사] 가족,We talked about family during the lesson.,우리는 수업 중 가족에 대해 이야기했다.,미학습
여행 영어,parent,[명사] 부모,We talked about parent during the lesson.,우리는 수업 중 부모에 대해 이야기했다.,미학습
여행 영어,child,[명사] 아이,We talked about child during the lesson.,우리는 수업 중 아이에 대해 이야기했다.,미학습
여행 영어,friend,[명사] 친구,We talked about friend during the lesson.,우리는 수업 중 친구에 대해 이야기했다.,미학습
여행 영어,teacher,[명사] 교사,We talked about teacher during the lesson.,우리는 수업 중 교사에 대해 이야기했다.,미학습
여행 영어,student,[명사] 학생,We talked about student during the lesson.,우리는 수업 중 학생에 대해 이야기했다.,미학습
여행 영어,school,[명사] 학교,We talked about school during the lesson.,우리는 수업 중 학교에 대해 이야기했다.,미학습
여행 영어,class,[명사] 수업,We talked about class during the lesson.,우리는 수업 중 수업에 대해 이야기했다.,미학습
여행 영어,lesson,[명사] 과목,We talked about lesson during the lesson.,우리는 수업 중 과목에 대해 이야기했다.,미학습
여행 영어,book,[명사] 책,We talked about book during the lesson.,우리는 수업 중 책에 대해 이야기했다.,미학습
여행 영어,page,[명사] 쪽,We talked about page during the lesson.,우리는 수업 중 쪽에 대해 이야기했다.,미학습
여행 영어,paper,[명사] 종이,We talked about paper during the lesson.,우리는 수업 중 종이에 대해 이야기했다.,미학습
여행 영어,pen,[명사] 펜,We talked about pen during the lesson.,우리는 수업 중 펜에 대해 이야기했다.,미학습
여행 영어,pencil,[명사] 연필,We talked about pencil during the lesson.,우리는 수업 중 연필에 대해 이야기했다.,미학습
여행 영어,desk,[명사] 책상,We talked about desk during the lesson.,우리는 수업 중 책상에 대해 이야기했다.,미학습
여행 영어,chair,[명사] 의자,We talked about chair during the lesson.,우리는 수업 중 의자에 대해 이야기했다.,미학습
여행 영어,door,[명사] 문,We talked about door during the lesson.,우리는 수업 중 문에 대해 이야기했다.,미학습
여행 영어,window,[명사] 창문,We talked about window during the lesson.,우리는 수업 중 창문에 대해 이야기했다.,미학습
여행 영어,room,[명사] 방,We talked about room during the lesson.,우리는 수업 중 방에 대해 이야기했다.,미학습
여행 영어,house,[명사] 집,We talked about house during the lesson.,우리는 수업 중 집에 대해 이야기했다.,미학습
여행 영어,home,[명사] 가정,We talked about home during the lesson.,우리는 수업 중 가정에 대해 이야기했다.,미학습
여행 영어,kitchen,[명사] 부엌,We talked about kitchen during the lesson.,우리는 수업 중 부엌에 대해 이야기했다.,미학습
여행 영어,bathroom,[명사] 욕실,We talked about bathroom during the lesson.,우리는 수업 중 욕실에 대해 이야기했다.,미학습
여행 영어,bedroom,[명사] 침실,We talked about bedroom during the lesson.,우리는 수업 중 침실에 대해 이야기했다.,미학습
여행 영어,garden,[명사] 정원,We talked about garden during the lesson.,우리는 수업 중 정원에 대해 이야기했다.,미학습
여행 영어,street,[명사] 거리,We talked about street during the lesson.,우리는 수업 중 거리에 대해 이야기했다.,미학습
여행 영어,road,[명사] 도로,We talked about road during the lesson.,우리는 수업 중 도로에 대해 이야기했다.,미학습
여행 영어,city,[명사] 도시,We talked about city during the lesson.,우리는 수업 중 도시에 대해 이야기했다.,미학습
여행 영어,town,[명사] 마을,We talked about town during the lesson.,우리는 수업 중 마을에 대해 이야기했다.,미학습
여행 영어,village,[명사] 촌락,We talked about village during the lesson.,우리는 수업 중 촌락에 대해 이야기했다.,미학습
여행 영어,country,[명사] 나라,We talked about country during the lesson.,우리는 수업 중 나라에 대해 이야기했다.,미학습
여행 영어,world,[명사] 세계,We talked about world during the lesson.,우리는 수업 중 세계에 대해 이야기했다.,미학습
여행 영어,earth,[명사] 지구,We talked about earth during the lesson.,우리는 수업 중 지구에 대해 이야기했다.,미학습
여행 영어,sky,[명사] 하늘,We talked about sky during the lesson.,우리는 수업 중 하늘에 대해 이야기했다.,미학습
여행 영어,sun,[명사] 태양,We talked about sun during the lesson.,우리는 수업 중 태양에 대해 이야기했다.,미학습
여행 영어,moon,[명사] 달,We talked about moon during the lesson.,우리는 수업 중 달에 대해 이야기했다.,미학습
여행 영어,star,[명사] 별,We talked about star during the lesson.,우리는 수업 중 별에 대해 이야기했다.,미학습
여행 영어,cloud,[명사] 구름,We talked about cloud during the lesson.,우리는 수업 중 구름에 대해 이야기했다.,미학습
여행 영어,rain,[명사] 비,We talked about rain during the lesson.,우리는 수업 중 비에 대해 이야기했다.,미학습
여행 영어,snow,[명사] 눈,We talked about snow during the lesson.,우리는 수업 중 눈에 대해 이야기했다.,미학습
여행 영어,wind,[명사] 바람,We talked about wind during the lesson.,우리는 수업 중 바람에 대해 이야기했다.,미학습
여행 영어,fire,[명사] 불,We talked about fire during the lesson.,우리는 수업 중 불에 대해 이야기했다.,미학습
여행 영어,tree,[명사] 나무,We talked about tree during the lesson.,우리는 수업 중 나무에 대해 이야기했다.,미학습
여행 영어,flower,[명사] 꽃,We talked about flower during the lesson.,우리는 수업 중 꽃에 대해 이야기했다.,미학습
여행 영어,grass,[명사] 풀,We talked about grass during the lesson.,우리는 수업 중 풀에 대해 이야기했다.,미학습
여행 영어,river,[명사] 강,We talked about river during the lesson.,우리는 수업 중 강에 대해 이야기했다.,미학습
여행 영어,lake,[명사] 호수,We talked about lake during the lesson.,우리는 수업 중 호수에 대해 이야기했다.,미학습
여행 영어,sea,[명사] 바다,We talked about sea during the lesson.,우리는 수업 중 바다에 대해 이야기했다.,미학습
여행 영어,forest,[명사] 숲,We talked about forest during the lesson.,우리는 수업 중 숲에 대해 이야기했다.,미학습
여행 영어,field,[명사] 들판,We talked about field during the lesson.,우리는 수업 중 들판에 대해 이야기했다.,미학습
여행 영어,animal,[명사] 동물,We talked about animal during the lesson.,우리는 수업 중 동물에 대해 이야기했다.,미학습
여행 영어,bird,[명사] 새,We talked about bird during the lesson.,우리는 수업 중 새에 대해 이야기했다.,미학습
여행 영어,cat,[명사] 고양이,We talked about cat during the lesson.,우리는 수업 중 고양이에 대해 이야기했다.,미학습
여행 영어,dog,[명사] 개,We talked about dog during the lesson.,우리는 수업 중 개에 대해 이야기했다.,미학습
여행 영어,horse,[명사] 말,We talked about horse during the lesson.,우리는 수업 중 말에 대해 이야기했다.,미학습
여행 영어,cow,[명사] 소,We talked about cow during the lesson.,우리는 수업 중 소에 대해 이야기했다.,미학습
여행 영어,sheep,[명사] 양,We talked about sheep during the lesson.,우리는 수업 중 양에 대해 이야기했다.,미학습
여행 영어,rabbit,[명사] 토끼,We talked about rabbit during the lesson.,우리는 수업 중 토끼에 대해 이야기했다.,미학습
여행 영어,mouse,[명사] 쥐,We talked about mouse during the lesson.,우리는 수업 중 쥐에 대해 이야기했다.,미학습
여행 영어,bear,[명사] 곰,We talked about bear during the lesson.,우리는 수업 중 곰에 대해 이야기했다.,미학습
여행 영어,lion,[명사] 사자,We talked about lion during the lesson.,우리는 수업 중 사자에 대해 이야기했다.,미학습
여행 영어,tiger,[명사] 호랑이,We talked about tiger during the lesson.,우리는 수업 중 호랑이에 대해 이야기했다.,미학습
여행 영어,elephant,[명사] 코끼리,We talked about elephant during the lesson.,우리는 수업 중 코끼리에 대해 이야기했다.,미학습
여행 영어,monkey,[명사] 원숭이,We talked about monkey during the lesson.,우리는 수업 중 원숭이에 대해 이야기했다.,미학습
여행 영어,body,[명사] 몸,We talked about body during the lesson.,우리는 수업 중 몸에 대해 이야기했다.,미학습
여행 영어,head,[명사] 머리,We talked about head during the lesson.,우리는 수업 중 머리에 대해 이야기했다.,미학습
여행 영어,face,[명사] 얼굴,We talked about face during the lesson.,우리는 수업 중 얼굴에 대해 이야기했다.,미학습
여행 영어,eye,[명사] 눈,We talked about eye during the lesson.,우리는 수업 중 눈에 대해 이야기했다.,미학습
여행 영어,ear,[명사] 귀,We talked about ear during the lesson.,우리는 수업 중 귀에 대해 이야기했다.,미학습
여행 영어,nose,[명사] 코,We talked about nose during the lesson.,우리는 수업 중 코에 대해 이야기했다.,미학습
여행 영어,mouth,[명사] 입,We talked about mouth during the lesson.,우리는 수업 중 입에 대해 이야기했다.,미학습
여행 영어,tooth,[명사] 이,We talked about tooth during the lesson.,우리는 수업 중 이에 대해 이야기했다.,미학습
여행 영어,hand,[명사] 손,We talked about hand during the lesson.,우리는 수업 중 손에 대해 이야기했다.,미학습
여행 영어,arm,[명사] 팔,We talked about arm during the lesson.,우리는 수업 중 팔에 대해 이야기했다.,미학습
여행 영어,leg,[명사] 다리,We talked about leg during the lesson.,우리는 수업 중 다리에 대해 이야기했다.,미학습
여행 영어,foot,[명사] 발,We talked about foot during the lesson.,우리는 수업 중 발에 대해 이야기했다.,미학습
여행 영어,heart,[명사] 심장,We talked about heart during the lesson.,우리는 수업 중 심장에 대해 이야기했다.,미학습
여행 영어,mind,[명사] 마음,We talked about mind during the lesson.,우리는 수업 중 마음에 대해 이야기했다.,미학습
여행 영어,name,[명사] 이름,We talked about name during the lesson.,우리는 수업 중 이름에 대해 이야기했다.,미학습
여행 영어,number,[명사] 숫자,We talked about number during the lesson.,우리는 수업 중 숫자에 대해 이야기했다.,미학습
여행 영어,color,[명사] 색,We talked about color during the lesson.,우리는 수업 중 색에 대해 이야기했다.,미학습
여행 영어,sound,[명사] 소리,We talked about sound during the lesson.,우리는 수업 중 소리에 대해 이야기했다.,미학습
여행 영어,voice,[명사] 목소리,We talked about voice during the lesson.,우리는 수업 중 목소리에 대해 이야기했다.,미학습
여행 영어,music,[명사] 음악,We talked about music during the lesson.,우리는 수업 중 음악에 대해 이야기했다.,미학습
여행 영어,song,[명사] 노래,We talked about song during the lesson.,우리는 수업 중 노래에 대해 이야기했다.,미학습
여행 영어,picture,[명사] 그림,We talked about picture during the lesson.,우리는 수업 중 그림에 대해 이야기했다.,학습 중
여행 영어,movie,[명사] 영화,We talked about movie during the lesson.,우리는 수업 중 영화에 대해 이야기했다.,미학습
여행 영어,game,[명사] 게임,We talked about game during the lesson.,우리는 수업 중 게임에 대해 이야기했다.,미학습
여행 영어,sport,[명사] 운동경기,We talked about sport during the lesson.,우리는 수업 중 운동경기에 대해 이야기했다.,미학습
여행 영어,ball,[명사] 공,We talked about ball during the lesson.,우리는 수업 중 공에 대해 이야기했다.,미학습
여행 영어,team,[명사] 팀,We talked about team during the lesson.,우리는 수업 중 팀에 대해 이야기했다.,미학습
여행 영어,player,[명사] 선수,We talked about player during the lesson.,우리는 수업 중 선수에 대해 이야기했다.,미학습
여행 영어,shop,[명사] 가게,We talked about shop during the lesson.,우리는 수업 중 가게에 대해 이야기했다.,미학습
여행 영어,store,[명사] 상점,We talked about store during the lesson.,우리는 수업 중 상점에 대해 이야기했다.,미학습
여행 영어,money,[명사] 돈,We talked about money during the lesson.,우리는 수업 중 돈에 대해 이야기했다.,미학습
여행 영어,cost,[명사] 비용,We talked about cost during the lesson.,우리는 수업 중 비용에 대해 이야기했다.,미학습
여행 영어,gift,[명사] 선물,We talked about gift during the lesson.,우리는 수업 중 선물에 대해 이야기했다.,미학습
여행 영어,bag,[명사] 가방,We talked about bag during the lesson.,우리는 수업 중 가방에 대해 이야기했다.,미학습
여행 영어,box,[명사] 상자,We talked about box during the lesson.,우리는 수업 중 상자에 대해 이야기했다.,미학습
여행 영어,key,[명사] 열쇠,We talked about key during the lesson.,우리는 수업 중 열쇠에 대해 이야기했다.,미학습
여행 영어,phone,[명사] 전화,We talked about phone during the lesson.,우리는 수업 중 전화에 대해 이야기했다.,미학습
여행 영어,computer,[명사] 컴퓨터,We talked about computer during the lesson.,우리는 수업 중 컴퓨터에 대해 이야기했다.,미학습
여행 영어,screen,[명사] 화면,We talked about screen during the lesson.,우리는 수업 중 화면에 대해 이야기했다.,미학습
여행 영어,camera,[명사] 카메라,We talked about camera during the lesson.,우리는 수업 중 카메라에 대해 이야기했다.,미학습
여행 영어,radio,[명사] 라디오,We talked about radio during the lesson.,우리는 수업 중 라디오에 대해 이야기했다.,미학습
여행 영어,clock,[명사] 시계,We talked about clock during the lesson.,우리는 수업 중 시계에 대해 이야기했다.,미학습
여행 영어,watch,[명사] 손목시계,We talked about watch during the lesson.,우리는 수업 중 손목시계에 대해 이야기했다.,미학습
여행 영어,car,[명사] 자동차,We talked about car during the lesson.,우리는 수업 중 자동차에 대해 이야기했다.,미학습
여행 영어,plane,[명사] 비행기,We talked about plane during the lesson.,우리는 수업 중 비행기에 대해 이야기했다.,미학습
여행 영어,ship,[명사] 배,We talked about ship during the lesson.,우리는 수업 중 배에 대해 이야기했다.,미학습
여행 영어,bike,[명사] 자전거,We talked about bike during the lesson.,우리는 수업 중 자전거에 대해 이야기했다.,미학습
여행 영어,trip,[명사] 여행,We talked about trip during the lesson.,우리는 수업 중 여행에 대해 이야기했다.,미학습
여행 영어,travel,[명사] 여행,We talked about travel during the lesson.,우리는 수업 중 여행에 대해 이야기했다.,미학습
여행 영어,vacation,[명사] 휴가,We talked about vacation during the lesson.,우리는 수업 중 휴가에 대해 이야기했다.,미학습
여행 영어,morning,[명사] 아침,We talked about morning during the lesson.,우리는 수업 중 아침에 대해 이야기했다.,미학습
여행 영어,afternoon,[명사] 오후,We talked about afternoon during the lesson.,우리는 수업 중 오후에 대해 이야기했다.,미학습
여행 영어,evening,[명사] 저녁,We talked about evening during the lesson.,우리는 수업 중 저녁에 대해 이야기했다.,미학습
여행 영어,night,[명사] 밤,We talked about night during the lesson.,우리는 수업 중 밤에 대해 이야기했다.,미학습
여행 영어,day,[명사] 날,We talked about day during the lesson.,우리는 수업 중 날에 대해 이야기했다.,미학습
여행 영어,week,[명사] 주,We talked about week during the lesson.,우리는 수업 중 주에 대해 이야기했다.,미학습
여행 영어,month,[명사] 달,We talked about month during the lesson.,우리는 수업 중 달에 대해 이야기했다.,미학습
여행 영어,year,[명사] 해,We talked about year during the lesson.,우리는 수업 중 해에 대해 이야기했다.,미학습
여행 영어,time,[명사] 시간,We talked about time during the lesson.,우리는 수업 중 시간에 대해 이야기했다.,미학습
여행 영어,hour,[명사] 시간,We talked about hour during the lesson.,우리는 수업 중 시간에 대해 이야기했다.,미학습
여행 영어,minute,[명사] 분,We talked about minute during the lesson.,우리는 수업 중 분에 대해 이야기했다.,미학습
여행 영어,moment,[명사] 순간,We talked about moment during the lesson.,우리는 수업 중 순간에 대해 이야기했다.,미학습
여행 영어,life,[명사] 삶,We talked about life during the lesson.,우리는 수업 중 삶에 대해 이야기했다.,미학습
여행 영어,work,[명사] 일,We talked about work during the lesson.,우리는 수업 중 일에 대해 이야기했다.,미학습
여행 영어,job,[명사] 직업,We talked about job during the lesson.,우리는 수업 중 직업에 대해 이야기했다.,미학습
여행 영어,office,[명사] 사무실,We talked about office during the lesson.,우리는 수업 중 사무실에 대해 이야기했다.,미학습
여행 영어,company,[명사] 회사,We talked about company during the lesson.,우리는 수업 중 회사에 대해 이야기했다.,미학습
여행 영어,business,[명사] 사업,We talked about business during the lesson.,우리는 수업 중 사업에 대해 이야기했다.,미학습
여행 영어,project,[명사] 프로젝트,We talked about project during the lesson.,우리는 수업 중 프로젝트에 대해 이야기했다.,미학습
여행 영어,plan,[명사] 계획,We talked about plan during the lesson.,우리는 수업 중 계획에 대해 이야기했다.,미학습
여행 영어,goal,[명사] 목표,We talked about goal during the lesson.,우리는 수업 중 목표에 대해 이야기했다.,미학습
여행 영어,idea,[명사] 생각,We talked about idea during the lesson.,우리는 수업 중 생각에 대해 이야기했다.,미학습
여행 영어,reason,[명사] 이유,We talked about reason during the lesson.,우리는 수업 중 이유에 대해 이야기했다.,미학습
여행 영어,problem,[명사] 문제,We talked about problem during the lesson.,우리는 수업 중 문제에 대해 이야기했다.,미학습
여행 영어,answer,[명사] 답,We talked about answer during the lesson.,우리는 수업 중 답에 대해 이야기했다.,미학습
여행 영어,question,[명사] 질문,We talked about question during the lesson.,우리는 수업 중 질문에 대해 이야기했다.,미학습
여행 영어,result,[명사] 결과,We talked about result during the lesson.,우리는 수업 중 결과에 대해 이야기했다.,미학습
여행 영어,choice,[명사] 선택,We talked about choice during the lesson.,우리는 수업 중 선택에 대해 이야기했다.,미학습
여행 영어,chance,[명사] 기회,We talked about chance during the lesson.,우리는 수업 중 기회에 대해 이야기했다.,미학습
여행 영어,change,[명사] 변화,We talked about change during the lesson.,우리는 수업 중 변화에 대해 이야기했다.,미학습
여행 영어,growth,[명사] 성장,We talked about growth during the lesson.,우리는 수업 중 성장에 대해 이야기했다.,미학습
여행 영어,value,[명사] 가치,We talked about value during the lesson.,우리는 수업 중 가치에 대해 이야기했다.,미학습
여행 영어,quality,[명사] 품질,We talked about quality during the lesson.,우리는 수업 중 품질에 대해 이야기했다.,미학습
여행 영어,service,[명사] 서비스,We talked about service during the lesson.,우리는 수업 중 서비스에 대해 이야기했다.,미학습
여행 영어,product,[명사] 제품,We talked about product during the lesson.,우리는 수업 중 제품에 대해 이야기했다.,미학습
여행 영어,customer,[명사] 고객,We talked about customer during the lesson.,우리는 수업 중 고객에 대해 이야기했다.,미학습
여행 영어,client,[명사] 의뢰인,We talked about client during the lesson.,우리는 수업 중 의뢰인에 대해 이야기했다.,미학습
여행 영어,manager,[명사] 관리자,We talked about manager during the lesson.,우리는 수업 중 관리자에 대해 이야기했다.,미학습
여행 영어,leader,[명사] 지도자,We talked about leader during the lesson.,우리는 수업 중 지도자에 대해 이야기했다.,미학습
여행 영어,member,[명사] 구성원,We talked about member during the lesson.,우리는 수업 중 구성원에 대해 이야기했다.,미학습
여행 영어,staff,[명사] 직원,We talked about staff during the lesson.,우리는 수업 중 직원에 대해 이야기했다.,미학습
여행 영어,worker,[명사] 근로자,We talked about worker during the lesson.,우리는 수업 중 근로자에 대해 이야기했다.,미학습
여행 영어,skill,[명사] 기술,We talked about skill during the lesson.,우리는 수업 중 기술에 대해 이야기했다.,미학습
여행 영어,knowledge,[명사] 지식,We talked about knowledge during the lesson.,우리는 수업 중 지식에 대해 이야기했다.,미학습
여행 영어,study,[명사] 공부,We talked about study during the lesson.,우리는 수업 중 공부에 대해 이야기했다.,미학습
여행 영어,research,[명사] 연구,We talked about research during the lesson.,우리는 수업 중 연구에 대해 이야기했다.,미학습
여행 영어,science,[명사] 과학,We talked about science during the lesson.,우리는 수업 중 과학에 대해 이야기했다.,미학습
여행 영어,history,[명사] 역사,We talked about history during the lesson.,우리는 수업 중 역사에 대해 이야기했다.,미학습
여행 영어,art,[명사] 예술,We talked about art during the lesson.,우리는 수업 중 예술에 대해 이야기했다.,미학습
여행 영어,culture,[명사] 문화,We talked about culture during the lesson.,우리는 수업 중 문화에 대해 이야기했다.,미학습
여행 영어,language,[명사] 언어,We talked about language during the lesson.,우리는 수업 중 언어에 대해 이야기했다.,미학습
여행 영어,letter,[명사] 글자,We talked about letter during the lesson.,우리는 수업 중 글자에 대해 이야기했다.,미학습
여행 영어,word,[명사] 단어,We talked about word during the lesson.,우리는 수업 중 단어에 대해 이야기했다.,미학습
여행 영어,sentence,[명사] 문장,We talked about sentence during the lesson.,우리는 수업 중 문장에 대해 이야기했다.,미학습
여행 영어,story,[명사] 이야기,We talked about story during the lesson.,우리는 수업 중 이야기에 대해 이야기했다.,미학습
여행 영어,news,[명사] 소식,We talked about news during the lesson.,우리는 수업 중 소식에 대해 이야기했다.,미학습
여행 영어,report,[명사] 보고서,We talked about report during the lesson.,우리는 수업 중 보고서에 대해 이야기했다.,미학습
여행 영어,document,[명사] 문서,We talked about document during the lesson.,우리는 수업 중 문서에 대해 이야기했다.,미학습
여행 영어,record,[명사] 기록,We talked about record during the lesson.,우리는 수업 중 기록에 대해 이야기했다.,미학습
여행 영어,system,[명사] 체계,We talked about system during the lesson.,우리는 수업 중 체계에 대해 이야기했다.,미학습
여행 영어,network,[명사] 망,We talked about network during the lesson.,우리는 수업 중 망에 대해 이야기했다.,미학습
여행 영어,website,[명사] 웹사이트,We talked about website during the lesson.,우리는 수업 중 웹사이트에 대해 이야기했다.,미학습
여행 영어,email,[명사] 이메일,We talked about email during the lesson.,우리는 수업 중 이메일에 대해 이야기했다.,미학습
여행 영어,message,[명사] 메시지,We talked about message during the lesson.,우리는 수업 중 메시지에 대해 이야기했다.,미학습
여행 영어,bank,[명사] 은행,We talked about bank during the lesson.,우리는 수업 중 은행에 대해 이야기했다.,미학습
여행 영어,account,[명사] 계좌,We talked about account during the lesson.,우리는 수업 중 계좌에 대해 이야기했다.,미학습
여행 영어,budget,[명사] 예산,We talked about budget during the lesson.,우리는 수업 중 예산에 대해 이야기했다.,미학습
여행 영어,profit,[명사] 이익,We talked about profit during the lesson.,우리는 수업 중 이익에 대해 이야기했다.,미학습
여행 영어,loss,[명사] 손실,We talked about loss during the lesson.,우리는 수업 중 손실에 대해 이야기했다.,미학습
여행 영어,risk,[명사] 위험,We talked about risk during the lesson.,우리는 수업 중 위험에 대해 이야기했다.,미학습
여행 영어,safety,[명사] 안전,We talked about safety during the lesson.,우리는 수업 중 안전에 대해 이야기했다.,미학습
여행 영어,health,[명사] 건강,We talked about health during the lesson.,우리는 수업 중 건강에 대해 이야기했다.,미학습
여행 영어,care,[명사] 돌봄,We talked about care during the lesson.,우리는 수업 중 돌봄에 대해 이야기했다.,미학습
여행 영어,medicine,[명사] 약,We talked about medicine during the lesson.,우리는 수업 중 약에 대해 이야기했다.,미학습
여행 영어,doctor,[명사] 의사,We talked about doctor during the lesson.,우리는 수업 중 의사에 대해 이야기했다.,미학습
여행 영어,nurse,[명사] 간호사,We talked about nurse during the lesson.,우리는 수업 중 간호사에 대해 이야기했다.,미학습
여행 영어,patient,[명사] 환자,We talked about patient during the lesson.,우리는 수업 중 환자에 대해 이야기했다.,미학습
여행 영어,energy,[명사] 에너지,We talked about energy during the lesson.,우리는 수업 중 에너지에 대해 이야기했다.,미학습
여행 영어,power,[명사] 힘,We talked about power during the lesson.,우리는 수업 중 힘에 대해 이야기했다.,미학습
여행 영어,light,[명사] 빛,We talked about light during the lesson.,우리는 수업 중 빛에 대해 이야기했다.,미학습
여행 영어,heat,[명사] 열,We talked about heat during the lesson.,우리는 수업 중 열에 대해 이야기했다.,미학습
여행 영어,space,[명사] 공간,We talked about space during the lesson.,우리는 수업 중 공간에 대해 이야기했다.,미학습
여행 영어,area,[명사] 지역,We talked about area during the lesson.,우리는 수업 중 지역에 대해 이야기했다.,미학습
여행 영어,place,[명사] 장소,We talked about place during the lesson.,우리는 수업 중 장소에 대해 이야기했다.,미학습
여행 영어,point,[명사] 요점,We talked about point during the lesson.,우리는 수업 중 요점에 대해 이야기했다.,미학습
여행 영어,part,[명사] 부분,We talked about part during the lesson.,우리는 수업 중 부분에 대해 이야기했다.,미학습
여행 영어,side,[명사] 쪽,We talked about side during the lesson.,우리는 수업 중 쪽에 대해 이야기했다.,미학습
여행 영어,center,[명사] 중심,We talked about center during the lesson.,우리는 수업 중 중심에 대해 이야기했다.,미학습
여행 영어,edge,[명사] 가장자리,We talked about edge during the lesson.,우리는 수업 중 가장자리에 대해 이야기했다.,미학습
여행 영어,level,[명사] 수준,We talked about level during the lesson.,우리는 수업 중 수준에 대해 이야기했다.,미학습
여행 영어,degree,[명사] 정도,We talked about degree during the lesson.,우리는 수업 중 정도에 대해 이야기했다.,미학습
여행 영어,amount,[명사] 양,We talked about amount during the lesson.,우리는 수업 중 양에 대해 이야기했다.,미학습
여행 영어,rate,[명사] 비율,We talked about rate during the lesson.,우리는 수업 중 비율에 대해 이야기했다.,미학습
여행 영어,type,[명사] 유형,We talked about type during the lesson.,우리는 수업 중 유형에 대해 이야기했다.,미학습
여행 영어,kind,[명사] 종류,We talked about kind during the lesson.,우리는 수업 중 종류에 대해 이야기했다.,미학습
여행 영어,form,[명사] 형태,We talked about form during the lesson.,우리는 수업 중 형태에 대해 이야기했다.,미학습
여행 영어,shape,[명사] 모양,We talked about shape during the lesson.,우리는 수업 중 모양에 대해 이야기했다.,미학습
여행 영어,size,[명사] 크기,We talked about size during the lesson.,우리는 수업 중 크기에 대해 이야기했다.,미학습
여행 영어,weight,[명사] 무게,We talked about weight during the lesson.,우리는 수업 중 무게에 대해 이야기했다.,미학습
여행 영어,speed,[명사] 속도,We talked about speed during the lesson.,우리는 수업 중 속도에 대해 이야기했다.,암기 완료
여행 영어,position,[명사] 위치,We talked about position during the lesson.,우리는 수업 중 위치에 대해 이야기했다.,미학습
여행 영어,action,[명사] 행동,We talked about action during the lesson.,우리는 수업 중 행동에 대해 이야기했다.,미학습
여행 영어,activity,[명사] 활동,We talked about activity during the lesson.,우리는 수업 중 활동에 대해 이야기했다.,미학습
여행 영어,process,[명사] 과정,We talked about process during the lesson.,우리는 수업 중 과정에 대해 이야기했다.,미학습
여행 영어,method,[명사] 방법,We talked about method during the lesson.,우리는 수업 중 방법에 대해 이야기했다.,미학습
여행 영어,tool,[명사] 도구,We talked about tool during the lesson.,우리는 수업 중 도구에 대해 이야기했다.,미학습
여행 영어,machine,[명사] 기계,We talked about machine during the lesson.,우리는 수업 중 기계에 대해 이야기했다.,미학습
여행 영어,material,[명사] 재료,We talked about material during the lesson.,우리는 수업 중 재료에 대해 이야기했다.,미학습
여행 영어,resource,[명사] 자원,We talked about resource during the lesson.,우리는 수업 중 자원에 대해 이야기했다.,미학습
여행 영어,environment,[명사] 환경,We talked about environment during the lesson.,우리는 수업 중 환경에 대해 이야기했다.,미학습
여행 영어,nature,[명사] 자연,We talked about nature during the lesson.,우리는 수업 중 자연에 대해 이야기했다.,미학습
여행 영어,spring,[명사] 봄,We talked about spring during the lesson.,우리는 수업 중 봄에 대해 이야기했다.,미학습
여행 영어,summer,[명사] 여름,We talked about summer during the lesson.,우리는 수업 중 여름에 대해 이야기했다.,미학습
여행 영어,autumn,[명사] 가을,We talked about autumn during the lesson.,우리는 수업 중 가을에 대해 이야기했다.,미학습
여행 영어,winter,[명사] 겨울,We talked about winter during the lesson.,우리는 수업 중 겨울에 대해 이야기했다.,미학습
여행 영어,law,[명사] 법,We talked about law during the lesson.,우리는 수업 중 법에 대해 이야기했다.,미학습
여행 영어,rule,[명사] 규칙,We talked about rule during the lesson.,우리는 수업 중 규칙에 대해 이야기했다.,미학습
여행 영어,duty,[명사] 의무,We talked about duty during the lesson.,우리는 수업 중 의무에 대해 이야기했다.,미학습
여행 영어,peace,[명사] 평화,We talked about peace during the lesson.,우리는 수업 중 평화에 대해 이야기했다.,미학습
여행 영어,war,[명사] 전쟁,We talked about war during the lesson.,우리는 수업 중 전쟁에 대해 이야기했다.,미학습
여행 영어,policy,[명사] 정책,We talked about policy during the lesson.,우리는 수업 중 정책에 대해 이야기했다.,미학습
여행 영어,society,[명사] 사회,We talked about society during the lesson.,우리는 수업 중 사회에 대해 이야기했다.,미학습
여행 영어,community,[명사] 공동체,We talked about community during the lesson.,우리는 수업 중 공동체에 대해 이야기했다.,미학습
여행 영어,group,[명사] 집단,We talked about group during the lesson.,우리는 수업 중 집단에 대해 이야기했다.,미학습
여행 영어,public,[명사] 대중,We talked about public during the lesson.,우리는 수업 중 대중에 대해 이야기했다.,미학습
여행 영어,marketplace,[명사] 시장,We talked about marketplace during the lesson.,우리는 수업 중 시장에 대해 이야기했다.,미학습
여행 영어,industry,[명사] 산업,We talked about industry during the lesson.,우리는 수업 중 산업에 대해 이야기했다.,미학습
여행 영어,technology,[명사] 기술,We talked about technology during the lesson.,우리는 수업 중 기술에 대해 이야기했다.,미학습
여행 영어,design,[명사] 설계,We talked about design during the lesson.,우리는 수업 중 설계에 대해 이야기했다.,미학습
여행 영어,model,[명사] 모형,We talked about model during the lesson.,우리는 수업 중 모형에 대해 이야기했다.,미학습
여행 영어,sample,[명사] 견본,We talked about sample during the lesson.,우리는 수업 중 견본에 대해 이야기했다.,미학습
여행 영어,image,[명사] 이미지,We talked about image during the lesson.,우리는 수업 중 이미지에 대해 이야기했다.,미학습
여행 영어,memory,[명사] 기억,We talked about memory during the lesson.,우리는 수업 중 기억에 대해 이야기했다.,미학습
여행 영어,dream,[명사] 꿈,We talked about dream during the lesson.,우리는 수업 중 꿈에 대해 이야기했다.,미학습
여행 영어,hope,[명사] 희망,We talked about hope during the lesson.,우리는 수업 중 희망에 대해 이야기했다.,미학습
여행 영어,fear,[명사] 두려움,We talked about fear during the lesson.,우리는 수업 중 두려움에 대해 이야기했다.,미학습
여행 영어,love,[명사] 사랑,We talked about love during the lesson.,우리는 수업 중 사랑에 대해 이야기했다.,미학습
여행 영어,hate,[명사] 증오,We talked about hate during the lesson.,우리는 수업 중 증오에 대해 이야기했다.,미학습
여행 영어,joy,[명사] 기쁨,We talked about joy during the lesson.,우리는 수업 중 기쁨에 대해 이야기했다.,미학습
여행 영어,anger,[명사] 분노,We talked about anger during the lesson.,우리는 수업 중 분노에 대해 이야기했다.,미학습
여행 영어,sadness,[명사] 슬픔,We talked about sadness during the lesson.,우리는 수업 중 슬픔에 대해 이야기했다.,미학습
여행 영어,truth,[명사] 진실,We talked about truth during the lesson.,우리는 수업 중 진실에 대해 이야기했다.,미학습
여행 영어,fact,[명사] 사실,We talked about fact during the lesson.,우리는 수업 중 사실에 대해 이야기했다.,미학습
여행 영어,opinion,[명사] 의견,We talked about opinion during the lesson.,우리는 수업 중 의견에 대해 이야기했다.,미학습
여행 영어,advice,[명사] 조언,We talked about advice during the lesson.,우리는 수업 중 조언에 대해 이야기했다.,미학습
여행 영어,be,[동사] 이다,I want to be calm today.,나는 오늘 차분해지고 싶다.,미학습
여행 영어,have,[동사] 가지다,I have a clear goal today.,나는 오늘 명확한 목표를 가지고 있다.,미학습
여행 영어,do,[동사] 하다,We do the task together.,우리는 그 일을 함께 한다.,미학습
여행 영어,make,[동사] 만들다,They make a useful plan.,그들은 유용한 계획을 만든다.,미학습
여행 영어,get,[동사] 얻다,I get help from a friend.,나는 친구에게서 도움을 얻는다.,미학습
여행 영어,go,[동사] 가다,We go to school in the morning.,우리는 아침에 학교에 간다.,미학습
여행 영어,come,[동사] 오다,Please come to the office early.,사무실에 일찍 오세요.,미학습
여행 영어,see,[동사] 보다,Learners practice how to see in English.,학습자는 영어로 보다 방법을 연습한다.,미학습
여행 영어,look,[동사] 보다,Learners practice how to look in English.,학습자는 영어로 보다 방법을 연습한다.,미학습
여행 영어,hear,[동사] 듣다,Learners practice how to hear in English.,학습자는 영어로 듣다 방법을 연습한다.,미학습
여행 영어,listen,[동사] 듣다,Learners practice how to listen in English.,학습자는 영어로 듣다 방법을 연습한다.,미학습
여행 영어,speak,[동사] 말하다,Learners practice how to speak in English.,학습자는 영어로 말하다 방법을 연습한다.,미학습
여행 영어,say,[동사] 말하다,Please say the word clearly.,그 단어를 명확하게 말하세요.,미학습
여행 영어,tell,[동사] 말하다,I will tell the story tomorrow.,나는 내일 그 이야기를 말할 것이다.,미학습
여행 영어,ask,[동사] 묻다,Students ask a question in class.,학생들은 수업에서 질문을 한다.,미학습
여행 영어,read,[동사] 읽다,I read a book every night.,나는 매일 밤 책을 읽는다.,미학습
여행 영어,write,[동사] 쓰다,She will write a short letter.,그녀는 짧은 편지를 쓸 것이다.,미학습
여행 영어,learn,[동사] 배우다,Learners practice how to learn in English.,학습자는 영어로 배우다 방법을 연습한다.,미학습
여행 영어,teach,[동사] 가르치다,Learners practice how to teach in English.,학습자는 영어로 가르치다 방법을 연습한다.,미학습
여행 영어,know,[동사] 알다,Learners practice how to know in English.,학습자는 영어로 알다 방법을 연습한다.,미학습
여행 영어,think,[동사] 생각하다,Learners practice how to think in English.,학습자는 영어로 생각하다 방법을 연습한다.,미학습
여행 영어,feel,[동사] 느끼다,Learners practice how to feel in English.,학습자는 영어로 느끼다 방법을 연습한다.,미학습
여행 영어,believe,[동사] 믿다,Learners practice how to believe in English.,학습자는 영어로 믿다 방법을 연습한다.,미학습
여행 영어,remember,[동사] 기억하다,Learners practice how to remember in English.,학습자는 영어로 기억하다 방법을 연습한다.,미학습
여행 영어,forget,[동사] 잊다,Learners practice how to forget in English.,학습자는 영어로 잊다 방법을 연습한다.,미학습
여행 영어,understand,[동사] 이해하다,Learners practice how to understand in English.,학습자는 영어로 이해하다 방법을 연습한다.,미학습
여행 영어,try,[동사] 시도하다,Learners practice how to try in English.,학습자는 영어로 시도하다 방법을 연습한다.,미학습
여행 영어,use,[동사] 사용하다,Learners practice how to use in English.,학습자는 영어로 사용하다 방법을 연습한다.,미학습
여행 영어,want,[동사] 원하다,Learners practice how to want in English.,학습자는 영어로 원하다 방법을 연습한다.,미학습
여행 영어,like,[동사] 좋아하다,Learners practice how to like in English.,학습자는 영어로 좋아하다 방법을 연습한다.,미학습
여행 영어,play,[동사] 놀다,Learners practice how to play in English.,학습자는 영어로 놀다 방법을 연습한다.,미학습
여행 영어,run,[동사] 달리다,Learners practice how to run in English.,학습자는 영어로 달리다 방법을 연습한다.,미학습
여행 영어,walk,[동사] 걷다,Learners practice how to walk in English.,학습자는 영어로 걷다 방법을 연습한다.,미학습
여행 영어,stand,[동사] 서다,Learners practice how to stand in English.,학습자는 영어로 서다 방법을 연습한다.,미학습
여행 영어,sit,[동사] 앉다,Learners practice how to sit in English.,학습자는 영어로 앉다 방법을 연습한다.,미학습
여행 영어,sleep,[동사] 자다,Learners practice how to sleep in English.,학습자는 영어로 자다 방법을 연습한다.,미학습
여행 영어,wake,[동사] 깨다,Learners practice how to wake in English.,학습자는 영어로 깨다 방법을 연습한다.,미학습
여행 영어,eat,[동사] 먹다,We eat dinner at home.,우리는 집에서 저녁을 먹는다.,미학습
여행 영어,drink,[동사] 마시다,I drink water after exercise.,나는 운동 후에 물을 마신다.,미학습
여행 영어,cook,[동사] 요리하다,Learners practice how to cook in English.,학습자는 영어로 요리하다 방법을 연습한다.,미학습
여행 영어,buy,[동사] 사다,Learners practice how to buy in English.,학습자는 영어로 사다 방법을 연습한다.,미학습
여행 영어,sell,[동사] 팔다,Learners practice how to sell in English.,학습자는 영어로 팔다 방법을 연습한다.,미학습
여행 영어,pay,[동사] 지불하다,Learners practice how to pay in English.,학습자는 영어로 지불하다 방법을 연습한다.,미학습
여행 영어,spend,[동사] 쓰다,Learners practice how to spend in English.,학습자는 영어로 쓰다 방법을 연습한다.,미학습
여행 영어,save,[동사] 저축하다,Learners practice how to save in English.,학습자는 영어로 저축하다 방법을 연습한다.,미학습
여행 영어,give,[동사] 주다,Learners practice how to give in English.,학습자는 영어로 주다 방법을 연습한다.,미학습
여행 영어,take,[동사] 가져가다,Learners practice how to take in English.,학습자는 영어로 가져가다 방법을 연습한다.,미학습
여행 영어,bring,[동사] 가져오다,Learners practice how to bring in English.,학습자는 영어로 가져오다 방법을 연습한다.,미학습
여행 영어,send,[동사] 보내다,Learners practice how to send in English.,학습자는 영어로 보내다 방법을 연습한다.,미학습
여행 영어,receive,[동사] 받다,Learners practice how to receive in English.,학습자는 영어로 받다 방법을 연습한다.,미학습
여행 영어,open,[동사] 열다,Learners practice how to open in English.,학습자는 영어로 열다 방법을 연습한다.,미학습
여행 영어,close,[동사] 닫다,Learners practice how to close in English.,학습자는 영어로 닫다 방법을 연습한다.,미학습
여행 영어,start,[동사] 시작하다,Learners practice how to start in English.,학습자는 영어로 시작하다 방법을 연습한다.,미학습
여행 영어,finish,[동사] 끝내다,Learners practice how to finish in English.,학습자는 영어로 끝내다 방법을 연습한다.,미학습
여행 영어,stop,[동사] 멈추다,Learners practice how to stop in English.,학습자는 영어로 멈추다 방법을 연습한다.,미학습
여행 영어,move,[동사] 움직이다,Learners practice how to move in English.,학습자는 영어로 움직이다 방법을 연습한다.,미학습
여행 영어,turn,[동사] 돌리다,Learners practice how to turn in English.,학습자는 영어로 돌리다 방법을 연습한다.,미학습
여행 영어,follow,[동사] 따르다,Learners practice how to follow in English.,학습자는 영어로 따르다 방법을 연습한다.,미학습
여행 영어,lead,[동사] 이끌다,Learners practice how to lead in English.,학습자는 영어로 이끌다 방법을 연습한다.,미학습
여행 영어,meet,[동사] 만나다,Learners practice how to meet in English.,학습자는 영어로 만나다 방법을 연습한다.,미학습
여행 영어,join,[동사] 가입하다,Learners practice how to join in English.,학습자는 영어로 가입하다 방법을 연습한다.,미학습
여행 영어,leave,[동사] 떠나다,Learners practice how to leave in English.,학습자는 영어로 떠나다 방법을 연습한다.,미학습
여행 영어,arrive,[동사] 도착하다,Learners practice how to arrive in English.,학습자는 영어로 도착하다 방법을 연습한다.,미학습
여행 영어,visit,[동사] 방문하다,Learners practice how to visit in English.,학습자는 영어로 방문하다 방법을 연습한다.,미학습
여행 영어,call,[동사] 부르다,Learners practice how to call in English.,학습자는 영어로 부르다 방법을 연습한다.,미학습
여행 영어,contact,[동사] 연락하다,Learners practice how to contact in English.,학습자는 영어로 연락하다 방법을 연습한다.,미학습
여행 영어,check,[동사] 확인하다,Learners practice how to check in English.,학습자는 영어로 확인하다 방법을 연습한다.,미학습
여행 영어,choose,[동사] 선택하다,Learners practice how to choose in English.,학습자는 영어로 선택하다 방법을 연습한다.,미학습
여행 영어,decide,[동사] 결정하다,Learners practice how to decide in English.,학습자는 영어로 결정하다 방법을 연습한다.,미학습
여행 영어,grow,[동사] 자라다,Learners practice how to grow in English.,학습자는 영어로 자라다 방법을 연습한다.,미학습
여행 영어,build,[동사] 짓다,Learners practice how to build in English.,학습자는 영어로 짓다 방법을 연습한다.,미학습
여행 영어,create,[동사] 창조하다,Learners practice how to create in English.,학습자는 영어로 창조하다 방법을 연습한다.,미학습
여행 영어,develop,[동사] 개발하다,Learners practice how to develop in English.,학습자는 영어로 개발하다 방법을 연습한다.,미학습
여행 영어,improve,[동사] 개선하다,Learners practice how to improve in English.,학습자는 영어로 개선하다 방법을 연습한다.,미학습
여행 영어,reduce,[동사] 줄이다,Learners practice how to reduce in English.,학습자는 영어로 줄이다 방법을 연습한다.,미학습
여행 영어,increase,[동사] 증가시키다,Learners practice how to increase in English.,학습자는 영어로 증가시키다 방법을 연습한다.,미학습
여행 영어,compare,[동사] 비교하다,Learners practice how to compare in English.,학습자는 영어로 비교하다 방법을 연습한다.,미학습
여행 영어,explain,[동사] 설명하다,Learners practice how to explain in English.,학습자는 영어로 설명하다 방법을 연습한다.,미학습
여행 영어,describe,[동사] 묘사하다,Learners practice how to describe in English.,학습자는 영어로 묘사하다 방법을 연습한다.,미학습
여행 영어,discuss,[동사] 논의하다,Learners practice how to discuss in English.,학습자는 영어로 논의하다 방법을 연습한다.,미학습
여행 영어,agree,[동사] 동의하다,Learners practice how to agree in English.,학습자는 영어로 동의하다 방법을 연습한다.,미학습
여행 영어,prepare,[동사] 준비하다,Learners practice how to prepare in English.,학습자는 영어로 준비하다 방법을 연습한다.,미학습
여행 영어,manage,[동사] 관리하다,Learners practice how to manage in English.,학습자는 영어로 관리하다 방법을 연습한다.,미학습
여행 영어,protect,[동사] 보호하다,Learners practice how to protect in English.,학습자는 영어로 보호하다 방법을 연습한다.,미학습
여행 영어,serve,[동사] 제공하다,Learners practice how to serve in English.,학습자는 영어로 제공하다 방법을 연습한다.,미학습
여행 영어,produce,[동사] 생산하다,Learners practice how to produce in English.,학습자는 영어로 생산하다 방법을 연습한다.,미학습
여행 영어,deliver,[동사] 배달하다,Learners practice how to deliver in English.,학습자는 영어로 배달하다 방법을 연습한다.,미학습
여행 영어,collect,[동사] 수집하다,Learners practice how to collect in English.,학습자는 영어로 수집하다 방법을 연습한다.,미학습
여행 영어,organize,[동사] 조직하다,Learners practice how to organize in English.,학습자는 영어로 조직하다 방법을 연습한다.,미학습
여행 영어,search,[동사] 찾다,Learners practice how to search in English.,학습자는 영어로 찾다 방법을 연습한다.,미학습
여행 영어,find,[동사] 찾다,Learners practice how to find in English.,학습자는 영어로 찾다 방법을 연습한다.,미학습
여행 영어,lose,[동사] 잃다,Learners practice how to lose in English.,학습자는 영어로 잃다 방법을 연습한다.,미학습
여행 영어,keep,[동사] 유지하다,Learners practice how to keep in English.,학습자는 영어로 유지하다 방법을 연습한다.,미학습
여행 영어,hold,[동사] 잡다,Learners practice how to hold in English.,학습자는 영어로 잡다 방법을 연습한다.,미학습
여행 영어,carry,[동사] 나르다,Learners practice how to carry in English.,학습자는 영어로 나르다 방법을 연습한다.,미학습
여행 영어,drive,[동사] 운전하다,Learners practice how to drive in English.,학습자는 영어로 운전하다 방법을 연습한다.,미학습
여행 영어,fly,[동사] 날다,Learners practice how to fly in English.,학습자는 영어로 날다 방법을 연습한다.,미학습
여행 영어,swim,[동사] 수영하다,Learners practice how to swim in English.,학습자는 영어로 수영하다 방법을 연습한다.,미학습
여행 영어,draw,[동사] 그리다,Learners practice how to draw in English.,학습자는 영어로 그리다 방법을 연습한다.,미학습
여행 영어,paint,[동사] 칠하다,Learners practice how to paint in English.,학습자는 영어로 칠하다 방법을 연습한다.,미학습
여행 영어,sing,[동사] 노래하다,Learners practice how to sing in English.,학습자는 영어로 노래하다 방법을 연습한다.,미학습
여행 영어,dance,[동사] 춤추다,Learners practice how to dance in English.,학습자는 영어로 춤추다 방법을 연습한다.,미학습
여행 영어,laugh,[동사] 웃다,Learners practice how to laugh in English.,학습자는 영어로 웃다 방법을 연습한다.,미학습
여행 영어,cry,[동사] 울다,Learners practice how to cry in English.,학습자는 영어로 울다 방법을 연습한다.,미학습
여행 영어,wait,[동사] 기다리다,Learners practice how to wait in English.,학습자는 영어로 기다리다 방법을 연습한다.,미학습
여행 영어,rest,[동사] 쉬다,Learners practice how to rest in English.,학습자는 영어로 쉬다 방법을 연습한다.,미학습
여행 영어,small,[형용사] 작은,The situation is small.,그 상황은 작은 상태이다.,미학습
여행 영어,large,[형용사] 큰,The situation is large.,그 상황은 큰 상태이다.,미학습
여행 영어,young,[형용사] 어린,The situation is young.,그 상황은 어린 상태이다.,미학습
여행 영어,old,[형용사] 나이든,The situation is old.,그 상황은 나이든 상태이다.,미학습
여행 영어,new,[형용사] 새로운,The situation is new.,그 상황은 새로운 상태이다.,미학습
여행 영어,early,[형용사] 이른,The situation is early.,그 상황은 이른 상태이다.,미학습
여행 영어,late,[형용사] 늦은,The situation is late.,그 상황은 늦은 상태이다.,미학습
여행 영어,good,[형용사] 좋은,The situation is good.,그 상황은 좋은 상태이다.,미학습
여행 영어,bad,[형용사] 나쁜,The situation is bad.,그 상황은 나쁜 상태이다.,미학습
여행 영어,wrong,[형용사] 틀린,The situation is wrong.,그 상황은 틀린 상태이다.,미학습
여행 영어,easy,[형용사] 쉬운,The situation is easy.,그 상황은 쉬운 상태이다.,미학습
여행 영어,hard,[형용사] 어려운,The situation is hard.,그 상황은 어려운 상태이다.,미학습
여행 영어,simple,[형용사] 단순한,The situation is simple.,그 상황은 단순한 상태이다.,미학습
여행 영어,clear,[형용사] 명확한,The situation is clear.,그 상황은 명확한 상태이다.,미학습
여행 영어,dark,[형용사] 어두운,The situation is dark.,그 상황은 어두운 상태이다.,미학습
여행 영어,bright,[형용사] 밝은,The situation is bright.,그 상황은 밝은 상태이다.,미학습
여행 영어,hot,[형용사] 뜨거운,The situation is hot.,그 상황은 뜨거운 상태이다.,미학습
여행 영어,cold,[형용사] 차가운,The situation is cold.,그 상황은 차가운 상태이다.,미학습
여행 영어,warm,[형용사] 따뜻한,The situation is warm.,그 상황은 따뜻한 상태이다.,미학습
여행 영어,cool,[형용사] 시원한,The situation is cool.,그 상황은 시원한 상태이다.,미학습
여행 영어,fast,[형용사] 빠른,The situation is fast.,그 상황은 빠른 상태이다.,미학습
여행 영어,slow,[형용사] 느린,The situation is slow.,그 상황은 느린 상태이다.,미학습
여행 영어,high,[형용사] 높은,The situation is high.,그 상황은 높은 상태이다.,미학습
여행 영어,low,[형용사] 낮은,The situation is low.,그 상황은 낮은 상태이다.,미학습
여행 영어,short,[형용사] 짧은,The situation is short.,그 상황은 짧은 상태이다.,미학습
여행 영어,long,[형용사] 긴,The situation is long.,그 상황은 긴 상태이다.,미학습
여행 영어,strong,[형용사] 강한,The situation is strong.,그 상황은 강한 상태이다.,미학습
여행 영어,weak,[형용사] 약한,The situation is weak.,그 상황은 약한 상태이다.,미학습
여행 영어,clean,[형용사] 깨끗한,The situation is clean.,그 상황은 깨끗한 상태이다.,미학습
여행 영어,dirty,[형용사] 더러운,The situation is dirty.,그 상황은 더러운 상태이다.,미학습
여행 영어,healthy,[형용사] 건강한,The situation is healthy.,그 상황은 건강한 상태이다.,미학습
여행 영어,sick,[형용사] 아픈,The situation is sick.,그 상황은 아픈 상태이다.,미학습
여행 영어,happy,[형용사] 행복한,The situation is happy.,그 상황은 행복한 상태이다.,미학습
여행 영어,sad,[형용사] 슬픈,The situation is sad.,그 상황은 슬픈 상태이다.,미학습
여행 영어,angry,[형용사] 화난,The situation is angry.,그 상황은 화난 상태이다.,미학습
여행 영어,afraid,[형용사] 두려운,The situation is afraid.,그 상황은 두려운 상태이다.,미학습
여행 영어,busy,[형용사] 바쁜,The situation is busy.,그 상황은 바쁜 상태이다.,미학습
여행 영어,free,[형용사] 자유로운,The situation is free.,그 상황은 자유로운 상태이다.,미학습
여행 영어,ready,[형용사] 준비된,The situation is ready.,그 상황은 준비된 상태이다.,미학습
여행 영어,able,[형용사] 할 수 있는,The situation is able.,그 상황은 할 수 있는 상태이다.,미학습
여행 영어,polite,[형용사] 공손한,The situation is polite.,그 상황은 공손한 상태이다.,미학습
여행 영어,quiet,[형용사] 조용한,The situation is quiet.,그 상황은 조용한 상태이다.,미학습
여행 영어,loud,[형용사] 시끄러운,The situation is loud.,그 상황은 시끄러운 상태이다.,미학습
여행 영어,rich,[형용사] 부유한,The situation is rich.,그 상황은 부유한 상태이다.,미학습
여행 영어,poor,[형용사] 가난한,The situation is poor.,그 상황은 가난한 상태이다.,미학습
여행 영어,full,[형용사] 가득 찬,The situation is full.,그 상황은 가득 찬 상태이다.,미학습
여행 영어,empty,[형용사] 빈,The situation is empty.,그 상황은 빈 상태이다.,미학습
여행 영어,heavy,[형용사] 무거운,The situation is heavy.,그 상황은 무거운 상태이다.,미학습
여행 영어,beautiful,[형용사] 아름다운,The situation is beautiful.,그 상황은 아름다운 상태이다.,미학습
여행 영어,ugly,[형용사] 못생긴,The situation is ugly.,그 상황은 못생긴 상태이다.,미학습
여행 영어,important,[형용사] 중요한,The situation is important.,그 상황은 중요한 상태이다.,미학습
여행 영어,useful,[형용사] 유용한,The situation is useful.,그 상황은 유용한 상태이다.,미학습
여행 영어,special,[형용사] 특별한,The situation is special.,그 상황은 특별한 상태이다.,미학습
여행 영어,common,[형용사] 흔한,The situation is common.,그 상황은 흔한 상태이다.,미학습
여행 영어,private,[형용사] 사적인,The situation is private.,그 상황은 사적인 상태이다.,미학습
여행 영어,global,[형용사] 세계적인,The situation is global.,그 상황은 세계적인 상태이다.,미학습
여행 영어,basic,[형용사] 기본적인,The situation is basic.,그 상황은 기본적인 상태이다.,미학습
여행 영어,advanced,[형용사] 고급의,The situation is advanced.,그 상황은 고급의 상태이다.,미학습
여행 영어,natural,[형용사] 자연의,The situation is natural.,그 상황은 자연의 상태이다.,미학습
여행 영어,modern,[형용사] 현대의,The situation is modern.,그 상황은 현대의 상태이다.,미학습
여행 영어,quick,[형용사] 빠른,The situation is quick.,그 상황은 빠른 상태이다.,미학습
여행 영어,careful,[형용사] 주의 깊은,The situation is careful.,그 상황은 주의 깊은 상태이다.,미학습
여행 영어,possible,[형용사] 가능한,The situation is possible.,그 상황은 가능한 상태이다.,미학습
여행 영어,main,[형용사] 주요한,The situation is main.,그 상황은 주요한 상태이다.,미학습
여행 영어,final,[형용사] 최종의,The situation is final.,그 상황은 최종의 상태이다.,미학습
여행 영어,daily,[형용사] 매일의,The situation is daily.,그 상황은 매일의 상태이다.,미학습
여행 영어,weekly,[형용사] 매주의,The situation is weekly.,그 상황은 매주의 상태이다.,미학습
여행 영어,monthly,[형용사] 매월의,The situation is monthly.,그 상황은 매월의 상태이다.,미학습
여행 영어,accurate,[형용사] 정확한,The situation is accurate.,그 상황은 정확한 상태이다.,미학습
여행 영어,active,[형용사] 활동적인,The situation is active.,그 상황은 활동적인 상태이다.,미학습
여행 영어,calm,[형용사] 차분한,The situation is calm.,그 상황은 차분한 상태이다.,미학습
여행 영어,eager,[형용사] 열망하는,The situation is eager.,그 상황은 열망하는 상태이다.,미학습
여행 영어,creative,[형용사] 창의적인,The situation is creative.,그 상황은 창의적인 상태이다.,미학습
여행 영어,usually,[부사] 보통,She worked usually today.,그녀는 오늘 보통 일했다.,미학습
여행 영어,often,[부사] 자주,She worked often today.,그녀는 오늘 자주 일했다.,미학습
여행 영어,always,[부사] 항상,She worked always today.,그녀는 오늘 항상 일했다.,미학습
여행 영어,never,[부사] 결코,She worked never today.,그녀는 오늘 결코 일했다.,미학습
여행 영어,sometimes,[부사] 가끔,She worked sometimes today.,그녀는 오늘 가끔 일했다.,미학습
여행 영어,quickly,[부사] 빨리,She worked quickly today.,그녀는 오늘 빨리 일했다.,미학습
여행 영어,slowly,[부사] 천천히,She worked slowly today.,그녀는 오늘 천천히 일했다.,미학습
여행 영어,carefully,[부사] 조심스럽게,She worked carefully today.,그녀는 오늘 조심스럽게 일했다.,미학습
여행 영어,clearly,[부사] 명확하게,She worked clearly today.,그녀는 오늘 명확하게 일했다.,미학습
여행 영어,easily,[부사] 쉽게,She worked easily today.,그녀는 오늘 쉽게 일했다.,미학습
토익 950+ 목표,apple,[명사] 사과,We talked about apple during the lesson.,우리는 수업 중 사과에 대해 이야기했다.,미학습
토익 950+ 목표,banana,[명사] 바나나,We talked about banana during the lesson.,우리는 수업 중 바나나에 대해 이야기했다.,미학습
토익 950+ 목표,orange,[명사] 오렌지,We talked about orange during the lesson.,우리는 수업 중 오렌지에 대해 이야기했다.,미학습
토익 950+ 목표,grape,[명사] 포도,We talked about grape during the lesson.,우리는 수업 중 포도에 대해 이야기했다.,미학습
토익 950+ 목표,lemon,[명사] 레몬,We talked about lemon during the lesson.,우리는 수업 중 레몬에 대해 이야기했다.,미학습
토익 950+ 목표,peach,[명사] 복숭아,We talked about peach during the lesson.,우리는 수업 중 복숭아에 대해 이야기했다.,미학습
토익 950+ 목표,pear,[명사] 배,We talked about pear during the lesson.,우리는 수업 중 배에 대해 이야기했다.,미학습
토익 950+ 목표,melon,[명사] 멜론,We talked about melon during the lesson.,우리는 수업 중 멜론에 대해 이야기했다.,미학습
토익 950+ 목표,berry,[명사] 베리,We talked about berry during the lesson.,우리는 수업 중 베리에 대해 이야기했다.,미학습
토익 950+ 목표,mango,[명사] 망고,We talked about mango during the lesson.,우리는 수업 중 망고에 대해 이야기했다.,미학습
토익 950+ 목표,bread,[명사] 빵,We talked about bread during the lesson.,우리는 수업 중 빵에 대해 이야기했다.,미학습
토익 950+ 목표,rice,[명사] 쌀밥,We talked about rice during the lesson.,우리는 수업 중 쌀밥에 대해 이야기했다.,미학습
토익 950+ 목표,water,[명사] 물,We talked about water during the lesson.,우리는 수업 중 물에 대해 이야기했다.,미학습
토익 950+ 목표,milk,[명사] 우유,We talked about milk during the lesson.,우리는 수업 중 우유에 대해 이야기했다.,미학습
토익 950+ 목표,juice,[명사] 주스,We talked about juice during the lesson.,우리는 수업 중 주스에 대해 이야기했다.,미학습
토익 950+ 목표,coffee,[명사] 커피,We talked about coffee during the lesson.,우리는 수업 중 커피에 대해 이야기했다.,미학습
토익 950+ 목표,tea,[명사] 차,We talked about tea during the lesson.,우리는 수업 중 차에 대해 이야기했다.,미학습
토익 950+ 목표,salt,[명사] 소금,We talked about salt during the lesson.,우리는 수업 중 소금에 대해 이야기했다.,미학습
토익 950+ 목표,sugar,[명사] 설탕,We talked about sugar during the lesson.,우리는 수업 중 설탕에 대해 이야기했다.,미학습
토익 950+ 목표,honey,[명사] 꿀,We talked about honey during the lesson.,우리는 수업 중 꿀에 대해 이야기했다.,미학습
토익 950+ 목표,egg,[명사] 달걀,We talked about egg during the lesson.,우리는 수업 중 달걀에 대해 이야기했다.,미학습
토익 950+ 목표,meat,[명사] 고기,We talked about meat during the lesson.,우리는 수업 중 고기에 대해 이야기했다.,미학습
토익 950+ 목표,fish,[명사] 생선,We talked about fish during the lesson.,우리는 수업 중 생선에 대해 이야기했다.,미학습
토익 950+ 목표,cheese,[명사] 치즈,We talked about cheese during the lesson.,우리는 수업 중 치즈에 대해 이야기했다.,미학습
토익 950+ 목표,soup,[명사] 수프,We talked about soup during the lesson.,우리는 수업 중 수프에 대해 이야기했다.,미학습
토익 950+ 목표,salad,[명사] 샐러드,We talked about salad during the lesson.,우리는 수업 중 샐러드에 대해 이야기했다.,미학습
토익 950+ 목표,meal,[명사] 식사,We talked about meal during the lesson.,우리는 수업 중 식사에 대해 이야기했다.,미학습
토익 950+ 목표,breakfast,[명사] 아침식사,We talked about breakfast during the lesson.,우리는 수업 중 아침식사에 대해 이야기했다.,미학습
토익 950+ 목표,lunch,[명사] 점심식사,We talked about lunch during the lesson.,우리는 수업 중 점심식사에 대해 이야기했다.,미학습
토익 950+ 목표,dinner,[명사] 저녁식사,We talked about dinner during the lesson.,우리는 수업 중 저녁식사에 대해 이야기했다.,미학습
토익 950+ 목표,family,[명사] 가족,We talked about family during the lesson.,우리는 수업 중 가족에 대해 이야기했다.,미학습
토익 950+ 목표,parent,[명사] 부모,We talked about parent during the lesson.,우리는 수업 중 부모에 대해 이야기했다.,미학습
토익 950+ 목표,child,[명사] 아이,We talked about child during the lesson.,우리는 수업 중 아이에 대해 이야기했다.,미학습
토익 950+ 목표,friend,[명사] 친구,We talked about friend during the lesson.,우리는 수업 중 친구에 대해 이야기했다.,미학습
토익 950+ 목표,teacher,[명사] 교사,We talked about teacher during the lesson.,우리는 수업 중 교사에 대해 이야기했다.,미학습
토익 950+ 목표,student,[명사] 학생,We talked about student during the lesson.,우리는 수업 중 학생에 대해 이야기했다.,미학습
토익 950+ 목표,school,[명사] 학교,We talked about school during the lesson.,우리는 수업 중 학교에 대해 이야기했다.,미학습
토익 950+ 목표,class,[명사] 수업,We talked about class during the lesson.,우리는 수업 중 수업에 대해 이야기했다.,미학습
토익 950+ 목표,lesson,[명사] 과목,We talked about lesson during the lesson.,우리는 수업 중 과목에 대해 이야기했다.,미학습
토익 950+ 목표,book,[명사] 책,We talked about book during the lesson.,우리는 수업 중 책에 대해 이야기했다.,미학습
토익 950+ 목표,page,[명사] 쪽,We talked about page during the lesson.,우리는 수업 중 쪽에 대해 이야기했다.,미학습
토익 950+ 목표,paper,[명사] 종이,We talked about paper during the lesson.,우리는 수업 중 종이에 대해 이야기했다.,미학습
토익 950+ 목표,pen,[명사] 펜,We talked about pen during the lesson.,우리는 수업 중 펜에 대해 이야기했다.,미학습
토익 950+ 목표,pencil,[명사] 연필,We talked about pencil during the lesson.,우리는 수업 중 연필에 대해 이야기했다.,미학습
토익 950+ 목표,desk,[명사] 책상,We talked about desk during the lesson.,우리는 수업 중 책상에 대해 이야기했다.,미학습
토익 950+ 목표,chair,[명사] 의자,We talked about chair during the lesson.,우리는 수업 중 의자에 대해 이야기했다.,미학습
토익 950+ 목표,table,[명사] 탁자,We talked about table during the lesson.,우리는 수업 중 탁자에 대해 이야기했다.,학습 중
토익 950+ 목표,door,[명사] 문,We talked about door during the lesson.,우리는 수업 중 문에 대해 이야기했다.,미학습
토익 950+ 목표,window,[명사] 창문,We talked about window during the lesson.,우리는 수업 중 창문에 대해 이야기했다.,미학습
토익 950+ 목표,room,[명사] 방,We talked about room during the lesson.,우리는 수업 중 방에 대해 이야기했다.,미학습
토익 950+ 목표,house,[명사] 집,We talked about house during the lesson.,우리는 수업 중 집에 대해 이야기했다.,미학습
토익 950+ 목표,home,[명사] 가정,We talked about home during the lesson.,우리는 수업 중 가정에 대해 이야기했다.,미학습
토익 950+ 목표,kitchen,[명사] 부엌,We talked about kitchen during the lesson.,우리는 수업 중 부엌에 대해 이야기했다.,미학습
토익 950+ 목표,bathroom,[명사] 욕실,We talked about bathroom during the lesson.,우리는 수업 중 욕실에 대해 이야기했다.,미학습
토익 950+ 목표,bedroom,[명사] 침실,We talked about bedroom during the lesson.,우리는 수업 중 침실에 대해 이야기했다.,미학습
토익 950+ 목표,garden,[명사] 정원,We talked about garden during the lesson.,우리는 수업 중 정원에 대해 이야기했다.,미학습
토익 950+ 목표,street,[명사] 거리,We talked about street during the lesson.,우리는 수업 중 거리에 대해 이야기했다.,미학습
토익 950+ 목표,road,[명사] 도로,We talked about road during the lesson.,우리는 수업 중 도로에 대해 이야기했다.,미학습
토익 950+ 목표,city,[명사] 도시,We talked about city during the lesson.,우리는 수업 중 도시에 대해 이야기했다.,미학습
토익 950+ 목표,town,[명사] 마을,We talked about town during the lesson.,우리는 수업 중 마을에 대해 이야기했다.,미학습
토익 950+ 목표,village,[명사] 촌락,We talked about village during the lesson.,우리는 수업 중 촌락에 대해 이야기했다.,미학습
토익 950+ 목표,country,[명사] 나라,We talked about country during the lesson.,우리는 수업 중 나라에 대해 이야기했다.,미학습
토익 950+ 목표,world,[명사] 세계,We talked about world during the lesson.,우리는 수업 중 세계에 대해 이야기했다.,미학습
토익 950+ 목표,earth,[명사] 지구,We talked about earth during the lesson.,우리는 수업 중 지구에 대해 이야기했다.,미학습
토익 950+ 목표,sky,[명사] 하늘,We talked about sky during the lesson.,우리는 수업 중 하늘에 대해 이야기했다.,미학습
토익 950+ 목표,sun,[명사] 태양,We talked about sun during the lesson.,우리는 수업 중 태양에 대해 이야기했다.,미학습
토익 950+ 목표,moon,[명사] 달,We talked about moon during the lesson.,우리는 수업 중 달에 대해 이야기했다.,미학습
토익 950+ 목표,star,[명사] 별,We talked about star during the lesson.,우리는 수업 중 별에 대해 이야기했다.,미학습
토익 950+ 목표,cloud,[명사] 구름,We talked about cloud during the lesson.,우리는 수업 중 구름에 대해 이야기했다.,미학습
토익 950+ 목표,rain,[명사] 비,We talked about rain during the lesson.,우리는 수업 중 비에 대해 이야기했다.,미학습
토익 950+ 목표,snow,[명사] 눈,We talked about snow during the lesson.,우리는 수업 중 눈에 대해 이야기했다.,미학습
토익 950+ 목표,wind,[명사] 바람,We talked about wind during the lesson.,우리는 수업 중 바람에 대해 이야기했다.,미학습
토익 950+ 목표,fire,[명사] 불,We talked about fire during the lesson.,우리는 수업 중 불에 대해 이야기했다.,미학습
토익 950+ 목표,tree,[명사] 나무,We talked about tree during the lesson.,우리는 수업 중 나무에 대해 이야기했다.,미학습
토익 950+ 목표,flower,[명사] 꽃,We talked about flower during the lesson.,우리는 수업 중 꽃에 대해 이야기했다.,미학습
토익 950+ 목표,grass,[명사] 풀,We talked about grass during the lesson.,우리는 수업 중 풀에 대해 이야기했다.,미학습
토익 950+ 목표,river,[명사] 강,We talked about river during the lesson.,우리는 수업 중 강에 대해 이야기했다.,미학습
토익 950+ 목표,lake,[명사] 호수,We talked about lake during the lesson.,우리는 수업 중 호수에 대해 이야기했다.,미학습
토익 950+ 목표,sea,[명사] 바다,We talked about sea during the lesson.,우리는 수업 중 바다에 대해 이야기했다.,미학습
토익 950+ 목표,mountain,[명사] 산,We talked about mountain during the lesson.,우리는 수업 중 산에 대해 이야기했다.,미학습
토익 950+ 목표,forest,[명사] 숲,We talked about forest during the lesson.,우리는 수업 중 숲에 대해 이야기했다.,미학습
토익 950+ 목표,field,[명사] 들판,We talked about field during the lesson.,우리는 수업 중 들판에 대해 이야기했다.,미학습
토익 950+ 목표,animal,[명사] 동물,We talked about animal during the lesson.,우리는 수업 중 동물에 대해 이야기했다.,미학습
토익 950+ 목표,bird,[명사] 새,We talked about bird during the lesson.,우리는 수업 중 새에 대해 이야기했다.,미학습
토익 950+ 목표,cat,[명사] 고양이,We talked about cat during the lesson.,우리는 수업 중 고양이에 대해 이야기했다.,미학습
토익 950+ 목표,dog,[명사] 개,We talked about dog during the lesson.,우리는 수업 중 개에 대해 이야기했다.,미학습
토익 950+ 목표,horse,[명사] 말,We talked about horse during the lesson.,우리는 수업 중 말에 대해 이야기했다.,미학습
토익 950+ 목표,cow,[명사] 소,We talked about cow during the lesson.,우리는 수업 중 소에 대해 이야기했다.,미학습
토익 950+ 목표,sheep,[명사] 양,We talked about sheep during the lesson.,우리는 수업 중 양에 대해 이야기했다.,미학습
토익 950+ 목표,rabbit,[명사] 토끼,We talked about rabbit during the lesson.,우리는 수업 중 토끼에 대해 이야기했다.,미학습
토익 950+ 목표,mouse,[명사] 쥐,We talked about mouse during the lesson.,우리는 수업 중 쥐에 대해 이야기했다.,미학습
토익 950+ 목표,bear,[명사] 곰,We talked about bear during the lesson.,우리는 수업 중 곰에 대해 이야기했다.,미학습
토익 950+ 목표,lion,[명사] 사자,We talked about lion during the lesson.,우리는 수업 중 사자에 대해 이야기했다.,미학습
토익 950+ 목표,tiger,[명사] 호랑이,We talked about tiger during the lesson.,우리는 수업 중 호랑이에 대해 이야기했다.,미학습
토익 950+ 목표,elephant,[명사] 코끼리,We talked about elephant during the lesson.,우리는 수업 중 코끼리에 대해 이야기했다.,미학습
토익 950+ 목표,monkey,[명사] 원숭이,We talked about monkey during the lesson.,우리는 수업 중 원숭이에 대해 이야기했다.,미학습
토익 950+ 목표,body,[명사] 몸,We talked about body during the lesson.,우리는 수업 중 몸에 대해 이야기했다.,미학습
토익 950+ 목표,head,[명사] 머리,We talked about head during the lesson.,우리는 수업 중 머리에 대해 이야기했다.,미학습
토익 950+ 목표,face,[명사] 얼굴,We talked about face during the lesson.,우리는 수업 중 얼굴에 대해 이야기했다.,미학습
토익 950+ 목표,eye,[명사] 눈,We talked about eye during the lesson.,우리는 수업 중 눈에 대해 이야기했다.,미학습
토익 950+ 목표,ear,[명사] 귀,We talked about ear during the lesson.,우리는 수업 중 귀에 대해 이야기했다.,미학습
토익 950+ 목표,nose,[명사] 코,We talked about nose during the lesson.,우리는 수업 중 코에 대해 이야기했다.,미학습
토익 950+ 목표,mouth,[명사] 입,We talked about mouth during the lesson.,우리는 수업 중 입에 대해 이야기했다.,미학습
토익 950+ 목표,tooth,[명사] 이,We talked about tooth during the lesson.,우리는 수업 중 이에 대해 이야기했다.,미학습
토익 950+ 목표,hand,[명사] 손,We talked about hand during the lesson.,우리는 수업 중 손에 대해 이야기했다.,미학습
토익 950+ 목표,arm,[명사] 팔,We talked about arm during the lesson.,우리는 수업 중 팔에 대해 이야기했다.,미학습
토익 950+ 목표,leg,[명사] 다리,We talked about leg during the lesson.,우리는 수업 중 다리에 대해 이야기했다.,미학습
토익 950+ 목표,foot,[명사] 발,We talked about foot during the lesson.,우리는 수업 중 발에 대해 이야기했다.,미학습
토익 950+ 목표,heart,[명사] 심장,We talked about heart during the lesson.,우리는 수업 중 심장에 대해 이야기했다.,미학습
토익 950+ 목표,mind,[명사] 마음,We talked about mind during the lesson.,우리는 수업 중 마음에 대해 이야기했다.,미학습
토익 950+ 목표,name,[명사] 이름,We talked about name during the lesson.,우리는 수업 중 이름에 대해 이야기했다.,미학습
토익 950+ 목표,number,[명사] 숫자,We talked about number during the lesson.,우리는 수업 중 숫자에 대해 이야기했다.,미학습
토익 950+ 목표,color,[명사] 색,We talked about color during the lesson.,우리는 수업 중 색에 대해 이야기했다.,미학습
토익 950+ 목표,sound,[명사] 소리,We talked about sound during the lesson.,우리는 수업 중 소리에 대해 이야기했다.,미학습
토익 950+ 목표,voice,[명사] 목소리,We talked about voice during the lesson.,우리는 수업 중 목소리에 대해 이야기했다.,미학습
토익 950+ 목표,music,[명사] 음악,We talked about music during the lesson.,우리는 수업 중 음악에 대해 이야기했다.,미학습
토익 950+ 목표,song,[명사] 노래,We talked about song during the lesson.,우리는 수업 중 노래에 대해 이야기했다.,미학습
토익 950+ 목표,picture,[명사] 그림,We talked about picture during the lesson.,우리는 수업 중 그림에 대해 이야기했다.,미학습
토익 950+ 목표,photo,[명사] 사진,We talked about photo during the lesson.,우리는 수업 중 사진에 대해 이야기했다.,미학습
토익 950+ 목표,movie,[명사] 영화,We talked about movie during the lesson.,우리는 수업 중 영화에 대해 이야기했다.,미학습
토익 950+ 목표,game,[명사] 게임,We talked about game during the lesson.,우리는 수업 중 게임에 대해 이야기했다.,미학습
토익 950+ 목표,sport,[명사] 운동경기,We talked about sport during the lesson.,우리는 수업 중 운동경기에 대해 이야기했다.,미학습
토익 950+ 목표,ball,[명사] 공,We talked about ball during the lesson.,우리는 수업 중 공에 대해 이야기했다.,미학습
토익 950+ 목표,team,[명사] 팀,We talked about team during the lesson.,우리는 수업 중 팀에 대해 이야기했다.,미학습
토익 950+ 목표,player,[명사] 선수,We talked about player during the lesson.,우리는 수업 중 선수에 대해 이야기했다.,미학습
토익 950+ 목표,market,[명사] 시장,We talked about market during the lesson.,우리는 수업 중 시장에 대해 이야기했다.,미학습
토익 950+ 목표,shop,[명사] 가게,We talked about shop during the lesson.,우리는 수업 중 가게에 대해 이야기했다.,미학습
토익 950+ 목표,store,[명사] 상점,We talked about store during the lesson.,우리는 수업 중 상점에 대해 이야기했다.,미학습
토익 950+ 목표,money,[명사] 돈,We talked about money during the lesson.,우리는 수업 중 돈에 대해 이야기했다.,미학습
토익 950+ 목표,price,[명사] 가격,We talked about price during the lesson.,우리는 수업 중 가격에 대해 이야기했다.,미학습
토익 950+ 목표,cost,[명사] 비용,We talked about cost during the lesson.,우리는 수업 중 비용에 대해 이야기했다.,미학습
토익 950+ 목표,gift,[명사] 선물,We talked about gift during the lesson.,우리는 수업 중 선물에 대해 이야기했다.,미학습
토익 950+ 목표,bag,[명사] 가방,We talked about bag during the lesson.,우리는 수업 중 가방에 대해 이야기했다.,미학습
토익 950+ 목표,box,[명사] 상자,We talked about box during the lesson.,우리는 수업 중 상자에 대해 이야기했다.,미학습
토익 950+ 목표,key,[명사] 열쇠,We talked about key during the lesson.,우리는 수업 중 열쇠에 대해 이야기했다.,미학습
토익 950+ 목표,phone,[명사] 전화,We talked about phone during the lesson.,우리는 수업 중 전화에 대해 이야기했다.,미학습
토익 950+ 목표,computer,[명사] 컴퓨터,We talked about computer during the lesson.,우리는 수업 중 컴퓨터에 대해 이야기했다.,미학습
토익 950+ 목표,screen,[명사] 화면,We talked about screen during the lesson.,우리는 수업 중 화면에 대해 이야기했다.,미학습
토익 950+ 목표,camera,[명사] 카메라,We talked about camera during the lesson.,우리는 수업 중 카메라에 대해 이야기했다.,미학습
토익 950+ 목표,radio,[명사] 라디오,We talked about radio during the lesson.,우리는 수업 중 라디오에 대해 이야기했다.,미학습
토익 950+ 목표,clock,[명사] 시계,We talked about clock during the lesson.,우리는 수업 중 시계에 대해 이야기했다.,미학습
토익 950+ 목표,watch,[명사] 손목시계,We talked about watch during the lesson.,우리는 수업 중 손목시계에 대해 이야기했다.,미학습
토익 950+ 목표,car,[명사] 자동차,We talked about car during the lesson.,우리는 수업 중 자동차에 대해 이야기했다.,미학습
토익 950+ 목표,bus,[명사] 버스,We talked about bus during the lesson.,우리는 수업 중 버스에 대해 이야기했다.,미학습
토익 950+ 목표,train,[명사] 기차,We talked about train during the lesson.,우리는 수업 중 기차에 대해 이야기했다.,미학습
토익 950+ 목표,plane,[명사] 비행기,We talked about plane during the lesson.,우리는 수업 중 비행기에 대해 이야기했다.,미학습
토익 950+ 목표,ship,[명사] 배,We talked about ship during the lesson.,우리는 수업 중 배에 대해 이야기했다.,미학습
토익 950+ 목표,bike,[명사] 자전거,We talked about bike during the lesson.,우리는 수업 중 자전거에 대해 이야기했다.,미학습
토익 950+ 목표,station,[명사] 역,We talked about station during the lesson.,우리는 수업 중 역에 대해 이야기했다.,미학습
토익 950+ 목표,airport,[명사] 공항,We talked about airport during the lesson.,우리는 수업 중 공항에 대해 이야기했다.,미학습
토익 950+ 목표,hotel,[명사] 호텔,We talked about hotel during the lesson.,우리는 수업 중 호텔에 대해 이야기했다.,미학습
토익 950+ 목표,ticket,[명사] 표,We talked about ticket during the lesson.,우리는 수업 중 표에 대해 이야기했다.,미학습
토익 950+ 목표,passport,[명사] 여권,We talked about passport during the lesson.,우리는 수업 중 여권에 대해 이야기했다.,미학습
토익 950+ 목표,map,[명사] 지도,We talked about map during the lesson.,우리는 수업 중 지도에 대해 이야기했다.,미학습
토익 950+ 목표,trip,[명사] 여행,We talked about trip during the lesson.,우리는 수업 중 여행에 대해 이야기했다.,미학습
토익 950+ 목표,travel,[명사] 여행,We talked about travel during the lesson.,우리는 수업 중 여행에 대해 이야기했다.,미학습
토익 950+ 목표,vacation,[명사] 휴가,We talked about vacation during the lesson.,우리는 수업 중 휴가에 대해 이야기했다.,미학습
토익 950+ 목표,morning,[명사] 아침,We talked about morning during the lesson.,우리는 수업 중 아침에 대해 이야기했다.,미학습
토익 950+ 목표,afternoon,[명사] 오후,We talked about afternoon during the lesson.,우리는 수업 중 오후에 대해 이야기했다.,미학습
토익 950+ 목표,evening,[명사] 저녁,We talked about evening during the lesson.,우리는 수업 중 저녁에 대해 이야기했다.,미학습
토익 950+ 목표,night,[명사] 밤,We talked about night during the lesson.,우리는 수업 중 밤에 대해 이야기했다.,미학습
토익 950+ 목표,day,[명사] 날,We talked about day during the lesson.,우리는 수업 중 날에 대해 이야기했다.,미학습
토익 950+ 목표,week,[명사] 주,We talked about week during the lesson.,우리는 수업 중 주에 대해 이야기했다.,미학습
토익 950+ 목표,month,[명사] 달,We talked about month during the lesson.,우리는 수업 중 달에 대해 이야기했다.,미학습
토익 950+ 목표,year,[명사] 해,We talked about year during the lesson.,우리는 수업 중 해에 대해 이야기했다.,미학습
토익 950+ 목표,time,[명사] 시간,We talked about time during the lesson.,우리는 수업 중 시간에 대해 이야기했다.,미학습
토익 950+ 목표,hour,[명사] 시간,We talked about hour during the lesson.,우리는 수업 중 시간에 대해 이야기했다.,미학습
토익 950+ 목표,minute,[명사] 분,We talked about minute during the lesson.,우리는 수업 중 분에 대해 이야기했다.,미학습
토익 950+ 목표,moment,[명사] 순간,We talked about moment during the lesson.,우리는 수업 중 순간에 대해 이야기했다.,미학습
토익 950+ 목표,life,[명사] 삶,We talked about life during the lesson.,우리는 수업 중 삶에 대해 이야기했다.,미학습
토익 950+ 목표,work,[명사] 일,We talked about work during the lesson.,우리는 수업 중 일에 대해 이야기했다.,미학습
토익 950+ 목표,job,[명사] 직업,We talked about job during the lesson.,우리는 수업 중 직업에 대해 이야기했다.,미학습
토익 950+ 목표,office,[명사] 사무실,We talked about office during the lesson.,우리는 수업 중 사무실에 대해 이야기했다.,미학습
토익 950+ 목표,company,[명사] 회사,We talked about company during the lesson.,우리는 수업 중 회사에 대해 이야기했다.,미학습
토익 950+ 목표,business,[명사] 사업,We talked about business during the lesson.,우리는 수업 중 사업에 대해 이야기했다.,미학습
토익 950+ 목표,project,[명사] 프로젝트,We talked about project during the lesson.,우리는 수업 중 프로젝트에 대해 이야기했다.,미학습
토익 950+ 목표,plan,[명사] 계획,We talked about plan during the lesson.,우리는 수업 중 계획에 대해 이야기했다.,미학습
토익 950+ 목표,goal,[명사] 목표,We talked about goal during the lesson.,우리는 수업 중 목표에 대해 이야기했다.,미학습
토익 950+ 목표,idea,[명사] 생각,We talked about idea during the lesson.,우리는 수업 중 생각에 대해 이야기했다.,미학습
토익 950+ 목표,reason,[명사] 이유,We talked about reason during the lesson.,우리는 수업 중 이유에 대해 이야기했다.,미학습
토익 950+ 목표,problem,[명사] 문제,We talked about problem during the lesson.,우리는 수업 중 문제에 대해 이야기했다.,미학습
토익 950+ 목표,answer,[명사] 답,We talked about answer during the lesson.,우리는 수업 중 답에 대해 이야기했다.,미학습
토익 950+ 목표,question,[명사] 질문,We talked about question during the lesson.,우리는 수업 중 질문에 대해 이야기했다.,미학습
토익 950+ 목표,result,[명사] 결과,We talked about result during the lesson.,우리는 수업 중 결과에 대해 이야기했다.,미학습
토익 950+ 목표,choice,[명사] 선택,We talked about choice during the lesson.,우리는 수업 중 선택에 대해 이야기했다.,미학습
토익 950+ 목표,chance,[명사] 기회,We talked about chance during the lesson.,우리는 수업 중 기회에 대해 이야기했다.,미학습
토익 950+ 목표,change,[명사] 변화,We talked about change during the lesson.,우리는 수업 중 변화에 대해 이야기했다.,미학습
토익 950+ 목표,growth,[명사] 성장,We talked about growth during the lesson.,우리는 수업 중 성장에 대해 이야기했다.,미학습
토익 950+ 목표,value,[명사] 가치,We talked about value during the lesson.,우리는 수업 중 가치에 대해 이야기했다.,미학습
토익 950+ 목표,quality,[명사] 품질,We talked about quality during the lesson.,우리는 수업 중 품질에 대해 이야기했다.,학습 중
토익 950+ 목표,service,[명사] 서비스,We talked about service during the lesson.,우리는 수업 중 서비스에 대해 이야기했다.,미학습
토익 950+ 목표,product,[명사] 제품,We talked about product during the lesson.,우리는 수업 중 제품에 대해 이야기했다.,미학습
토익 950+ 목표,customer,[명사] 고객,We talked about customer during the lesson.,우리는 수업 중 고객에 대해 이야기했다.,미학습
토익 950+ 목표,client,[명사] 의뢰인,We talked about client during the lesson.,우리는 수업 중 의뢰인에 대해 이야기했다.,미학습
토익 950+ 목표,manager,[명사] 관리자,We talked about manager during the lesson.,우리는 수업 중 관리자에 대해 이야기했다.,미학습
토익 950+ 목표,leader,[명사] 지도자,We talked about leader during the lesson.,우리는 수업 중 지도자에 대해 이야기했다.,미학습
토익 950+ 목표,member,[명사] 구성원,We talked about member during the lesson.,우리는 수업 중 구성원에 대해 이야기했다.,미학습
토익 950+ 목표,staff,[명사] 직원,We talked about staff during the lesson.,우리는 수업 중 직원에 대해 이야기했다.,미학습
토익 950+ 목표,worker,[명사] 근로자,We talked about worker during the lesson.,우리는 수업 중 근로자에 대해 이야기했다.,미학습
토익 950+ 목표,skill,[명사] 기술,We talked about skill during the lesson.,우리는 수업 중 기술에 대해 이야기했다.,미학습
토익 950+ 목표,knowledge,[명사] 지식,We talked about knowledge during the lesson.,우리는 수업 중 지식에 대해 이야기했다.,미학습
토익 950+ 목표,study,[명사] 공부,We talked about study during the lesson.,우리는 수업 중 공부에 대해 이야기했다.,미학습
토익 950+ 목표,research,[명사] 연구,We talked about research during the lesson.,우리는 수업 중 연구에 대해 이야기했다.,미학습
토익 950+ 목표,science,[명사] 과학,We talked about science during the lesson.,우리는 수업 중 과학에 대해 이야기했다.,미학습
토익 950+ 목표,history,[명사] 역사,We talked about history during the lesson.,우리는 수업 중 역사에 대해 이야기했다.,미학습
토익 950+ 목표,art,[명사] 예술,We talked about art during the lesson.,우리는 수업 중 예술에 대해 이야기했다.,미학습
토익 950+ 목표,culture,[명사] 문화,We talked about culture during the lesson.,우리는 수업 중 문화에 대해 이야기했다.,미학습
토익 950+ 목표,language,[명사] 언어,We talked about language during the lesson.,우리는 수업 중 언어에 대해 이야기했다.,미학습
토익 950+ 목표,letter,[명사] 글자,We talked about letter during the lesson.,우리는 수업 중 글자에 대해 이야기했다.,미학습
토익 950+ 목표,word,[명사] 단어,We talked about word during the lesson.,우리는 수업 중 단어에 대해 이야기했다.,미학습
토익 950+ 목표,sentence,[명사] 문장,We talked about sentence during the lesson.,우리는 수업 중 문장에 대해 이야기했다.,미학습
토익 950+ 목표,story,[명사] 이야기,We talked about story during the lesson.,우리는 수업 중 이야기에 대해 이야기했다.,미학습
토익 950+ 목표,news,[명사] 소식,We talked about news during the lesson.,우리는 수업 중 소식에 대해 이야기했다.,미학습
토익 950+ 목표,report,[명사] 보고서,We talked about report during the lesson.,우리는 수업 중 보고서에 대해 이야기했다.,미학습
토익 950+ 목표,document,[명사] 문서,We talked about document during the lesson.,우리는 수업 중 문서에 대해 이야기했다.,미학습
토익 950+ 목표,record,[명사] 기록,We talked about record during the lesson.,우리는 수업 중 기록에 대해 이야기했다.,미학습
토익 950+ 목표,system,[명사] 체계,We talked about system during the lesson.,우리는 수업 중 체계에 대해 이야기했다.,미학습
토익 950+ 목표,network,[명사] 망,We talked about network during the lesson.,우리는 수업 중 망에 대해 이야기했다.,미학습
토익 950+ 목표,website,[명사] 웹사이트,We talked about website during the lesson.,우리는 수업 중 웹사이트에 대해 이야기했다.,미학습
토익 950+ 목표,email,[명사] 이메일,We talked about email during the lesson.,우리는 수업 중 이메일에 대해 이야기했다.,미학습
토익 950+ 목표,message,[명사] 메시지,We talked about message during the lesson.,우리는 수업 중 메시지에 대해 이야기했다.,미학습
토익 950+ 목표,address,[명사] 주소,We talked about address during the lesson.,우리는 수업 중 주소에 대해 이야기했다.,미학습
토익 950+ 목표,bank,[명사] 은행,We talked about bank during the lesson.,우리는 수업 중 은행에 대해 이야기했다.,미학습
토익 950+ 목표,account,[명사] 계좌,We talked about account during the lesson.,우리는 수업 중 계좌에 대해 이야기했다.,미학습
토익 950+ 목표,budget,[명사] 예산,We talked about budget during the lesson.,우리는 수업 중 예산에 대해 이야기했다.,미학습
토익 950+ 목표,profit,[명사] 이익,We talked about profit during the lesson.,우리는 수업 중 이익에 대해 이야기했다.,미학습
토익 950+ 목표,loss,[명사] 손실,We talked about loss during the lesson.,우리는 수업 중 손실에 대해 이야기했다.,미학습
토익 950+ 목표,risk,[명사] 위험,We talked about risk during the lesson.,우리는 수업 중 위험에 대해 이야기했다.,미학습
토익 950+ 목표,safety,[명사] 안전,We talked about safety during the lesson.,우리는 수업 중 안전에 대해 이야기했다.,미학습
토익 950+ 목표,health,[명사] 건강,We talked about health during the lesson.,우리는 수업 중 건강에 대해 이야기했다.,미학습
토익 950+ 목표,care,[명사] 돌봄,We talked about care during the lesson.,우리는 수업 중 돌봄에 대해 이야기했다.,미학습
토익 950+ 목표,medicine,[명사] 약,We talked about medicine during the lesson.,우리는 수업 중 약에 대해 이야기했다.,미학습
토익 950+ 목표,hospital,[명사] 병원,We talked about hospital during the lesson.,우리는 수업 중 병원에 대해 이야기했다.,미학습
토익 950+ 목표,doctor,[명사] 의사,We talked about doctor during the lesson.,우리는 수업 중 의사에 대해 이야기했다.,미학습
토익 950+ 목표,nurse,[명사] 간호사,We talked about nurse during the lesson.,우리는 수업 중 간호사에 대해 이야기했다.,미학습
토익 950+ 목표,patient,[명사] 환자,We talked about patient during the lesson.,우리는 수업 중 환자에 대해 이야기했다.,미학습
토익 950+ 목표,energy,[명사] 에너지,We talked about energy during the lesson.,우리는 수업 중 에너지에 대해 이야기했다.,미학습
토익 950+ 목표,power,[명사] 힘,We talked about power during the lesson.,우리는 수업 중 힘에 대해 이야기했다.,미학습
토익 950+ 목표,light,[명사] 빛,We talked about light during the lesson.,우리는 수업 중 빛에 대해 이야기했다.,미학습
토익 950+ 목표,heat,[명사] 열,We talked about heat during the lesson.,우리는 수업 중 열에 대해 이야기했다.,미학습
토익 950+ 목표,space,[명사] 공간,We talked about space during the lesson.,우리는 수업 중 공간에 대해 이야기했다.,미학습
토익 950+ 목표,area,[명사] 지역,We talked about area during the lesson.,우리는 수업 중 지역에 대해 이야기했다.,미학습
토익 950+ 목표,place,[명사] 장소,We talked about place during the lesson.,우리는 수업 중 장소에 대해 이야기했다.,미학습
토익 950+ 목표,point,[명사] 요점,We talked about point during the lesson.,우리는 수업 중 요점에 대해 이야기했다.,미학습
토익 950+ 목표,part,[명사] 부분,We talked about part during the lesson.,우리는 수업 중 부분에 대해 이야기했다.,미학습
토익 950+ 목표,side,[명사] 쪽,We talked about side during the lesson.,우리는 수업 중 쪽에 대해 이야기했다.,미학습
토익 950+ 목표,center,[명사] 중심,We talked about center during the lesson.,우리는 수업 중 중심에 대해 이야기했다.,미학습
토익 950+ 목표,edge,[명사] 가장자리,We talked about edge during the lesson.,우리는 수업 중 가장자리에 대해 이야기했다.,미학습
토익 950+ 목표,level,[명사] 수준,We talked about level during the lesson.,우리는 수업 중 수준에 대해 이야기했다.,미학습
토익 950+ 목표,degree,[명사] 정도,We talked about degree during the lesson.,우리는 수업 중 정도에 대해 이야기했다.,미학습
토익 950+ 목표,amount,[명사] 양,We talked about amount during the lesson.,우리는 수업 중 양에 대해 이야기했다.,미학습
토익 950+ 목표,rate,[명사] 비율,We talked about rate during the lesson.,우리는 수업 중 비율에 대해 이야기했다.,미학습
토익 950+ 목표,type,[명사] 유형,We talked about type during the lesson.,우리는 수업 중 유형에 대해 이야기했다.,미학습
토익 950+ 목표,kind,[명사] 종류,We talked about kind during the lesson.,우리는 수업 중 종류에 대해 이야기했다.,미학습
토익 950+ 목표,form,[명사] 형태,We talked about form during the lesson.,우리는 수업 중 형태에 대해 이야기했다.,미학습
토익 950+ 목표,shape,[명사] 모양,We talked about shape during the lesson.,우리는 수업 중 모양에 대해 이야기했다.,미학습
토익 950+ 목표,size,[명사] 크기,We talked about size during the lesson.,우리는 수업 중 크기에 대해 이야기했다.,미학습
토익 950+ 목표,weight,[명사] 무게,We talked about weight during the lesson.,우리는 수업 중 무게에 대해 이야기했다.,학습 중
토익 950+ 목표,speed,[명사] 속도,We talked about speed during the lesson.,우리는 수업 중 속도에 대해 이야기했다.,암기 완료
토익 950+ 목표,direction,[명사] 방향,We talked about direction during the lesson.,우리는 수업 중 방향에 대해 이야기했다.,미학습
토익 950+ 목표,position,[명사] 위치,We talked about position during the lesson.,우리는 수업 중 위치에 대해 이야기했다.,미학습
토익 950+ 목표,action,[명사] 행동,We talked about action during the lesson.,우리는 수업 중 행동에 대해 이야기했다.,미학습
토익 950+ 목표,activity,[명사] 활동,We talked about activity during the lesson.,우리는 수업 중 활동에 대해 이야기했다.,미학습
토익 950+ 목표,process,[명사] 과정,We talked about process during the lesson.,우리는 수업 중 과정에 대해 이야기했다.,미학습
토익 950+ 목표,method,[명사] 방법,We talked about method during the lesson.,우리는 수업 중 방법에 대해 이야기했다.,미학습
토익 950+ 목표,tool,[명사] 도구,We talked about tool during the lesson.,우리는 수업 중 도구에 대해 이야기했다.,미학습
토익 950+ 목표,machine,[명사] 기계,We talked about machine during the lesson.,우리는 수업 중 기계에 대해 이야기했다.,미학습
토익 950+ 목표,material,[명사] 재료,We talked about material during the lesson.,우리는 수업 중 재료에 대해 이야기했다.,미학습
토익 950+ 목표,resource,[명사] 자원,We talked about resource during the lesson.,우리는 수업 중 자원에 대해 이야기했다.,미학습
토익 950+ 목표,environment,[명사] 환경,We talked about environment during the lesson.,우리는 수업 중 환경에 대해 이야기했다.,미학습
토익 950+ 목표,nature,[명사] 자연,We talked about nature during the lesson.,우리는 수업 중 자연에 대해 이야기했다.,미학습
토익 950+ 목표,weather,[명사] 날씨,We talked about weather during the lesson.,우리는 수업 중 날씨에 대해 이야기했다.,미학습
토익 950+ 목표,season,[명사] 계절,We talked about season during the lesson.,우리는 수업 중 계절에 대해 이야기했다.,미학습
토익 950+ 목표,spring,[명사] 봄,We talked about spring during the lesson.,우리는 수업 중 봄에 대해 이야기했다.,미학습
토익 950+ 목표,summer,[명사] 여름,We talked about summer during the lesson.,우리는 수업 중 여름에 대해 이야기했다.,미학습
토익 950+ 목표,autumn,[명사] 가을,We talked about autumn during the lesson.,우리는 수업 중 가을에 대해 이야기했다.,미학습
토익 950+ 목표,winter,[명사] 겨울,We talked about winter during the lesson.,우리는 수업 중 겨울에 대해 이야기했다.,미학습
토익 950+ 목표,law,[명사] 법,We talked about law during the lesson.,우리는 수업 중 법에 대해 이야기했다.,미학습
토익 950+ 목표,rule,[명사] 규칙,We talked about rule during the lesson.,우리는 수업 중 규칙에 대해 이야기했다.,미학습
토익 950+ 목표,right,[명사] 권리,We talked about right during the lesson.,우리는 수업 중 권리에 대해 이야기했다.,학습 중
토익 950+ 목표,duty,[명사] 의무,We talked about duty during the lesson.,우리는 수업 중 의무에 대해 이야기했다.,미학습
토익 950+ 목표,peace,[명사] 평화,We talked about peace during the lesson.,우리는 수업 중 평화에 대해 이야기했다.,미학습
토익 950+ 목표,war,[명사] 전쟁,We talked about war during the lesson.,우리는 수업 중 전쟁에 대해 이야기했다.,미학습
토익 950+ 목표,policy,[명사] 정책,We talked about policy during the lesson.,우리는 수업 중 정책에 대해 이야기했다.,미학습
토익 950+ 목표,society,[명사] 사회,We talked about society during the lesson.,우리는 수업 중 사회에 대해 이야기했다.,미학습
토익 950+ 목표,community,[명사] 공동체,We talked about community during the lesson.,우리는 수업 중 공동체에 대해 이야기했다.,미학습
토익 950+ 목표,group,[명사] 집단,We talked about group during the lesson.,우리는 수업 중 집단에 대해 이야기했다.,미학습
토익 950+ 목표,public,[명사] 대중,We talked about public during the lesson.,우리는 수업 중 대중에 대해 이야기했다.,미학습
토익 950+ 목표,marketplace,[명사] 시장,We talked about marketplace during the lesson.,우리는 수업 중 시장에 대해 이야기했다.,미학습
토익 950+ 목표,industry,[명사] 산업,We talked about industry during the lesson.,우리는 수업 중 산업에 대해 이야기했다.,미학습
토익 950+ 목표,technology,[명사] 기술,We talked about technology during the lesson.,우리는 수업 중 기술에 대해 이야기했다.,미학습
토익 950+ 목표,design,[명사] 설계,We talked about design during the lesson.,우리는 수업 중 설계에 대해 이야기했다.,미학습
토익 950+ 목표,model,[명사] 모형,We talked about model during the lesson.,우리는 수업 중 모형에 대해 이야기했다.,미학습
토익 950+ 목표,sample,[명사] 견본,We talked about sample during the lesson.,우리는 수업 중 견본에 대해 이야기했다.,미학습
토익 950+ 목표,image,[명사] 이미지,We talked about image during the lesson.,우리는 수업 중 이미지에 대해 이야기했다.,미학습
토익 950+ 목표,memory,[명사] 기억,We talked about memory during the lesson.,우리는 수업 중 기억에 대해 이야기했다.,미학습
토익 950+ 목표,dream,[명사] 꿈,We talked about dream during the lesson.,우리는 수업 중 꿈에 대해 이야기했다.,미학습
토익 950+ 목표,hope,[명사] 희망,We talked about hope during the lesson.,우리는 수업 중 희망에 대해 이야기했다.,미학습
토익 950+ 목표,fear,[명사] 두려움,We talked about fear during the lesson.,우리는 수업 중 두려움에 대해 이야기했다.,미학습
토익 950+ 목표,love,[명사] 사랑,We talked about love during the lesson.,우리는 수업 중 사랑에 대해 이야기했다.,미학습
토익 950+ 목표,hate,[명사] 증오,We talked about hate during the lesson.,우리는 수업 중 증오에 대해 이야기했다.,미학습
토익 950+ 목표,joy,[명사] 기쁨,We talked about joy during the lesson.,우리는 수업 중 기쁨에 대해 이야기했다.,미학습
토익 950+ 목표,anger,[명사] 분노,We talked about anger during the lesson.,우리는 수업 중 분노에 대해 이야기했다.,미학습
토익 950+ 목표,sadness,[명사] 슬픔,We talked about sadness during the lesson.,우리는 수업 중 슬픔에 대해 이야기했다.,미학습
토익 950+ 목표,truth,[명사] 진실,We talked about truth during the lesson.,우리는 수업 중 진실에 대해 이야기했다.,미학습
토익 950+ 목표,fact,[명사] 사실,We talked about fact during the lesson.,우리는 수업 중 사실에 대해 이야기했다.,미학습
토익 950+ 목표,opinion,[명사] 의견,We talked about opinion during the lesson.,우리는 수업 중 의견에 대해 이야기했다.,미학습
토익 950+ 목표,advice,[명사] 조언,We talked about advice during the lesson.,우리는 수업 중 조언에 대해 이야기했다.,미학습
토익 950+ 목표,be,[동사] 이다,I want to be calm today.,나는 오늘 차분해지고 싶다.,미학습
토익 950+ 목표,have,[동사] 가지다,I have a clear goal today.,나는 오늘 명확한 목표를 가지고 있다.,미학습
토익 950+ 목표,do,[동사] 하다,We do the task together.,우리는 그 일을 함께 한다.,미학습
토익 950+ 목표,make,[동사] 만들다,They make a useful plan.,그들은 유용한 계획을 만든다.,미학습
토익 950+ 목표,get,[동사] 얻다,I get help from a friend.,나는 친구에게서 도움을 얻는다.,미학습
토익 950+ 목표,go,[동사] 가다,We go to school in the morning.,우리는 아침에 학교에 간다.,미학습
토익 950+ 목표,come,[동사] 오다,Please come to the office early.,사무실에 일찍 오세요.,미학습
토익 950+ 목표,see,[동사] 보다,Learners practice how to see in English.,학습자는 영어로 보다 방법을 연습한다.,미학습
토익 950+ 목표,look,[동사] 보다,Learners practice how to look in English.,학습자는 영어로 보다 방법을 연습한다.,미학습
토익 950+ 목표,hear,[동사] 듣다,Learners practice how to hear in English.,학습자는 영어로 듣다 방법을 연습한다.,미학습
토익 950+ 목표,listen,[동사] 듣다,Learners practice how to listen in English.,학습자는 영어로 듣다 방법을 연습한다.,미학습
토익 950+ 목표,speak,[동사] 말하다,Learners practice how to speak in English.,학습자는 영어로 말하다 방법을 연습한다.,미학습
토익 950+ 목표,say,[동사] 말하다,Please say the word clearly.,그 단어를 명확하게 말하세요.,미학습
토익 950+ 목표,tell,[동사] 말하다,I will tell the story tomorrow.,나는 내일 그 이야기를 말할 것이다.,미학습
토익 950+ 목표,ask,[동사] 묻다,Students ask a question in class.,학생들은 수업에서 질문을 한다.,미학습
토익 950+ 목표,read,[동사] 읽다,I read a book every night.,나는 매일 밤 책을 읽는다.,미학습
토익 950+ 목표,write,[동사] 쓰다,She will write a short letter.,그녀는 짧은 편지를 쓸 것이다.,미학습
토익 950+ 목표,learn,[동사] 배우다,Learners practice how to learn in English.,학습자는 영어로 배우다 방법을 연습한다.,미학습
토익 950+ 목표,teach,[동사] 가르치다,Learners practice how to teach in English.,학습자는 영어로 가르치다 방법을 연습한다.,미학습
토익 950+ 목표,know,[동사] 알다,Learners practice how to know in English.,학습자는 영어로 알다 방법을 연습한다.,미학습
토익 950+ 목표,think,[동사] 생각하다,Learners practice how to think in English.,학습자는 영어로 생각하다 방법을 연습한다.,미학습
토익 950+ 목표,feel,[동사] 느끼다,Learners practice how to feel in English.,학습자는 영어로 느끼다 방법을 연습한다.,미학습
토익 950+ 목표,believe,[동사] 믿다,Learners practice how to believe in English.,학습자는 영어로 믿다 방법을 연습한다.,미학습
토익 950+ 목표,remember,[동사] 기억하다,Learners practice how to remember in English.,학습자는 영어로 기억하다 방법을 연습한다.,미학습
토익 950+ 목표,forget,[동사] 잊다,Learners practice how to forget in English.,학습자는 영어로 잊다 방법을 연습한다.,미학습
토익 950+ 목표,understand,[동사] 이해하다,Learners practice how to understand in English.,학습자는 영어로 이해하다 방법을 연습한다.,미학습
토익 950+ 목표,try,[동사] 시도하다,Learners practice how to try in English.,학습자는 영어로 시도하다 방법을 연습한다.,미학습
토익 950+ 목표,use,[동사] 사용하다,Learners practice how to use in English.,학습자는 영어로 사용하다 방법을 연습한다.,미학습
토익 950+ 목표,want,[동사] 원하다,Learners practice how to want in English.,학습자는 영어로 원하다 방법을 연습한다.,미학습
토익 950+ 목표,like,[동사] 좋아하다,Learners practice how to like in English.,학습자는 영어로 좋아하다 방법을 연습한다.,미학습
토익 950+ 목표,play,[동사] 놀다,Learners practice how to play in English.,학습자는 영어로 놀다 방법을 연습한다.,미학습
토익 950+ 목표,run,[동사] 달리다,Learners practice how to run in English.,학습자는 영어로 달리다 방법을 연습한다.,미학습
토익 950+ 목표,walk,[동사] 걷다,Learners practice how to walk in English.,학습자는 영어로 걷다 방법을 연습한다.,미학습
토익 950+ 목표,stand,[동사] 서다,Learners practice how to stand in English.,학습자는 영어로 서다 방법을 연습한다.,미학습
토익 950+ 목표,sit,[동사] 앉다,Learners practice how to sit in English.,학습자는 영어로 앉다 방법을 연습한다.,미학습
토익 950+ 목표,sleep,[동사] 자다,Learners practice how to sleep in English.,학습자는 영어로 자다 방법을 연습한다.,미학습
토익 950+ 목표,wake,[동사] 깨다,Learners practice how to wake in English.,학습자는 영어로 깨다 방법을 연습한다.,미학습
토익 950+ 목표,eat,[동사] 먹다,We eat dinner at home.,우리는 집에서 저녁을 먹는다.,학습 중
토익 950+ 목표,drink,[동사] 마시다,I drink water after exercise.,나는 운동 후에 물을 마신다.,미학습
토익 950+ 목표,cook,[동사] 요리하다,Learners practice how to cook in English.,학습자는 영어로 요리하다 방법을 연습한다.,미학습
토익 950+ 목표,buy,[동사] 사다,Learners practice how to buy in English.,학습자는 영어로 사다 방법을 연습한다.,미학습
토익 950+ 목표,sell,[동사] 팔다,Learners practice how to sell in English.,학습자는 영어로 팔다 방법을 연습한다.,미학습
토익 950+ 목표,pay,[동사] 지불하다,Learners practice how to pay in English.,학습자는 영어로 지불하다 방법을 연습한다.,미학습
토익 950+ 목표,spend,[동사] 쓰다,Learners practice how to spend in English.,학습자는 영어로 쓰다 방법을 연습한다.,미학습
토익 950+ 목표,save,[동사] 저축하다,Learners practice how to save in English.,학습자는 영어로 저축하다 방법을 연습한다.,미학습
토익 950+ 목표,give,[동사] 주다,Learners practice how to give in English.,학습자는 영어로 주다 방법을 연습한다.,미학습
토익 950+ 목표,take,[동사] 가져가다,Learners practice how to take in English.,학습자는 영어로 가져가다 방법을 연습한다.,미학습
토익 950+ 목표,bring,[동사] 가져오다,Learners practice how to bring in English.,학습자는 영어로 가져오다 방법을 연습한다.,미학습
토익 950+ 목표,send,[동사] 보내다,Learners practice how to send in English.,학습자는 영어로 보내다 방법을 연습한다.,미학습
토익 950+ 목표,receive,[동사] 받다,Learners practice how to receive in English.,학습자는 영어로 받다 방법을 연습한다.,미학습
토익 950+ 목표,open,[동사] 열다,Learners practice how to open in English.,학습자는 영어로 열다 방법을 연습한다.,미학습
토익 950+ 목표,close,[동사] 닫다,Learners practice how to close in English.,학습자는 영어로 닫다 방법을 연습한다.,미학습
토익 950+ 목표,start,[동사] 시작하다,Learners practice how to start in English.,학습자는 영어로 시작하다 방법을 연습한다.,미학습
토익 950+ 목표,finish,[동사] 끝내다,Learners practice how to finish in English.,학습자는 영어로 끝내다 방법을 연습한다.,미학습
토익 950+ 목표,stop,[동사] 멈추다,Learners practice how to stop in English.,학습자는 영어로 멈추다 방법을 연습한다.,미학습
토익 950+ 목표,move,[동사] 움직이다,Learners practice how to move in English.,학습자는 영어로 움직이다 방법을 연습한다.,미학습
토익 950+ 목표,turn,[동사] 돌리다,Learners practice how to turn in English.,학습자는 영어로 돌리다 방법을 연습한다.,미학습
토익 950+ 목표,follow,[동사] 따르다,Learners practice how to follow in English.,학습자는 영어로 따르다 방법을 연습한다.,미학습
토익 950+ 목표,lead,[동사] 이끌다,Learners practice how to lead in English.,학습자는 영어로 이끌다 방법을 연습한다.,미학습
토익 950+ 목표,meet,[동사] 만나다,Learners practice how to meet in English.,학습자는 영어로 만나다 방법을 연습한다.,미학습
토익 950+ 목표,join,[동사] 가입하다,Learners practice how to join in English.,학습자는 영어로 가입하다 방법을 연습한다.,미학습
토익 950+ 목표,leave,[동사] 떠나다,Learners practice how to leave in English.,학습자는 영어로 떠나다 방법을 연습한다.,미학습
토익 950+ 목표,arrive,[동사] 도착하다,Learners practice how to arrive in English.,학습자는 영어로 도착하다 방법을 연습한다.,미학습
토익 950+ 목표,visit,[동사] 방문하다,Learners practice how to visit in English.,학습자는 영어로 방문하다 방법을 연습한다.,미학습
토익 950+ 목표,call,[동사] 부르다,Learners practice how to call in English.,학습자는 영어로 부르다 방법을 연습한다.,미학습
토익 950+ 목표,contact,[동사] 연락하다,Learners practice how to contact in English.,학습자는 영어로 연락하다 방법을 연습한다.,미학습
토익 950+ 목표,check,[동사] 확인하다,Learners practice how to check in English.,학습자는 영어로 확인하다 방법을 연습한다.,미학습
토익 950+ 목표,choose,[동사] 선택하다,Learners practice how to choose in English.,학습자는 영어로 선택하다 방법을 연습한다.,미학습
토익 950+ 목표,decide,[동사] 결정하다,Learners practice how to decide in English.,학습자는 영어로 결정하다 방법을 연습한다.,미학습
토익 950+ 목표,grow,[동사] 자라다,Learners practice how to grow in English.,학습자는 영어로 자라다 방법을 연습한다.,미학습
토익 950+ 목표,build,[동사] 짓다,Learners practice how to build in English.,학습자는 영어로 짓다 방법을 연습한다.,미학습
토익 950+ 목표,create,[동사] 창조하다,Learners practice how to create in English.,학습자는 영어로 창조하다 방법을 연습한다.,미학습
토익 950+ 목표,develop,[동사] 개발하다,Learners practice how to develop in English.,학습자는 영어로 개발하다 방법을 연습한다.,미학습
토익 950+ 목표,improve,[동사] 개선하다,Learners practice how to improve in English.,학습자는 영어로 개선하다 방법을 연습한다.,미학습
토익 950+ 목표,reduce,[동사] 줄이다,Learners practice how to reduce in English.,학습자는 영어로 줄이다 방법을 연습한다.,미학습
토익 950+ 목표,increase,[동사] 증가시키다,Learners practice how to increase in English.,학습자는 영어로 증가시키다 방법을 연습한다.,미학습
토익 950+ 목표,compare,[동사] 비교하다,Learners practice how to compare in English.,학습자는 영어로 비교하다 방법을 연습한다.,미학습
토익 950+ 목표,explain,[동사] 설명하다,Learners practice how to explain in English.,학습자는 영어로 설명하다 방법을 연습한다.,미학습
토익 950+ 목표,describe,[동사] 묘사하다,Learners practice how to describe in English.,학습자는 영어로 묘사하다 방법을 연습한다.,미학습
토익 950+ 목표,discuss,[동사] 논의하다,Learners practice how to discuss in English.,학습자는 영어로 논의하다 방법을 연습한다.,미학습
토익 950+ 목표,agree,[동사] 동의하다,Learners practice how to agree in English.,학습자는 영어로 동의하다 방법을 연습한다.,미학습
토익 950+ 목표,prepare,[동사] 준비하다,Learners practice how to prepare in English.,학습자는 영어로 준비하다 방법을 연습한다.,미학습
토익 950+ 목표,manage,[동사] 관리하다,Learners practice how to manage in English.,학습자는 영어로 관리하다 방법을 연습한다.,미학습
토익 950+ 목표,protect,[동사] 보호하다,Learners practice how to protect in English.,학습자는 영어로 보호하다 방법을 연습한다.,미학습
토익 950+ 목표,serve,[동사] 제공하다,Learners practice how to serve in English.,학습자는 영어로 제공하다 방법을 연습한다.,미학습
토익 950+ 목표,produce,[동사] 생산하다,Learners practice how to produce in English.,학습자는 영어로 생산하다 방법을 연습한다.,학습 중
토익 950+ 목표,deliver,[동사] 배달하다,Learners practice how to deliver in English.,학습자는 영어로 배달하다 방법을 연습한다.,미학습
토익 950+ 목표,collect,[동사] 수집하다,Learners practice how to collect in English.,학습자는 영어로 수집하다 방법을 연습한다.,미학습
토익 950+ 목표,organize,[동사] 조직하다,Learners practice how to organize in English.,학습자는 영어로 조직하다 방법을 연습한다.,미학습
토익 950+ 목표,search,[동사] 찾다,Learners practice how to search in English.,학습자는 영어로 찾다 방법을 연습한다.,미학습
토익 950+ 목표,find,[동사] 찾다,Learners practice how to find in English.,학습자는 영어로 찾다 방법을 연습한다.,미학습
토익 950+ 목표,lose,[동사] 잃다,Learners practice how to lose in English.,학습자는 영어로 잃다 방법을 연습한다.,미학습
토익 950+ 목표,keep,[동사] 유지하다,Learners practice how to keep in English.,학습자는 영어로 유지하다 방법을 연습한다.,미학습
토익 950+ 목표,hold,[동사] 잡다,Learners practice how to hold in English.,학습자는 영어로 잡다 방법을 연습한다.,미학습
토익 950+ 목표,carry,[동사] 나르다,Learners practice how to carry in English.,학습자는 영어로 나르다 방법을 연습한다.,미학습
토익 950+ 목표,drive,[동사] 운전하다,Learners practice how to drive in English.,학습자는 영어로 운전하다 방법을 연습한다.,미학습
토익 950+ 목표,fly,[동사] 날다,Learners practice how to fly in English.,학습자는 영어로 날다 방법을 연습한다.,미학습
토익 950+ 목표,swim,[동사] 수영하다,Learners practice how to swim in English.,학습자는 영어로 수영하다 방법을 연습한다.,미학습
토익 950+ 목표,draw,[동사] 그리다,Learners practice how to draw in English.,학습자는 영어로 그리다 방법을 연습한다.,미학습
토익 950+ 목표,paint,[동사] 칠하다,Learners practice how to paint in English.,학습자는 영어로 칠하다 방법을 연습한다.,미학습
토익 950+ 목표,sing,[동사] 노래하다,Learners practice how to sing in English.,학습자는 영어로 노래하다 방법을 연습한다.,미학습
토익 950+ 목표,dance,[동사] 춤추다,Learners practice how to dance in English.,학습자는 영어로 춤추다 방법을 연습한다.,미학습
토익 950+ 목표,laugh,[동사] 웃다,Learners practice how to laugh in English.,학습자는 영어로 웃다 방법을 연습한다.,미학습
토익 950+ 목표,cry,[동사] 울다,Learners practice how to cry in English.,학습자는 영어로 울다 방법을 연습한다.,미학습
토익 950+ 목표,wait,[동사] 기다리다,Learners practice how to wait in English.,학습자는 영어로 기다리다 방법을 연습한다.,미학습
토익 950+ 목표,rest,[동사] 쉬다,Learners practice how to rest in English.,학습자는 영어로 쉬다 방법을 연습한다.,미학습
토익 950+ 목표,small,[형용사] 작은,The situation is small.,그 상황은 작은 상태이다.,미학습
토익 950+ 목표,large,[형용사] 큰,The situation is large.,그 상황은 큰 상태이다.,미학습
토익 950+ 목표,young,[형용사] 어린,The situation is young.,그 상황은 어린 상태이다.,미학습
토익 950+ 목표,old,[형용사] 나이든,The situation is old.,그 상황은 나이든 상태이다.,미학습
토익 950+ 목표,new,[형용사] 새로운,The situation is new.,그 상황은 새로운 상태이다.,미학습
토익 950+ 목표,early,[형용사] 이른,The situation is early.,그 상황은 이른 상태이다.,미학습
토익 950+ 목표,late,[형용사] 늦은,The situation is late.,그 상황은 늦은 상태이다.,미학습
토익 950+ 목표,good,[형용사] 좋은,The situation is good.,그 상황은 좋은 상태이다.,미학습
토익 950+ 목표,bad,[형용사] 나쁜,The situation is bad.,그 상황은 나쁜 상태이다.,미학습
토익 950+ 목표,wrong,[형용사] 틀린,The situation is wrong.,그 상황은 틀린 상태이다.,미학습
토익 950+ 목표,easy,[형용사] 쉬운,The situation is easy.,그 상황은 쉬운 상태이다.,미학습
토익 950+ 목표,hard,[형용사] 어려운,The situation is hard.,그 상황은 어려운 상태이다.,미학습
토익 950+ 목표,simple,[형용사] 단순한,The situation is simple.,그 상황은 단순한 상태이다.,미학습
토익 950+ 목표,clear,[형용사] 명확한,The situation is clear.,그 상황은 명확한 상태이다.,미학습
토익 950+ 목표,dark,[형용사] 어두운,The situation is dark.,그 상황은 어두운 상태이다.,미학습
토익 950+ 목표,bright,[형용사] 밝은,The situation is bright.,그 상황은 밝은 상태이다.,미학습
토익 950+ 목표,hot,[형용사] 뜨거운,The situation is hot.,그 상황은 뜨거운 상태이다.,미학습
토익 950+ 목표,cold,[형용사] 차가운,The situation is cold.,그 상황은 차가운 상태이다.,미학습
토익 950+ 목표,warm,[형용사] 따뜻한,The situation is warm.,그 상황은 따뜻한 상태이다.,미학습
토익 950+ 목표,cool,[형용사] 시원한,The situation is cool.,그 상황은 시원한 상태이다.,미학습
토익 950+ 목표,fast,[형용사] 빠른,The situation is fast.,그 상황은 빠른 상태이다.,미학습
토익 950+ 목표,slow,[형용사] 느린,The situation is slow.,그 상황은 느린 상태이다.,미학습
토익 950+ 목표,high,[형용사] 높은,The situation is high.,그 상황은 높은 상태이다.,미학습
토익 950+ 목표,low,[형용사] 낮은,The situation is low.,그 상황은 낮은 상태이다.,미학습
토익 950+ 목표,short,[형용사] 짧은,The situation is short.,그 상황은 짧은 상태이다.,미학습
토익 950+ 목표,long,[형용사] 긴,The situation is long.,그 상황은 긴 상태이다.,미학습
토익 950+ 목표,strong,[형용사] 강한,The situation is strong.,그 상황은 강한 상태이다.,미학습
토익 950+ 목표,weak,[형용사] 약한,The situation is weak.,그 상황은 약한 상태이다.,미학습
토익 950+ 목표,clean,[형용사] 깨끗한,The situation is clean.,그 상황은 깨끗한 상태이다.,미학습
토익 950+ 목표,dirty,[형용사] 더러운,The situation is dirty.,그 상황은 더러운 상태이다.,미학습
토익 950+ 목표,safe,[형용사] 안전한,The situation is safe.,그 상황은 안전한 상태이다.,미학습
토익 950+ 목표,dangerous,[형용사] 위험한,The situation is dangerous.,그 상황은 위험한 상태이다.,미학습
토익 950+ 목표,healthy,[형용사] 건강한,The situation is healthy.,그 상황은 건강한 상태이다.,미학습
토익 950+ 목표,sick,[형용사] 아픈,The situation is sick.,그 상황은 아픈 상태이다.,미학습
토익 950+ 목표,happy,[형용사] 행복한,The situation is happy.,그 상황은 행복한 상태이다.,미학습
토익 950+ 목표,sad,[형용사] 슬픈,The situation is sad.,그 상황은 슬픈 상태이다.,미학습
토익 950+ 목표,angry,[형용사] 화난,The situation is angry.,그 상황은 화난 상태이다.,미학습
토익 950+ 목표,afraid,[형용사] 두려운,The situation is afraid.,그 상황은 두려운 상태이다.,미학습
토익 950+ 목표,busy,[형용사] 바쁜,The situation is busy.,그 상황은 바쁜 상태이다.,미학습
토익 950+ 목표,free,[형용사] 자유로운,The situation is free.,그 상황은 자유로운 상태이다.,미학습
토익 950+ 목표,ready,[형용사] 준비된,The situation is ready.,그 상황은 준비된 상태이다.,미학습
토익 950+ 목표,able,[형용사] 할 수 있는,The situation is able.,그 상황은 할 수 있는 상태이다.,미학습
토익 950+ 목표,polite,[형용사] 공손한,The situation is polite.,그 상황은 공손한 상태이다.,미학습
토익 950+ 목표,quiet,[형용사] 조용한,The situation is quiet.,그 상황은 조용한 상태이다.,미학습
토익 950+ 목표,loud,[형용사] 시끄러운,The situation is loud.,그 상황은 시끄러운 상태이다.,미학습
토익 950+ 목표,rich,[형용사] 부유한,The situation is rich.,그 상황은 부유한 상태이다.,미학습
토익 950+ 목표,poor,[형용사] 가난한,The situation is poor.,그 상황은 가난한 상태이다.,미학습
토익 950+ 목표,full,[형용사] 가득 찬,The situation is full.,그 상황은 가득 찬 상태이다.,미학습
토익 950+ 목표,empty,[형용사] 빈,The situation is empty.,그 상황은 빈 상태이다.,미학습
토익 950+ 목표,heavy,[형용사] 무거운,The situation is heavy.,그 상황은 무거운 상태이다.,미학습
토익 950+ 목표,beautiful,[형용사] 아름다운,The situation is beautiful.,그 상황은 아름다운 상태이다.,미학습
토익 950+ 목표,ugly,[형용사] 못생긴,The situation is ugly.,그 상황은 못생긴 상태이다.,미학습
토익 950+ 목표,important,[형용사] 중요한,The situation is important.,그 상황은 중요한 상태이다.,미학습
토익 950+ 목표,useful,[형용사] 유용한,The situation is useful.,그 상황은 유용한 상태이다.,미학습
토익 950+ 목표,special,[형용사] 특별한,The situation is special.,그 상황은 특별한 상태이다.,미학습
토익 950+ 목표,common,[형용사] 흔한,The situation is common.,그 상황은 흔한 상태이다.,미학습
토익 950+ 목표,private,[형용사] 사적인,The situation is private.,그 상황은 사적인 상태이다.,미학습
토익 950+ 목표,local,[형용사] 지역의,The situation is local.,그 상황은 지역의 상태이다.,미학습
토익 950+ 목표,global,[형용사] 세계적인,The situation is global.,그 상황은 세계적인 상태이다.,미학습
토익 950+ 목표,basic,[형용사] 기본적인,The situation is basic.,그 상황은 기본적인 상태이다.,미학습
토익 950+ 목표,advanced,[형용사] 고급의,The situation is advanced.,그 상황은 고급의 상태이다.,미학습
토익 950+ 목표,natural,[형용사] 자연의,The situation is natural.,그 상황은 자연의 상태이다.,미학습
토익 950+ 목표,modern,[형용사] 현대의,The situation is modern.,그 상황은 현대의 상태이다.,미학습
토익 950+ 목표,quick,[형용사] 빠른,The situation is quick.,그 상황은 빠른 상태이다.,미학습
토익 950+ 목표,careful,[형용사] 주의 깊은,The situation is careful.,그 상황은 주의 깊은 상태이다.,미학습
토익 950+ 목표,possible,[형용사] 가능한,The situation is possible.,그 상황은 가능한 상태이다.,미학습
토익 950+ 목표,main,[형용사] 주요한,The situation is main.,그 상황은 주요한 상태이다.,미학습
토익 950+ 목표,final,[형용사] 최종의,The situation is final.,그 상황은 최종의 상태이다.,미학습
토익 950+ 목표,daily,[형용사] 매일의,The situation is daily.,그 상황은 매일의 상태이다.,미학습
토익 950+ 목표,weekly,[형용사] 매주의,The situation is weekly.,그 상황은 매주의 상태이다.,미학습
토익 950+ 목표,monthly,[형용사] 매월의,The situation is monthly.,그 상황은 매월의 상태이다.,미학습
토익 950+ 목표,accurate,[형용사] 정확한,The situation is accurate.,그 상황은 정확한 상태이다.,미학습
토익 950+ 목표,active,[형용사] 활동적인,The situation is active.,그 상황은 활동적인 상태이다.,미학습
토익 950+ 목표,calm,[형용사] 차분한,The situation is calm.,그 상황은 차분한 상태이다.,미학습
토익 950+ 목표,eager,[형용사] 열망하는,The situation is eager.,그 상황은 열망하는 상태이다.,미학습
토익 950+ 목표,creative,[형용사] 창의적인,The situation is creative.,그 상황은 창의적인 상태이다.,미학습
토익 950+ 목표,usually,[부사] 보통,She worked usually today.,그녀는 오늘 보통 일했다.,미학습
토익 950+ 목표,often,[부사] 자주,She worked often today.,그녀는 오늘 자주 일했다.,미학습
토익 950+ 목표,always,[부사] 항상,She worked always today.,그녀는 오늘 항상 일했다.,미학습
토익 950+ 목표,never,[부사] 결코,She worked never today.,그녀는 오늘 결코 일했다.,미학습
토익 950+ 목표,sometimes,[부사] 가끔,She worked sometimes today.,그녀는 오늘 가끔 일했다.,미학습
토익 950+ 목표,quickly,[부사] 빨리,She worked quickly today.,그녀는 오늘 빨리 일했다.,미학습
토익 950+ 목표,slowly,[부사] 천천히,She worked slowly today.,그녀는 오늘 천천히 일했다.,미학습
토익 950+ 목표,carefully,[부사] 조심스럽게,She worked carefully today.,그녀는 오늘 조심스럽게 일했다.,미학습
토익 950+ 목표,clearly,[부사] 명확하게,She worked clearly today.,그녀는 오늘 명확하게 일했다.,미학습
토익 950+ 목표,easily,[부사] 쉽게,She worked easily today.,그녀는 오늘 쉽게 일했다.,미학습
기타,apple,[명사] 사과,We talked about apple during the lesson.,우리는 수업 중 사과에 대해 이야기했다.,미학습
기타,banana,[명사] 바나나,We talked about banana during the lesson.,우리는 수업 중 바나나에 대해 이야기했다.,미학습
기타,orange,[명사] 오렌지,We talked about orange during the lesson.,우리는 수업 중 오렌지에 대해 이야기했다.,미학습
기타,grape,[명사] 포도,We talked about grape during the lesson.,우리는 수업 중 포도에 대해 이야기했다.,미학습
기타,lemon,[명사] 레몬,We talked about lemon during the lesson.,우리는 수업 중 레몬에 대해 이야기했다.,미학습
기타,peach,[명사] 복숭아,We talked about peach during the lesson.,우리는 수업 중 복숭아에 대해 이야기했다.,미학습
기타,pear,[명사] 배,We talked about pear during the lesson.,우리는 수업 중 배에 대해 이야기했다.,미학습
기타,melon,[명사] 멜론,We talked about melon during the lesson.,우리는 수업 중 멜론에 대해 이야기했다.,미학습
기타,berry,[명사] 베리,We talked about berry during the lesson.,우리는 수업 중 베리에 대해 이야기했다.,미학습
기타,mango,[명사] 망고,We talked about mango during the lesson.,우리는 수업 중 망고에 대해 이야기했다.,미학습
기타,bread,[명사] 빵,We talked about bread during the lesson.,우리는 수업 중 빵에 대해 이야기했다.,미학습
기타,rice,[명사] 쌀밥,We talked about rice during the lesson.,우리는 수업 중 쌀밥에 대해 이야기했다.,미학습
기타,water,[명사] 물,We talked about water during the lesson.,우리는 수업 중 물에 대해 이야기했다.,미학습
기타,milk,[명사] 우유,We talked about milk during the lesson.,우리는 수업 중 우유에 대해 이야기했다.,미학습
기타,juice,[명사] 주스,We talked about juice during the lesson.,우리는 수업 중 주스에 대해 이야기했다.,미학습
기타,coffee,[명사] 커피,We talked about coffee during the lesson.,우리는 수업 중 커피에 대해 이야기했다.,미학습
기타,tea,[명사] 차,We talked about tea during the lesson.,우리는 수업 중 차에 대해 이야기했다.,미학습
기타,salt,[명사] 소금,We talked about salt during the lesson.,우리는 수업 중 소금에 대해 이야기했다.,미학습
기타,sugar,[명사] 설탕,We talked about sugar during the lesson.,우리는 수업 중 설탕에 대해 이야기했다.,미학습
기타,honey,[명사] 꿀,We talked about honey during the lesson.,우리는 수업 중 꿀에 대해 이야기했다.,미학습
기타,egg,[명사] 달걀,We talked about egg during the lesson.,우리는 수업 중 달걀에 대해 이야기했다.,미학습
기타,meat,[명사] 고기,We talked about meat during the lesson.,우리는 수업 중 고기에 대해 이야기했다.,미학습
기타,fish,[명사] 생선,We talked about fish during the lesson.,우리는 수업 중 생선에 대해 이야기했다.,미학습
기타,cheese,[명사] 치즈,We talked about cheese during the lesson.,우리는 수업 중 치즈에 대해 이야기했다.,미학습
기타,soup,[명사] 수프,We talked about soup during the lesson.,우리는 수업 중 수프에 대해 이야기했다.,미학습
기타,salad,[명사] 샐러드,We talked about salad during the lesson.,우리는 수업 중 샐러드에 대해 이야기했다.,미학습
기타,meal,[명사] 식사,We talked about meal during the lesson.,우리는 수업 중 식사에 대해 이야기했다.,미학습
기타,breakfast,[명사] 아침식사,We talked about breakfast during the lesson.,우리는 수업 중 아침식사에 대해 이야기했다.,미학습
기타,lunch,[명사] 점심식사,We talked about lunch during the lesson.,우리는 수업 중 점심식사에 대해 이야기했다.,미학습
기타,dinner,[명사] 저녁식사,We talked about dinner during the lesson.,우리는 수업 중 저녁식사에 대해 이야기했다.,미학습
기타,family,[명사] 가족,We talked about family during the lesson.,우리는 수업 중 가족에 대해 이야기했다.,미학습
기타,parent,[명사] 부모,We talked about parent during the lesson.,우리는 수업 중 부모에 대해 이야기했다.,미학습
기타,child,[명사] 아이,We talked about child during the lesson.,우리는 수업 중 아이에 대해 이야기했다.,미학습
기타,friend,[명사] 친구,We talked about friend during the lesson.,우리는 수업 중 친구에 대해 이야기했다.,미학습
기타,teacher,[명사] 교사,We talked about teacher during the lesson.,우리는 수업 중 교사에 대해 이야기했다.,미학습
기타,student,[명사] 학생,We talked about student during the lesson.,우리는 수업 중 학생에 대해 이야기했다.,미학습
기타,school,[명사] 학교,We talked about school during the lesson.,우리는 수업 중 학교에 대해 이야기했다.,미학습
기타,class,[명사] 수업,We talked about class during the lesson.,우리는 수업 중 수업에 대해 이야기했다.,미학습
기타,lesson,[명사] 과목,We talked about lesson during the lesson.,우리는 수업 중 과목에 대해 이야기했다.,미학습
기타,book,[명사] 책,We talked about book during the lesson.,우리는 수업 중 책에 대해 이야기했다.,미학습
기타,page,[명사] 쪽,We talked about page during the lesson.,우리는 수업 중 쪽에 대해 이야기했다.,미학습
기타,paper,[명사] 종이,We talked about paper during the lesson.,우리는 수업 중 종이에 대해 이야기했다.,미학습
기타,pen,[명사] 펜,We talked about pen during the lesson.,우리는 수업 중 펜에 대해 이야기했다.,미학습
기타,pencil,[명사] 연필,We talked about pencil during the lesson.,우리는 수업 중 연필에 대해 이야기했다.,미학습
기타,desk,[명사] 책상,We talked about desk during the lesson.,우리는 수업 중 책상에 대해 이야기했다.,미학습
기타,chair,[명사] 의자,We talked about chair during the lesson.,우리는 수업 중 의자에 대해 이야기했다.,미학습
기타,table,[명사] 탁자,We talked about table during the lesson.,우리는 수업 중 탁자에 대해 이야기했다.,미학습
기타,door,[명사] 문,We talked about door during the lesson.,우리는 수업 중 문에 대해 이야기했다.,미학습
기타,window,[명사] 창문,We talked about window during the lesson.,우리는 수업 중 창문에 대해 이야기했다.,미학습
기타,room,[명사] 방,We talked about room during the lesson.,우리는 수업 중 방에 대해 이야기했다.,미학습
기타,house,[명사] 집,We talked about house during the lesson.,우리는 수업 중 집에 대해 이야기했다.,미학습
기타,home,[명사] 가정,We talked about home during the lesson.,우리는 수업 중 가정에 대해 이야기했다.,미학습
기타,kitchen,[명사] 부엌,We talked about kitchen during the lesson.,우리는 수업 중 부엌에 대해 이야기했다.,미학습
기타,bathroom,[명사] 욕실,We talked about bathroom during the lesson.,우리는 수업 중 욕실에 대해 이야기했다.,미학습
기타,bedroom,[명사] 침실,We talked about bedroom during the lesson.,우리는 수업 중 침실에 대해 이야기했다.,미학습
기타,garden,[명사] 정원,We talked about garden during the lesson.,우리는 수업 중 정원에 대해 이야기했다.,미학습
기타,street,[명사] 거리,We talked about street during the lesson.,우리는 수업 중 거리에 대해 이야기했다.,미학습
기타,road,[명사] 도로,We talked about road during the lesson.,우리는 수업 중 도로에 대해 이야기했다.,미학습
기타,city,[명사] 도시,We talked about city during the lesson.,우리는 수업 중 도시에 대해 이야기했다.,미학습
기타,town,[명사] 마을,We talked about town during the lesson.,우리는 수업 중 마을에 대해 이야기했다.,미학습
기타,village,[명사] 촌락,We talked about village during the lesson.,우리는 수업 중 촌락에 대해 이야기했다.,미학습
기타,country,[명사] 나라,We talked about country during the lesson.,우리는 수업 중 나라에 대해 이야기했다.,미학습
기타,world,[명사] 세계,We talked about world during the lesson.,우리는 수업 중 세계에 대해 이야기했다.,미학습
기타,earth,[명사] 지구,We talked about earth during the lesson.,우리는 수업 중 지구에 대해 이야기했다.,미학습
기타,sky,[명사] 하늘,We talked about sky during the lesson.,우리는 수업 중 하늘에 대해 이야기했다.,미학습
기타,sun,[명사] 태양,We talked about sun during the lesson.,우리는 수업 중 태양에 대해 이야기했다.,미학습
기타,moon,[명사] 달,We talked about moon during the lesson.,우리는 수업 중 달에 대해 이야기했다.,미학습
기타,star,[명사] 별,We talked about star during the lesson.,우리는 수업 중 별에 대해 이야기했다.,미학습
기타,rain,[명사] 비,We talked about rain during the lesson.,우리는 수업 중 비에 대해 이야기했다.,미학습
기타,snow,[명사] 눈,We talked about snow during the lesson.,우리는 수업 중 눈에 대해 이야기했다.,미학습
기타,wind,[명사] 바람,We talked about wind during the lesson.,우리는 수업 중 바람에 대해 이야기했다.,미학습
기타,fire,[명사] 불,We talked about fire during the lesson.,우리는 수업 중 불에 대해 이야기했다.,미학습
기타,tree,[명사] 나무,We talked about tree during the lesson.,우리는 수업 중 나무에 대해 이야기했다.,미학습
기타,flower,[명사] 꽃,We talked about flower during the lesson.,우리는 수업 중 꽃에 대해 이야기했다.,미학습
기타,grass,[명사] 풀,We talked about grass during the lesson.,우리는 수업 중 풀에 대해 이야기했다.,미학습
기타,river,[명사] 강,We talked about river during the lesson.,우리는 수업 중 강에 대해 이야기했다.,미학습
기타,lake,[명사] 호수,We talked about lake during the lesson.,우리는 수업 중 호수에 대해 이야기했다.,미학습
기타,sea,[명사] 바다,We talked about sea during the lesson.,우리는 수업 중 바다에 대해 이야기했다.,미학습
기타,mountain,[명사] 산,We talked about mountain during the lesson.,우리는 수업 중 산에 대해 이야기했다.,미학습
기타,forest,[명사] 숲,We talked about forest during the lesson.,우리는 수업 중 숲에 대해 이야기했다.,미학습
기타,field,[명사] 들판,We talked about field during the lesson.,우리는 수업 중 들판에 대해 이야기했다.,미학습
기타,animal,[명사] 동물,We talked about animal during the lesson.,우리는 수업 중 동물에 대해 이야기했다.,미학습
기타,bird,[명사] 새,We talked about bird during the lesson.,우리는 수업 중 새에 대해 이야기했다.,미학습
기타,cat,[명사] 고양이,We talked about cat during the lesson.,우리는 수업 중 고양이에 대해 이야기했다.,미학습
기타,dog,[명사] 개,We talked about dog during the lesson.,우리는 수업 중 개에 대해 이야기했다.,미학습
기타,horse,[명사] 말,We talked about horse during the lesson.,우리는 수업 중 말에 대해 이야기했다.,미학습
기타,cow,[명사] 소,We talked about cow during the lesson.,우리는 수업 중 소에 대해 이야기했다.,미학습
기타,sheep,[명사] 양,We talked about sheep during the lesson.,우리는 수업 중 양에 대해 이야기했다.,미학습
기타,rabbit,[명사] 토끼,We talked about rabbit during the lesson.,우리는 수업 중 토끼에 대해 이야기했다.,미학습
기타,mouse,[명사] 쥐,We talked about mouse during the lesson.,우리는 수업 중 쥐에 대해 이야기했다.,미학습
기타,bear,[명사] 곰,We talked about bear during the lesson.,우리는 수업 중 곰에 대해 이야기했다.,미학습
기타,lion,[명사] 사자,We talked about lion during the lesson.,우리는 수업 중 사자에 대해 이야기했다.,미학습
기타,tiger,[명사] 호랑이,We talked about tiger during the lesson.,우리는 수업 중 호랑이에 대해 이야기했다.,미학습
기타,elephant,[명사] 코끼리,We talked about elephant during the lesson.,우리는 수업 중 코끼리에 대해 이야기했다.,미학습
기타,monkey,[명사] 원숭이,We talked about monkey during the lesson.,우리는 수업 중 원숭이에 대해 이야기했다.,미학습
기타,body,[명사] 몸,We talked about body during the lesson.,우리는 수업 중 몸에 대해 이야기했다.,미학습
기타,head,[명사] 머리,We talked about head during the lesson.,우리는 수업 중 머리에 대해 이야기했다.,미학습
기타,face,[명사] 얼굴,We talked about face during the lesson.,우리는 수업 중 얼굴에 대해 이야기했다.,미학습
기타,eye,[명사] 눈,We talked about eye during the lesson.,우리는 수업 중 눈에 대해 이야기했다.,미학습
기타,ear,[명사] 귀,We talked about ear during the lesson.,우리는 수업 중 귀에 대해 이야기했다.,미학습
기타,nose,[명사] 코,We talked about nose during the lesson.,우리는 수업 중 코에 대해 이야기했다.,미학습
기타,mouth,[명사] 입,We talked about mouth during the lesson.,우리는 수업 중 입에 대해 이야기했다.,미학습
기타,tooth,[명사] 이,We talked about tooth during the lesson.,우리는 수업 중 이에 대해 이야기했다.,미학습
기타,hand,[명사] 손,We talked about hand during the lesson.,우리는 수업 중 손에 대해 이야기했다.,미학습
기타,arm,[명사] 팔,We talked about arm during the lesson.,우리는 수업 중 팔에 대해 이야기했다.,미학습
기타,leg,[명사] 다리,We talked about leg during the lesson.,우리는 수업 중 다리에 대해 이야기했다.,미학습
기타,foot,[명사] 발,We talked about foot during the lesson.,우리는 수업 중 발에 대해 이야기했다.,미학습
기타,heart,[명사] 심장,We talked about heart during the lesson.,우리는 수업 중 심장에 대해 이야기했다.,미학습
기타,mind,[명사] 마음,We talked about mind during the lesson.,우리는 수업 중 마음에 대해 이야기했다.,미학습
기타,name,[명사] 이름,We talked about name during the lesson.,우리는 수업 중 이름에 대해 이야기했다.,미학습
기타,number,[명사] 숫자,We talked about number during the lesson.,우리는 수업 중 숫자에 대해 이야기했다.,미학습
기타,color,[명사] 색,We talked about color during the lesson.,우리는 수업 중 색에 대해 이야기했다.,미학습
기타,sound,[명사] 소리,We talked about sound during the lesson.,우리는 수업 중 소리에 대해 이야기했다.,미학습
기타,voice,[명사] 목소리,We talked about voice during the lesson.,우리는 수업 중 목소리에 대해 이야기했다.,미학습
기타,music,[명사] 음악,We talked about music during the lesson.,우리는 수업 중 음악에 대해 이야기했다.,미학습
기타,song,[명사] 노래,We talked about song during the lesson.,우리는 수업 중 노래에 대해 이야기했다.,미학습
기타,picture,[명사] 그림,We talked about picture during the lesson.,우리는 수업 중 그림에 대해 이야기했다.,미학습
기타,photo,[명사] 사진,We talked about photo during the lesson.,우리는 수업 중 사진에 대해 이야기했다.,미학습
기타,movie,[명사] 영화,We talked about movie during the lesson.,우리는 수업 중 영화에 대해 이야기했다.,미학습
기타,game,[명사] 게임,We talked about game during the lesson.,우리는 수업 중 게임에 대해 이야기했다.,미학습
기타,sport,[명사] 운동경기,We talked about sport during the lesson.,우리는 수업 중 운동경기에 대해 이야기했다.,미학습
기타,ball,[명사] 공,We talked about ball during the lesson.,우리는 수업 중 공에 대해 이야기했다.,학습 중
기타,team,[명사] 팀,We talked about team during the lesson.,우리는 수업 중 팀에 대해 이야기했다.,미학습
기타,player,[명사] 선수,We talked about player during the lesson.,우리는 수업 중 선수에 대해 이야기했다.,미학습
기타,market,[명사] 시장,We talked about market during the lesson.,우리는 수업 중 시장에 대해 이야기했다.,미학습
기타,shop,[명사] 가게,We talked about shop during the lesson.,우리는 수업 중 가게에 대해 이야기했다.,미학습
기타,store,[명사] 상점,We talked about store during the lesson.,우리는 수업 중 상점에 대해 이야기했다.,미학습
기타,money,[명사] 돈,We talked about money during the lesson.,우리는 수업 중 돈에 대해 이야기했다.,미학습
기타,price,[명사] 가격,We talked about price during the lesson.,우리는 수업 중 가격에 대해 이야기했다.,미학습
기타,cost,[명사] 비용,We talked about cost during the lesson.,우리는 수업 중 비용에 대해 이야기했다.,미학습
기타,gift,[명사] 선물,We talked about gift during the lesson.,우리는 수업 중 선물에 대해 이야기했다.,미학습
기타,bag,[명사] 가방,We talked about bag during the lesson.,우리는 수업 중 가방에 대해 이야기했다.,미학습
기타,box,[명사] 상자,We talked about box during the lesson.,우리는 수업 중 상자에 대해 이야기했다.,미학습
기타,key,[명사] 열쇠,We talked about key during the lesson.,우리는 수업 중 열쇠에 대해 이야기했다.,미학습
기타,phone,[명사] 전화,We talked about phone during the lesson.,우리는 수업 중 전화에 대해 이야기했다.,미학습
기타,computer,[명사] 컴퓨터,We talked about computer during the lesson.,우리는 수업 중 컴퓨터에 대해 이야기했다.,미학습
기타,screen,[명사] 화면,We talked about screen during the lesson.,우리는 수업 중 화면에 대해 이야기했다.,미학습
기타,camera,[명사] 카메라,We talked about camera during the lesson.,우리는 수업 중 카메라에 대해 이야기했다.,미학습
기타,radio,[명사] 라디오,We talked about radio during the lesson.,우리는 수업 중 라디오에 대해 이야기했다.,미학습
기타,clock,[명사] 시계,We talked about clock during the lesson.,우리는 수업 중 시계에 대해 이야기했다.,미학습
기타,watch,[명사] 손목시계,We talked about watch during the lesson.,우리는 수업 중 손목시계에 대해 이야기했다.,미학습
기타,car,[명사] 자동차,We talked about car during the lesson.,우리는 수업 중 자동차에 대해 이야기했다.,미학습
기타,bus,[명사] 버스,We talked about bus during the lesson.,우리는 수업 중 버스에 대해 이야기했다.,미학습
기타,train,[명사] 기차,We talked about train during the lesson.,우리는 수업 중 기차에 대해 이야기했다.,미학습
기타,plane,[명사] 비행기,We talked about plane during the lesson.,우리는 수업 중 비행기에 대해 이야기했다.,미학습
기타,ship,[명사] 배,We talked about ship during the lesson.,우리는 수업 중 배에 대해 이야기했다.,미학습
기타,bike,[명사] 자전거,We talked about bike during the lesson.,우리는 수업 중 자전거에 대해 이야기했다.,미학습
기타,station,[명사] 역,We talked about station during the lesson.,우리는 수업 중 역에 대해 이야기했다.,미학습
기타,airport,[명사] 공항,We talked about airport during the lesson.,우리는 수업 중 공항에 대해 이야기했다.,미학습
기타,hotel,[명사] 호텔,We talked about hotel during the lesson.,우리는 수업 중 호텔에 대해 이야기했다.,미학습
기타,ticket,[명사] 표,We talked about ticket during the lesson.,우리는 수업 중 표에 대해 이야기했다.,미학습
기타,passport,[명사] 여권,We talked about passport during the lesson.,우리는 수업 중 여권에 대해 이야기했다.,미학습
기타,map,[명사] 지도,We talked about map during the lesson.,우리는 수업 중 지도에 대해 이야기했다.,미학습
기타,trip,[명사] 여행,We talked about trip during the lesson.,우리는 수업 중 여행에 대해 이야기했다.,미학습
기타,travel,[명사] 여행,We talked about travel during the lesson.,우리는 수업 중 여행에 대해 이야기했다.,미학습
기타,vacation,[명사] 휴가,We talked about vacation during the lesson.,우리는 수업 중 휴가에 대해 이야기했다.,미학습
기타,morning,[명사] 아침,We talked about morning during the lesson.,우리는 수업 중 아침에 대해 이야기했다.,미학습
기타,afternoon,[명사] 오후,We talked about afternoon during the lesson.,우리는 수업 중 오후에 대해 이야기했다.,미학습
기타,evening,[명사] 저녁,We talked about evening during the lesson.,우리는 수업 중 저녁에 대해 이야기했다.,미학습
기타,night,[명사] 밤,We talked about night during the lesson.,우리는 수업 중 밤에 대해 이야기했다.,미학습
기타,day,[명사] 날,We talked about day during the lesson.,우리는 수업 중 날에 대해 이야기했다.,미학습
기타,week,[명사] 주,We talked about week during the lesson.,우리는 수업 중 주에 대해 이야기했다.,미학습
기타,month,[명사] 달,We talked about month during the lesson.,우리는 수업 중 달에 대해 이야기했다.,미학습
기타,year,[명사] 해,We talked about year during the lesson.,우리는 수업 중 해에 대해 이야기했다.,미학습
기타,time,[명사] 시간,We talked about time during the lesson.,우리는 수업 중 시간에 대해 이야기했다.,미학습
기타,hour,[명사] 시간,We talked about hour during the lesson.,우리는 수업 중 시간에 대해 이야기했다.,미학습
기타,minute,[명사] 분,We talked about minute during the lesson.,우리는 수업 중 분에 대해 이야기했다.,미학습
기타,moment,[명사] 순간,We talked about moment during the lesson.,우리는 수업 중 순간에 대해 이야기했다.,미학습
기타,life,[명사] 삶,We talked about life during the lesson.,우리는 수업 중 삶에 대해 이야기했다.,미학습
기타,work,[명사] 일,We talked about work during the lesson.,우리는 수업 중 일에 대해 이야기했다.,미학습
기타,job,[명사] 직업,We talked about job during the lesson.,우리는 수업 중 직업에 대해 이야기했다.,미학습
기타,office,[명사] 사무실,We talked about office during the lesson.,우리는 수업 중 사무실에 대해 이야기했다.,미학습
기타,company,[명사] 회사,We talked about company during the lesson.,우리는 수업 중 회사에 대해 이야기했다.,미학습
기타,business,[명사] 사업,We talked about business during the lesson.,우리는 수업 중 사업에 대해 이야기했다.,미학습
기타,project,[명사] 프로젝트,We talked about project during the lesson.,우리는 수업 중 프로젝트에 대해 이야기했다.,미학습
기타,plan,[명사] 계획,We talked about plan during the lesson.,우리는 수업 중 계획에 대해 이야기했다.,미학습
기타,goal,[명사] 목표,We talked about goal during the lesson.,우리는 수업 중 목표에 대해 이야기했다.,미학습
기타,idea,[명사] 생각,We talked about idea during the lesson.,우리는 수업 중 생각에 대해 이야기했다.,미학습
기타,reason,[명사] 이유,We talked about reason during the lesson.,우리는 수업 중 이유에 대해 이야기했다.,미학습
기타,problem,[명사] 문제,We talked about problem during the lesson.,우리는 수업 중 문제에 대해 이야기했다.,미학습
기타,answer,[명사] 답,We talked about answer during the lesson.,우리는 수업 중 답에 대해 이야기했다.,미학습
기타,question,[명사] 질문,We talked about question during the lesson.,우리는 수업 중 질문에 대해 이야기했다.,미학습
기타,result,[명사] 결과,We talked about result during the lesson.,우리는 수업 중 결과에 대해 이야기했다.,미학습
기타,choice,[명사] 선택,We talked about choice during the lesson.,우리는 수업 중 선택에 대해 이야기했다.,미학습
기타,chance,[명사] 기회,We talked about chance during the lesson.,우리는 수업 중 기회에 대해 이야기했다.,미학습
기타,change,[명사] 변화,We talked about change during the lesson.,우리는 수업 중 변화에 대해 이야기했다.,미학습
기타,growth,[명사] 성장,We talked about growth during the lesson.,우리는 수업 중 성장에 대해 이야기했다.,미학습
기타,value,[명사] 가치,We talked about value during the lesson.,우리는 수업 중 가치에 대해 이야기했다.,미학습
기타,quality,[명사] 품질,We talked about quality during the lesson.,우리는 수업 중 품질에 대해 이야기했다.,미학습
기타,service,[명사] 서비스,We talked about service during the lesson.,우리는 수업 중 서비스에 대해 이야기했다.,미학습
기타,product,[명사] 제품,We talked about product during the lesson.,우리는 수업 중 제품에 대해 이야기했다.,미학습
기타,customer,[명사] 고객,We talked about customer during the lesson.,우리는 수업 중 고객에 대해 이야기했다.,미학습
기타,client,[명사] 의뢰인,We talked about client during the lesson.,우리는 수업 중 의뢰인에 대해 이야기했다.,미학습
기타,manager,[명사] 관리자,We talked about manager during the lesson.,우리는 수업 중 관리자에 대해 이야기했다.,미학습
기타,leader,[명사] 지도자,We talked about leader during the lesson.,우리는 수업 중 지도자에 대해 이야기했다.,미학습
기타,member,[명사] 구성원,We talked about member during the lesson.,우리는 수업 중 구성원에 대해 이야기했다.,미학습
기타,staff,[명사] 직원,We talked about staff during the lesson.,우리는 수업 중 직원에 대해 이야기했다.,미학습
기타,worker,[명사] 근로자,We talked about worker during the lesson.,우리는 수업 중 근로자에 대해 이야기했다.,미학습
기타,skill,[명사] 기술,We talked about skill during the lesson.,우리는 수업 중 기술에 대해 이야기했다.,미학습
기타,knowledge,[명사] 지식,We talked about knowledge during the lesson.,우리는 수업 중 지식에 대해 이야기했다.,미학습
기타,study,[명사] 공부,We talked about study during the lesson.,우리는 수업 중 공부에 대해 이야기했다.,미학습
기타,research,[명사] 연구,We talked about research during the lesson.,우리는 수업 중 연구에 대해 이야기했다.,미학습
기타,science,[명사] 과학,We talked about science during the lesson.,우리는 수업 중 과학에 대해 이야기했다.,미학습
기타,history,[명사] 역사,We talked about history during the lesson.,우리는 수업 중 역사에 대해 이야기했다.,미학습
기타,art,[명사] 예술,We talked about art during the lesson.,우리는 수업 중 예술에 대해 이야기했다.,미학습
기타,culture,[명사] 문화,We talked about culture during the lesson.,우리는 수업 중 문화에 대해 이야기했다.,미학습
기타,language,[명사] 언어,We talked about language during the lesson.,우리는 수업 중 언어에 대해 이야기했다.,미학습
기타,letter,[명사] 글자,We talked about letter during the lesson.,우리는 수업 중 글자에 대해 이야기했다.,미학습
기타,word,[명사] 단어,We talked about word during the lesson.,우리는 수업 중 단어에 대해 이야기했다.,미학습
기타,sentence,[명사] 문장,We talked about sentence during the lesson.,우리는 수업 중 문장에 대해 이야기했다.,미학습
기타,story,[명사] 이야기,We talked about story during the lesson.,우리는 수업 중 이야기에 대해 이야기했다.,미학습
기타,news,[명사] 소식,We talked about news during the lesson.,우리는 수업 중 소식에 대해 이야기했다.,미학습
기타,report,[명사] 보고서,We talked about report during the lesson.,우리는 수업 중 보고서에 대해 이야기했다.,미학습
기타,document,[명사] 문서,We talked about document during the lesson.,우리는 수업 중 문서에 대해 이야기했다.,미학습
기타,system,[명사] 체계,We talked about system during the lesson.,우리는 수업 중 체계에 대해 이야기했다.,미학습
기타,email,[명사] 이메일,We talked about email during the lesson.,우리는 수업 중 이메일에 대해 이야기했다.,미학습
기타,message,[명사] 메시지,We talked about message during the lesson.,우리는 수업 중 메시지에 대해 이야기했다.,미학습
기타,address,[명사] 주소,We talked about address during the lesson.,우리는 수업 중 주소에 대해 이야기했다.,미학습
기타,bank,[명사] 은행,We talked about bank during the lesson.,우리는 수업 중 은행에 대해 이야기했다.,미학습
기타,account,[명사] 계좌,We talked about account during the lesson.,우리는 수업 중 계좌에 대해 이야기했다.,미학습
기타,budget,[명사] 예산,We talked about budget during the lesson.,우리는 수업 중 예산에 대해 이야기했다.,미학습
기타,profit,[명사] 이익,We talked about profit during the lesson.,우리는 수업 중 이익에 대해 이야기했다.,미학습
기타,loss,[명사] 손실,We talked about loss during the lesson.,우리는 수업 중 손실에 대해 이야기했다.,미학습
기타,risk,[명사] 위험,We talked about risk during the lesson.,우리는 수업 중 위험에 대해 이야기했다.,미학습
기타,safety,[명사] 안전,We talked about safety during the lesson.,우리는 수업 중 안전에 대해 이야기했다.,미학습
기타,health,[명사] 건강,We talked about health during the lesson.,우리는 수업 중 건강에 대해 이야기했다.,미학습
기타,care,[명사] 돌봄,We talked about care during the lesson.,우리는 수업 중 돌봄에 대해 이야기했다.,미학습
기타,medicine,[명사] 약,We talked about medicine during the lesson.,우리는 수업 중 약에 대해 이야기했다.,미학습
기타,hospital,[명사] 병원,We talked about hospital during the lesson.,우리는 수업 중 병원에 대해 이야기했다.,미학습
기타,doctor,[명사] 의사,We talked about doctor during the lesson.,우리는 수업 중 의사에 대해 이야기했다.,미학습
기타,nurse,[명사] 간호사,We talked about nurse during the lesson.,우리는 수업 중 간호사에 대해 이야기했다.,미학습
기타,patient,[명사] 환자,We talked about patient during the lesson.,우리는 수업 중 환자에 대해 이야기했다.,미학습
기타,energy,[명사] 에너지,We talked about energy during the lesson.,우리는 수업 중 에너지에 대해 이야기했다.,미학습
기타,power,[명사] 힘,We talked about power during the lesson.,우리는 수업 중 힘에 대해 이야기했다.,미학습
기타,light,[명사] 빛,We talked about light during the lesson.,우리는 수업 중 빛에 대해 이야기했다.,미학습
기타,heat,[명사] 열,We talked about heat during the lesson.,우리는 수업 중 열에 대해 이야기했다.,미학습
기타,space,[명사] 공간,We talked about space during the lesson.,우리는 수업 중 공간에 대해 이야기했다.,미학습
기타,area,[명사] 지역,We talked about area during the lesson.,우리는 수업 중 지역에 대해 이야기했다.,미학습
기타,place,[명사] 장소,We talked about place during the lesson.,우리는 수업 중 장소에 대해 이야기했다.,미학습
기타,point,[명사] 요점,We talked about point during the lesson.,우리는 수업 중 요점에 대해 이야기했다.,미학습
기타,part,[명사] 부분,We talked about part during the lesson.,우리는 수업 중 부분에 대해 이야기했다.,미학습
기타,side,[명사] 쪽,We talked about side during the lesson.,우리는 수업 중 쪽에 대해 이야기했다.,미학습
기타,center,[명사] 중심,We talked about center during the lesson.,우리는 수업 중 중심에 대해 이야기했다.,미학습
기타,edge,[명사] 가장자리,We talked about edge during the lesson.,우리는 수업 중 가장자리에 대해 이야기했다.,미학습
기타,level,[명사] 수준,We talked about level during the lesson.,우리는 수업 중 수준에 대해 이야기했다.,미학습
기타,degree,[명사] 정도,We talked about degree during the lesson.,우리는 수업 중 정도에 대해 이야기했다.,미학습
기타,amount,[명사] 양,We talked about amount during the lesson.,우리는 수업 중 양에 대해 이야기했다.,미학습
기타,rate,[명사] 비율,We talked about rate during the lesson.,우리는 수업 중 비율에 대해 이야기했다.,미학습
기타,type,[명사] 유형,We talked about type during the lesson.,우리는 수업 중 유형에 대해 이야기했다.,미학습
기타,kind,[명사] 종류,We talked about kind during the lesson.,우리는 수업 중 종류에 대해 이야기했다.,미학습
기타,form,[명사] 형태,We talked about form during the lesson.,우리는 수업 중 형태에 대해 이야기했다.,미학습
기타,shape,[명사] 모양,We talked about shape during the lesson.,우리는 수업 중 모양에 대해 이야기했다.,미학습
기타,size,[명사] 크기,We talked about size during the lesson.,우리는 수업 중 크기에 대해 이야기했다.,미학습
기타,weight,[명사] 무게,We talked about weight during the lesson.,우리는 수업 중 무게에 대해 이야기했다.,미학습
기타,speed,[명사] 속도,We talked about speed during the lesson.,우리는 수업 중 속도에 대해 이야기했다.,미학습
기타,direction,[명사] 방향,We talked about direction during the lesson.,우리는 수업 중 방향에 대해 이야기했다.,미학습
기타,position,[명사] 위치,We talked about position during the lesson.,우리는 수업 중 위치에 대해 이야기했다.,미학습
기타,action,[명사] 행동,We talked about action during the lesson.,우리는 수업 중 행동에 대해 이야기했다.,미학습
기타,activity,[명사] 활동,We talked about activity during the lesson.,우리는 수업 중 활동에 대해 이야기했다.,미학습
기타,process,[명사] 과정,We talked about process during the lesson.,우리는 수업 중 과정에 대해 이야기했다.,미학습
기타,method,[명사] 방법,We talked about method during the lesson.,우리는 수업 중 방법에 대해 이야기했다.,미학습
기타,tool,[명사] 도구,We talked about tool during the lesson.,우리는 수업 중 도구에 대해 이야기했다.,미학습
기타,machine,[명사] 기계,We talked about machine during the lesson.,우리는 수업 중 기계에 대해 이야기했다.,미학습
기타,material,[명사] 재료,We talked about material during the lesson.,우리는 수업 중 재료에 대해 이야기했다.,미학습
기타,resource,[명사] 자원,We talked about resource during the lesson.,우리는 수업 중 자원에 대해 이야기했다.,미학습
기타,environment,[명사] 환경,We talked about environment during the lesson.,우리는 수업 중 환경에 대해 이야기했다.,미학습
기타,nature,[명사] 자연,We talked about nature during the lesson.,우리는 수업 중 자연에 대해 이야기했다.,미학습
기타,weather,[명사] 날씨,We talked about weather during the lesson.,우리는 수업 중 날씨에 대해 이야기했다.,미학습
기타,season,[명사] 계절,We talked about season during the lesson.,우리는 수업 중 계절에 대해 이야기했다.,미학습
기타,spring,[명사] 봄,We talked about spring during the lesson.,우리는 수업 중 봄에 대해 이야기했다.,미학습
기타,summer,[명사] 여름,We talked about summer during the lesson.,우리는 수업 중 여름에 대해 이야기했다.,미학습
기타,autumn,[명사] 가을,We talked about autumn during the lesson.,우리는 수업 중 가을에 대해 이야기했다.,미학습
기타,winter,[명사] 겨울,We talked about winter during the lesson.,우리는 수업 중 겨울에 대해 이야기했다.,미학습
기타,law,[명사] 법,We talked about law during the lesson.,우리는 수업 중 법에 대해 이야기했다.,미학습
기타,rule,[명사] 규칙,We talked about rule during the lesson.,우리는 수업 중 규칙에 대해 이야기했다.,미학습
기타,right,[명사] 권리,We talked about right during the lesson.,우리는 수업 중 권리에 대해 이야기했다.,미학습
기타,duty,[명사] 의무,We talked about duty during the lesson.,우리는 수업 중 의무에 대해 이야기했다.,미학습
기타,peace,[명사] 평화,We talked about peace during the lesson.,우리는 수업 중 평화에 대해 이야기했다.,미학습
기타,war,[명사] 전쟁,We talked about war during the lesson.,우리는 수업 중 전쟁에 대해 이야기했다.,미학습
기타,policy,[명사] 정책,We talked about policy during the lesson.,우리는 수업 중 정책에 대해 이야기했다.,미학습
기타,society,[명사] 사회,We talked about society during the lesson.,우리는 수업 중 사회에 대해 이야기했다.,미학습
기타,community,[명사] 공동체,We talked about community during the lesson.,우리는 수업 중 공동체에 대해 이야기했다.,미학습
기타,group,[명사] 집단,We talked about group during the lesson.,우리는 수업 중 집단에 대해 이야기했다.,미학습
기타,public,[명사] 대중,We talked about public during the lesson.,우리는 수업 중 대중에 대해 이야기했다.,미학습
기타,marketplace,[명사] 시장,We talked about marketplace during the lesson.,우리는 수업 중 시장에 대해 이야기했다.,미학습
기타,industry,[명사] 산업,We talked about industry during the lesson.,우리는 수업 중 산업에 대해 이야기했다.,미학습
기타,technology,[명사] 기술,We talked about technology during the lesson.,우리는 수업 중 기술에 대해 이야기했다.,미학습
기타,design,[명사] 설계,We talked about design during the lesson.,우리는 수업 중 설계에 대해 이야기했다.,미학습
기타,model,[명사] 모형,We talked about model during the lesson.,우리는 수업 중 모형에 대해 이야기했다.,미학습
기타,sample,[명사] 견본,We talked about sample during the lesson.,우리는 수업 중 견본에 대해 이야기했다.,미학습
기타,image,[명사] 이미지,We talked about image during the lesson.,우리는 수업 중 이미지에 대해 이야기했다.,미학습
기타,dream,[명사] 꿈,We talked about dream during the lesson.,우리는 수업 중 꿈에 대해 이야기했다.,미학습
기타,hope,[명사] 희망,We talked about hope during the lesson.,우리는 수업 중 희망에 대해 이야기했다.,미학습
기타,fear,[명사] 두려움,We talked about fear during the lesson.,우리는 수업 중 두려움에 대해 이야기했다.,미학습
기타,love,[명사] 사랑,We talked about love during the lesson.,우리는 수업 중 사랑에 대해 이야기했다.,미학습
기타,hate,[명사] 증오,We talked about hate during the lesson.,우리는 수업 중 증오에 대해 이야기했다.,미학습
기타,joy,[명사] 기쁨,We talked about joy during the lesson.,우리는 수업 중 기쁨에 대해 이야기했다.,미학습
기타,anger,[명사] 분노,We talked about anger during the lesson.,우리는 수업 중 분노에 대해 이야기했다.,학습 중
기타,sadness,[명사] 슬픔,We talked about sadness during the lesson.,우리는 수업 중 슬픔에 대해 이야기했다.,미학습
기타,truth,[명사] 진실,We talked about truth during the lesson.,우리는 수업 중 진실에 대해 이야기했다.,미학습
기타,fact,[명사] 사실,We talked about fact during the lesson.,우리는 수업 중 사실에 대해 이야기했다.,미학습
기타,opinion,[명사] 의견,We talked about opinion during the lesson.,우리는 수업 중 의견에 대해 이야기했다.,미학습
기타,advice,[명사] 조언,We talked about advice during the lesson.,우리는 수업 중 조언에 대해 이야기했다.,미학습
기타,be,[동사] 이다,I want to be calm today.,나는 오늘 차분해지고 싶다.,미학습
기타,have,[동사] 가지다,I have a clear goal today.,나는 오늘 명확한 목표를 가지고 있다.,미학습
기타,do,[동사] 하다,We do the task together.,우리는 그 일을 함께 한다.,미학습
기타,make,[동사] 만들다,They make a useful plan.,그들은 유용한 계획을 만든다.,미학습
기타,get,[동사] 얻다,I get help from a friend.,나는 친구에게서 도움을 얻는다.,미학습
기타,go,[동사] 가다,We go to school in the morning.,우리는 아침에 학교에 간다.,미학습
기타,come,[동사] 오다,Please come to the office early.,사무실에 일찍 오세요.,미학습
기타,see,[동사] 보다,Learners practice how to see in English.,학습자는 영어로 보다 방법을 연습한다.,미학습
기타,look,[동사] 보다,Learners practice how to look in English.,학습자는 영어로 보다 방법을 연습한다.,미학습
기타,hear,[동사] 듣다,Learners practice how to hear in English.,학습자는 영어로 듣다 방법을 연습한다.,미학습
기타,listen,[동사] 듣다,Learners practice how to listen in English.,학습자는 영어로 듣다 방법을 연습한다.,미학습
기타,speak,[동사] 말하다,Learners practice how to speak in English.,학습자는 영어로 말하다 방법을 연습한다.,미학습
기타,say,[동사] 말하다,Please say the word clearly.,그 단어를 명확하게 말하세요.,미학습
기타,tell,[동사] 말하다,I will tell the story tomorrow.,나는 내일 그 이야기를 말할 것이다.,미학습
기타,ask,[동사] 묻다,Students ask a question in class.,학생들은 수업에서 질문을 한다.,미학습
기타,read,[동사] 읽다,I read a book every night.,나는 매일 밤 책을 읽는다.,미학습
기타,write,[동사] 쓰다,She will write a short letter.,그녀는 짧은 편지를 쓸 것이다.,미학습
기타,learn,[동사] 배우다,Learners practice how to learn in English.,학습자는 영어로 배우다 방법을 연습한다.,미학습
기타,teach,[동사] 가르치다,Learners practice how to teach in English.,학습자는 영어로 가르치다 방법을 연습한다.,미학습
기타,know,[동사] 알다,Learners practice how to know in English.,학습자는 영어로 알다 방법을 연습한다.,미학습
기타,think,[동사] 생각하다,Learners practice how to think in English.,학습자는 영어로 생각하다 방법을 연습한다.,미학습
기타,feel,[동사] 느끼다,Learners practice how to feel in English.,학습자는 영어로 느끼다 방법을 연습한다.,미학습
기타,believe,[동사] 믿다,Learners practice how to believe in English.,학습자는 영어로 믿다 방법을 연습한다.,미학습
기타,remember,[동사] 기억하다,Learners practice how to remember in English.,학습자는 영어로 기억하다 방법을 연습한다.,미학습
기타,forget,[동사] 잊다,Learners practice how to forget in English.,학습자는 영어로 잊다 방법을 연습한다.,미학습
기타,understand,[동사] 이해하다,Learners practice how to understand in English.,학습자는 영어로 이해하다 방법을 연습한다.,미학습
기타,try,[동사] 시도하다,Learners practice how to try in English.,학습자는 영어로 시도하다 방법을 연습한다.,미학습
기타,use,[동사] 사용하다,Learners practice how to use in English.,학습자는 영어로 사용하다 방법을 연습한다.,미학습
기타,want,[동사] 원하다,Learners practice how to want in English.,학습자는 영어로 원하다 방법을 연습한다.,미학습
기타,like,[동사] 좋아하다,Learners practice how to like in English.,학습자는 영어로 좋아하다 방법을 연습한다.,미학습
기타,play,[동사] 놀다,Learners practice how to play in English.,학습자는 영어로 놀다 방법을 연습한다.,미학습
기타,run,[동사] 달리다,Learners practice how to run in English.,학습자는 영어로 달리다 방법을 연습한다.,미학습
기타,walk,[동사] 걷다,Learners practice how to walk in English.,학습자는 영어로 걷다 방법을 연습한다.,미학습
기타,stand,[동사] 서다,Learners practice how to stand in English.,학습자는 영어로 서다 방법을 연습한다.,미학습
기타,sit,[동사] 앉다,Learners practice how to sit in English.,학습자는 영어로 앉다 방법을 연습한다.,미학습
기타,sleep,[동사] 자다,Learners practice how to sleep in English.,학습자는 영어로 자다 방법을 연습한다.,미학습
기타,wake,[동사] 깨다,Learners practice how to wake in English.,학습자는 영어로 깨다 방법을 연습한다.,미학습
기타,eat,[동사] 먹다,We eat dinner at home.,우리는 집에서 저녁을 먹는다.,미학습
기타,drink,[동사] 마시다,I drink water after exercise.,나는 운동 후에 물을 마신다.,미학습
기타,cook,[동사] 요리하다,Learners practice how to cook in English.,학습자는 영어로 요리하다 방법을 연습한다.,미학습
기타,buy,[동사] 사다,Learners practice how to buy in English.,학습자는 영어로 사다 방법을 연습한다.,미학습
기타,sell,[동사] 팔다,Learners practice how to sell in English.,학습자는 영어로 팔다 방법을 연습한다.,미학습
기타,pay,[동사] 지불하다,Learners practice how to pay in English.,학습자는 영어로 지불하다 방법을 연습한다.,미학습
기타,spend,[동사] 쓰다,Learners practice how to spend in English.,학습자는 영어로 쓰다 방법을 연습한다.,미학습
기타,save,[동사] 저축하다,Learners practice how to save in English.,학습자는 영어로 저축하다 방법을 연습한다.,미학습
기타,give,[동사] 주다,Learners practice how to give in English.,학습자는 영어로 주다 방법을 연습한다.,미학습
기타,take,[동사] 가져가다,Learners practice how to take in English.,학습자는 영어로 가져가다 방법을 연습한다.,미학습
기타,bring,[동사] 가져오다,Learners practice how to bring in English.,학습자는 영어로 가져오다 방법을 연습한다.,미학습
기타,send,[동사] 보내다,Learners practice how to send in English.,학습자는 영어로 보내다 방법을 연습한다.,미학습
기타,receive,[동사] 받다,Learners practice how to receive in English.,학습자는 영어로 받다 방법을 연습한다.,미학습
기타,open,[동사] 열다,Learners practice how to open in English.,학습자는 영어로 열다 방법을 연습한다.,미학습
기타,close,[동사] 닫다,Learners practice how to close in English.,학습자는 영어로 닫다 방법을 연습한다.,미학습
기타,start,[동사] 시작하다,Learners practice how to start in English.,학습자는 영어로 시작하다 방법을 연습한다.,미학습
기타,finish,[동사] 끝내다,Learners practice how to finish in English.,학습자는 영어로 끝내다 방법을 연습한다.,미학습
기타,stop,[동사] 멈추다,Learners practice how to stop in English.,학습자는 영어로 멈추다 방법을 연습한다.,미학습
기타,move,[동사] 움직이다,Learners practice how to move in English.,학습자는 영어로 움직이다 방법을 연습한다.,미학습
기타,turn,[동사] 돌리다,Learners practice how to turn in English.,학습자는 영어로 돌리다 방법을 연습한다.,미학습
기타,follow,[동사] 따르다,Learners practice how to follow in English.,학습자는 영어로 따르다 방법을 연습한다.,미학습
기타,lead,[동사] 이끌다,Learners practice how to lead in English.,학습자는 영어로 이끌다 방법을 연습한다.,미학습
기타,meet,[동사] 만나다,Learners practice how to meet in English.,학습자는 영어로 만나다 방법을 연습한다.,미학습
기타,join,[동사] 가입하다,Learners practice how to join in English.,학습자는 영어로 가입하다 방법을 연습한다.,미학습
기타,leave,[동사] 떠나다,Learners practice how to leave in English.,학습자는 영어로 떠나다 방법을 연습한다.,미학습
기타,arrive,[동사] 도착하다,Learners practice how to arrive in English.,학습자는 영어로 도착하다 방법을 연습한다.,미학습
기타,visit,[동사] 방문하다,Learners practice how to visit in English.,학습자는 영어로 방문하다 방법을 연습한다.,미학습
기타,call,[동사] 부르다,Learners practice how to call in English.,학습자는 영어로 부르다 방법을 연습한다.,미학습
기타,contact,[동사] 연락하다,Learners practice how to contact in English.,학습자는 영어로 연락하다 방법을 연습한다.,미학습
기타,check,[동사] 확인하다,Learners practice how to check in English.,학습자는 영어로 확인하다 방법을 연습한다.,미학습
기타,choose,[동사] 선택하다,Learners practice how to choose in English.,학습자는 영어로 선택하다 방법을 연습한다.,미학습
기타,decide,[동사] 결정하다,Learners practice how to decide in English.,학습자는 영어로 결정하다 방법을 연습한다.,미학습
기타,grow,[동사] 자라다,Learners practice how to grow in English.,학습자는 영어로 자라다 방법을 연습한다.,미학습
기타,build,[동사] 짓다,Learners practice how to build in English.,학습자는 영어로 짓다 방법을 연습한다.,미학습
기타,create,[동사] 창조하다,Learners practice how to create in English.,학습자는 영어로 창조하다 방법을 연습한다.,미학습
기타,develop,[동사] 개발하다,Learners practice how to develop in English.,학습자는 영어로 개발하다 방법을 연습한다.,미학습
기타,improve,[동사] 개선하다,Learners practice how to improve in English.,학습자는 영어로 개선하다 방법을 연습한다.,미학습
기타,reduce,[동사] 줄이다,Learners practice how to reduce in English.,학습자는 영어로 줄이다 방법을 연습한다.,미학습
기타,increase,[동사] 증가시키다,Learners practice how to increase in English.,학습자는 영어로 증가시키다 방법을 연습한다.,미학습
기타,compare,[동사] 비교하다,Learners practice how to compare in English.,학습자는 영어로 비교하다 방법을 연습한다.,미학습
기타,explain,[동사] 설명하다,Learners practice how to explain in English.,학습자는 영어로 설명하다 방법을 연습한다.,미학습
기타,describe,[동사] 묘사하다,Learners practice how to describe in English.,학습자는 영어로 묘사하다 방법을 연습한다.,미학습
기타,discuss,[동사] 논의하다,Learners practice how to discuss in English.,학습자는 영어로 논의하다 방법을 연습한다.,미학습
기타,agree,[동사] 동의하다,Learners practice how to agree in English.,학습자는 영어로 동의하다 방법을 연습한다.,미학습
기타,prepare,[동사] 준비하다,Learners practice how to prepare in English.,학습자는 영어로 준비하다 방법을 연습한다.,미학습
기타,manage,[동사] 관리하다,Learners practice how to manage in English.,학습자는 영어로 관리하다 방법을 연습한다.,미학습
기타,protect,[동사] 보호하다,Learners practice how to protect in English.,학습자는 영어로 보호하다 방법을 연습한다.,미학습
기타,serve,[동사] 제공하다,Learners practice how to serve in English.,학습자는 영어로 제공하다 방법을 연습한다.,미학습
기타,produce,[동사] 생산하다,Learners practice how to produce in English.,학습자는 영어로 생산하다 방법을 연습한다.,미학습
기타,deliver,[동사] 배달하다,Learners practice how to deliver in English.,학습자는 영어로 배달하다 방법을 연습한다.,미학습
기타,find,[동사] 찾다,Learners practice how to find in English.,학습자는 영어로 찾다 방법을 연습한다.,미학습
기타,lose,[동사] 잃다,Learners practice how to lose in English.,학습자는 영어로 잃다 방법을 연습한다.,미학습
기타,keep,[동사] 유지하다,Learners practice how to keep in English.,학습자는 영어로 유지하다 방법을 연습한다.,미학습
기타,hold,[동사] 잡다,Learners practice how to hold in English.,학습자는 영어로 잡다 방법을 연습한다.,미학습
기타,carry,[동사] 나르다,Learners practice how to carry in English.,학습자는 영어로 나르다 방법을 연습한다.,학습 중
기타,drive,[동사] 운전하다,Learners practice how to drive in English.,학습자는 영어로 운전하다 방법을 연습한다.,미학습
기타,fly,[동사] 날다,Learners practice how to fly in English.,학습자는 영어로 날다 방법을 연습한다.,미학습
기타,swim,[동사] 수영하다,Learners practice how to swim in English.,학습자는 영어로 수영하다 방법을 연습한다.,미학습
기타,draw,[동사] 그리다,Learners practice how to draw in English.,학습자는 영어로 그리다 방법을 연습한다.,미학습
기타,paint,[동사] 칠하다,Learners practice how to paint in English.,학습자는 영어로 칠하다 방법을 연습한다.,미학습
기타,sing,[동사] 노래하다,Learners practice how to sing in English.,학습자는 영어로 노래하다 방법을 연습한다.,미학습
기타,dance,[동사] 춤추다,Learners practice how to dance in English.,학습자는 영어로 춤추다 방법을 연습한다.,미학습
기타,laugh,[동사] 웃다,Learners practice how to laugh in English.,학습자는 영어로 웃다 방법을 연습한다.,미학습
기타,cry,[동사] 울다,Learners practice how to cry in English.,학습자는 영어로 울다 방법을 연습한다.,미학습
기타,wait,[동사] 기다리다,Learners practice how to wait in English.,학습자는 영어로 기다리다 방법을 연습한다.,미학습
기타,rest,[동사] 쉬다,Learners practice how to rest in English.,학습자는 영어로 쉬다 방법을 연습한다.,미학습
기타,small,[형용사] 작은,The situation is small.,그 상황은 작은 상태이다.,미학습
기타,large,[형용사] 큰,The situation is large.,그 상황은 큰 상태이다.,미학습
기타,young,[형용사] 어린,The situation is young.,그 상황은 어린 상태이다.,미학습
기타,old,[형용사] 나이든,The situation is old.,그 상황은 나이든 상태이다.,미학습
기타,new,[형용사] 새로운,The situation is new.,그 상황은 새로운 상태이다.,미학습
기타,early,[형용사] 이른,The situation is early.,그 상황은 이른 상태이다.,미학습
기타,late,[형용사] 늦은,The situation is late.,그 상황은 늦은 상태이다.,미학습
기타,good,[형용사] 좋은,The situation is good.,그 상황은 좋은 상태이다.,미학습
기타,bad,[형용사] 나쁜,The situation is bad.,그 상황은 나쁜 상태이다.,미학습
기타,wrong,[형용사] 틀린,The situation is wrong.,그 상황은 틀린 상태이다.,미학습
기타,easy,[형용사] 쉬운,The situation is easy.,그 상황은 쉬운 상태이다.,미학습
기타,hard,[형용사] 어려운,The situation is hard.,그 상황은 어려운 상태이다.,미학습
기타,simple,[형용사] 단순한,The situation is simple.,그 상황은 단순한 상태이다.,미학습
기타,clear,[형용사] 명확한,The situation is clear.,그 상황은 명확한 상태이다.,미학습
기타,dark,[형용사] 어두운,The situation is dark.,그 상황은 어두운 상태이다.,미학습
기타,bright,[형용사] 밝은,The situation is bright.,그 상황은 밝은 상태이다.,미학습
기타,hot,[형용사] 뜨거운,The situation is hot.,그 상황은 뜨거운 상태이다.,미학습
기타,cold,[형용사] 차가운,The situation is cold.,그 상황은 차가운 상태이다.,미학습
기타,warm,[형용사] 따뜻한,The situation is warm.,그 상황은 따뜻한 상태이다.,미학습
기타,cool,[형용사] 시원한,The situation is cool.,그 상황은 시원한 상태이다.,미학습
기타,fast,[형용사] 빠른,The situation is fast.,그 상황은 빠른 상태이다.,미학습
기타,slow,[형용사] 느린,The situation is slow.,그 상황은 느린 상태이다.,미학습
기타,high,[형용사] 높은,The situation is high.,그 상황은 높은 상태이다.,미학습
기타,low,[형용사] 낮은,The situation is low.,그 상황은 낮은 상태이다.,미학습
기타,short,[형용사] 짧은,The situation is short.,그 상황은 짧은 상태이다.,미학습
기타,long,[형용사] 긴,The situation is long.,그 상황은 긴 상태이다.,미학습
기타,strong,[형용사] 강한,The situation is strong.,그 상황은 강한 상태이다.,미학습
기타,weak,[형용사] 약한,The situation is weak.,그 상황은 약한 상태이다.,미학습
기타,clean,[형용사] 깨끗한,The situation is clean.,그 상황은 깨끗한 상태이다.,미학습
기타,dirty,[형용사] 더러운,The situation is dirty.,그 상황은 더러운 상태이다.,미학습
기타,safe,[형용사] 안전한,The situation is safe.,그 상황은 안전한 상태이다.,미학습
기타,dangerous,[형용사] 위험한,The situation is dangerous.,그 상황은 위험한 상태이다.,미학습
기타,healthy,[형용사] 건강한,The situation is healthy.,그 상황은 건강한 상태이다.,미학습
기타,sick,[형용사] 아픈,The situation is sick.,그 상황은 아픈 상태이다.,미학습
기타,happy,[형용사] 행복한,The situation is happy.,그 상황은 행복한 상태이다.,미학습
기타,sad,[형용사] 슬픈,The situation is sad.,그 상황은 슬픈 상태이다.,미학습
기타,angry,[형용사] 화난,The situation is angry.,그 상황은 화난 상태이다.,미학습
기타,afraid,[형용사] 두려운,The situation is afraid.,그 상황은 두려운 상태이다.,미학습
기타,busy,[형용사] 바쁜,The situation is busy.,그 상황은 바쁜 상태이다.,미학습
기타,free,[형용사] 자유로운,The situation is free.,그 상황은 자유로운 상태이다.,미학습
기타,ready,[형용사] 준비된,The situation is ready.,그 상황은 준비된 상태이다.,미학습
기타,able,[형용사] 할 수 있는,The situation is able.,그 상황은 할 수 있는 상태이다.,미학습
기타,polite,[형용사] 공손한,The situation is polite.,그 상황은 공손한 상태이다.,미학습
기타,quiet,[형용사] 조용한,The situation is quiet.,그 상황은 조용한 상태이다.,미학습
기타,loud,[형용사] 시끄러운,The situation is loud.,그 상황은 시끄러운 상태이다.,미학습
기타,rich,[형용사] 부유한,The situation is rich.,그 상황은 부유한 상태이다.,미학습
기타,poor,[형용사] 가난한,The situation is poor.,그 상황은 가난한 상태이다.,미학습
기타,full,[형용사] 가득 찬,The situation is full.,그 상황은 가득 찬 상태이다.,미학습
기타,empty,[형용사] 빈,The situation is empty.,그 상황은 빈 상태이다.,미학습
기타,heavy,[형용사] 무거운,The situation is heavy.,그 상황은 무거운 상태이다.,미학습
기타,beautiful,[형용사] 아름다운,The situation is beautiful.,그 상황은 아름다운 상태이다.,미학습
기타,ugly,[형용사] 못생긴,The situation is ugly.,그 상황은 못생긴 상태이다.,미학습
기타,important,[형용사] 중요한,The situation is important.,그 상황은 중요한 상태이다.,미학습
기타,useful,[형용사] 유용한,The situation is useful.,그 상황은 유용한 상태이다.,미학습
기타,special,[형용사] 특별한,The situation is special.,그 상황은 특별한 상태이다.,미학습
기타,common,[형용사] 흔한,The situation is common.,그 상황은 흔한 상태이다.,미학습
기타,private,[형용사] 사적인,The situation is private.,그 상황은 사적인 상태이다.,미학습
기타,local,[형용사] 지역의,The situation is local.,그 상황은 지역의 상태이다.,미학습
기타,global,[형용사] 세계적인,The situation is global.,그 상황은 세계적인 상태이다.,미학습
기타,basic,[형용사] 기본적인,The situation is basic.,그 상황은 기본적인 상태이다.,미학습
기타,advanced,[형용사] 고급의,The situation is advanced.,그 상황은 고급의 상태이다.,미학습
기타,natural,[형용사] 자연의,The situation is natural.,그 상황은 자연의 상태이다.,미학습
기타,modern,[형용사] 현대의,The situation is modern.,그 상황은 현대의 상태이다.,미학습
기타,quick,[형용사] 빠른,The situation is quick.,그 상황은 빠른 상태이다.,미학습
기타,careful,[형용사] 주의 깊은,The situation is careful.,그 상황은 주의 깊은 상태이다.,미학습
기타,possible,[형용사] 가능한,The situation is possible.,그 상황은 가능한 상태이다.,미학습
기타,main,[형용사] 주요한,The situation is main.,그 상황은 주요한 상태이다.,미학습
기타,final,[형용사] 최종의,The situation is final.,그 상황은 최종의 상태이다.,미학습
기타,daily,[형용사] 매일의,The situation is daily.,그 상황은 매일의 상태이다.,미학습
기타,weekly,[형용사] 매주의,The situation is weekly.,그 상황은 매주의 상태이다.,미학습
기타,monthly,[형용사] 매월의,The situation is monthly.,그 상황은 매월의 상태이다.,미학습
기타,accurate,[형용사] 정확한,The situation is accurate.,그 상황은 정확한 상태이다.,미학습
기타,active,[형용사] 활동적인,The situation is active.,그 상황은 활동적인 상태이다.,미학습
기타,calm,[형용사] 차분한,The situation is calm.,그 상황은 차분한 상태이다.,미학습
기타,eager,[형용사] 열망하는,The situation is eager.,그 상황은 열망하는 상태이다.,미학습
기타,creative,[형용사] 창의적인,The situation is creative.,그 상황은 창의적인 상태이다.,미학습
기타,usually,[부사] 보통,She worked usually today.,그녀는 오늘 보통 일했다.,미학습
기타,often,[부사] 자주,She worked often today.,그녀는 오늘 자주 일했다.,미학습
기타,always,[부사] 항상,She worked always today.,그녀는 오늘 항상 일했다.,미학습
기타,never,[부사] 결코,She worked never today.,그녀는 오늘 결코 일했다.,미학습
기타,sometimes,[부사] 가끔,She worked sometimes today.,그녀는 오늘 가끔 일했다.,미학습
기타,quickly,[부사] 빨리,She worked quickly today.,그녀는 오늘 빨리 일했다.,미학습
기타,slowly,[부사] 천천히,She worked slowly today.,그녀는 오늘 천천히 일했다.,미학습
기타,carefully,[부사] 조심스럽게,She worked carefully today.,그녀는 오늘 조심스럽게 일했다.,미학습
기타,clearly,[부사] 명확하게,She worked clearly today.,그녀는 오늘 명확하게 일했다.,미학습
기타,easily,[부사] 쉽게,She worked easily today.,그녀는 오늘 쉽게 일했다.,미학습
